DATA;Indicador;qte;FX_ATRASO;TIPO_ORIGEM;MesAbreviado;nr_dia_util;quartil;dt_mes;VALOR
2025-11-03;Contrato;581,0;Preventivo;;Nov;1;Q4;11;46359,56
2025-11-03;Contrato;27974,0;0-30;;Nov;1;Q4;11;1669892,7
2025-11-03;Contrato;7934,0;31-60;;Nov;1;Q4;11;878430,72
2025-11-03;Contrato;14992,0;61-90;;Nov;1;Q4;11;4697961,319999999
2025-11-03;Contrato;11087,0;91-120;;Nov;1;Q4;11;1363736,1
2025-11-03;Contrato;6832,0;121-150;;Nov;1;Q4;11;2260348,71
2025-11-03;Contrato;7794,0;151-180;;Nov;1;Q4;11;2784734,2199999997
2025-11-03;Contrato;71183,0;181-360;;Nov;1;Q4;11;19547466,16
2025-11-03;Contrato;94080,0;361-720;;Nov;1;Q4;11;41422306,64
2025-11-03;Contrato;15542,0;Maior 720;;Nov;1;Q4;11;3410910,54
2025-11-03;Carteira (CPFs);581,0;Preventivo;;Nov;1;Q4;11;46359,56
2025-11-03;Carteira (CPFs);27958,0;0-30;;Nov;1;Q4;11;1669249,2
2025-11-03;Carteira (CPFs);7930,0;31-60;;Nov;1;Q4;11;877600,12
2025-11-03;Carteira (CPFs);14988,0;61-90;;Nov;1;Q4;11;4696522,92
2025-11-03;Carteira (CPFs);11087,0;91-120;;Nov;1;Q4;11;1363736,1
2025-11-03;Carteira (CPFs);6830,0;121-150;;Nov;1;Q4;11;2258431,11
2025-11-03;Carteira (CPFs);7794,0;151-180;;Nov;1;Q4;11;2784734,2199999997
2025-11-03;Carteira (CPFs);71170,0;181-360;;Nov;1;Q4;11;19545363,95
2025-11-03;Carteira (CPFs);93924,0;361-720;;Nov;1;Q4;11;41291068,49
2025-11-03;Carteira (CPFs);15197,0;Maior 720;;Nov;1;Q4;11;3372979,4
2025-11-04;Contrato;837,0;Preventivo;;Nov;2;Q4;11;67908,66
2025-11-04;Contrato;28603,0;0-30;;Nov;2;Q4;11;1717733,73
2025-11-04;Contrato;8068,0;31-60;;Nov;2;Q4;11;892718,36
2025-11-04;Contrato;15021,0;61-90;;Nov;2;Q4;11;4702878,88
2025-11-04;Contrato;11121,0;91-120;;Nov;2;Q4;11;1366278,32
2025-11-04;Contrato;6862,0;121-150;;Nov;2;Q4;11;2264453,25
2025-11-04;Contrato;8421,0;151-180;;Nov;2;Q4;11;3115879,42
2025-11-04;Contrato;71195,0;181-360;;Nov;2;Q4;11;19550591,8
2025-11-04;Contrato;94094,0;361-720;;Nov;2;Q4;11;41424753,51
2025-11-04;Contrato;15545,0;Maior 720;;Nov;2;Q4;11;3411857,93
2025-11-04;Carteira (CPFs);837,0;Preventivo;;Nov;2;Q4;11;67908,66
2025-11-04;Carteira (CPFs);28587,0;0-30;;Nov;2;Q4;11;1717003,4000000001
2025-11-04;Carteira (CPFs);8064,0;31-60;;Nov;2;Q4;11;892127,4600000001
2025-11-04;Carteira (CPFs);15017,0;61-90;;Nov;2;Q4;11;4701440,4799999995
2025-11-04;Carteira (CPFs);11121,0;91-120;;Nov;2;Q4;11;1366278,32
2025-11-04;Carteira (CPFs);6860,0;121-150;;Nov;2;Q4;11;2262535,65
2025-11-04;Carteira (CPFs);8421,0;151-180;;Nov;2;Q4;11;3115879,42
2025-11-04;Carteira (CPFs);71182,0;181-360;;Nov;2;Q4;11;19548261,16
2025-11-04;Carteira (CPFs);93938,0;361-720;;Nov;2;Q4;11;41294377,84
2025-11-04;Carteira (CPFs);15200,0;Maior 720;;Nov;2;Q4;11;3374051,19
2025-11-05;Contrato;961,0;Preventivo;;Nov;3;Q4;11;82161,41
2025-11-05;Contrato;29761,0;0-30;;Nov;3;Q4;11;1918541,97
2025-11-05;Contrato;8213,0;31-60;;Nov;3;Q4;11;906160,26
2025-11-05;Contrato;15084,0;61-90;;Nov;3;Q4;11;4714339,13
2025-11-05;Contrato;11154,0;91-120;;Nov;3;Q4;11;1369926,6400000001
2025-11-05;Contrato;6870,0;121-150;;Nov;3;Q4;11;2266181,41
2025-11-05;Contrato;8422,0;151-180;;Nov;3;Q4;11;3116518,7199999997
2025-11-05;Contrato;74057,0;181-360;;Nov;3;Q4;11;20070746,89
2025-11-05;Contrato;94136,0;361-720;;Nov;3;Q4;11;41429870,85
2025-11-05;Contrato;15545,0;Maior 720;;Nov;3;Q4;11;3411857,93
2025-11-05;Carteira (CPFs);961,0;Preventivo;;Nov;3;Q4;11;82161,41
2025-11-05;Carteira (CPFs);29744,0;0-30;;Nov;3;Q4;11;1917781,98
2025-11-05;Carteira (CPFs);8209,0;31-60;;Nov;3;Q4;11;905569,36
2025-11-05;Carteira (CPFs);15080,0;61-90;;Nov;3;Q4;11;4713460,13
2025-11-05;Carteira (CPFs);11154,0;91-120;;Nov;3;Q4;11;1369926,6400000001
2025-11-05;Carteira (CPFs);6868,0;121-150;;Nov;3;Q4;11;2264277,94
2025-11-05;Carteira (CPFs);8422,0;151-180;;Nov;3;Q4;11;3116518,7199999997
2025-11-05;Carteira (CPFs);74044,0;181-360;;Nov;3;Q4;11;20067309,85
2025-11-05;Carteira (CPFs);93980,0;361-720;;Nov;3;Q4;11;41298236,96
2025-11-05;Carteira (CPFs);15200,0;Maior 720;;Nov;3;Q4;11;3373974,32
2025-11-06;Contrato;1009,0;Preventivo;;Nov;4;Q4;11;86651,33
2025-11-06;Contrato;30541,0;0-30;;Nov;4;Q4;11;2078054,05
2025-11-06;Contrato;8302,0;31-60;;Nov;4;Q4;11;918882,2100000001
2025-11-06;Contrato;15141,0;61-90;;Nov;4;Q4;11;4729519,3
2025-11-06;Contrato;11190,0;91-120;;Nov;4;Q4;11;1372713,76
2025-11-06;Contrato;6912,0;121-150;;Nov;4;Q4;11;2267687,29
2025-11-06;Contrato;11827,0;151-180;;Nov;4;Q4;11;3795258,6199999996
2025-11-06;Contrato;74160,0;181-360;;Nov;4;Q4;11;20134806,41
2025-11-06;Contrato;94143,0;361-720;;Nov;4;Q4;11;41430215,86
2025-11-06;Contrato;15563,0;Maior 720;;Nov;4;Q4;11;3422389,61
2025-11-06;Carteira (CPFs);1009,0;Preventivo;;Nov;4;Q4;11;86651,33
2025-11-06;Carteira (CPFs);30521,0;0-30;;Nov;4;Q4;11;2076954,4200000002
2025-11-06;Carteira (CPFs);8298,0;31-60;;Nov;4;Q4;11;917923,41
2025-11-06;Carteira (CPFs);15137,0;61-90;;Nov;4;Q4;11;4728080,899999999
2025-11-06;Carteira (CPFs);11190,0;91-120;;Nov;4;Q4;11;1372713,76
2025-11-06;Carteira (CPFs);6910,0;121-150;;Nov;4;Q4;11;2265769,69
2025-11-06;Carteira (CPFs);11825,0;151-180;;Nov;4;Q4;11;3793341,02
2025-11-06;Carteira (CPFs);74147,0;181-360;;Nov;4;Q4;11;20132445,63
2025-11-06;Carteira (CPFs);93987,0;361-720;;Nov;4;Q4;11;41299846,54
2025-11-06;Carteira (CPFs);15218,0;Maior 720;;Nov;4;Q4;11;3384625,91
2025-11-07;Contrato;1347,0;Preventivo;;Nov;5;Q4;11;112030,84
2025-11-07;Contrato;30796,0;0-30;;Nov;5;Q4;11;2095020,55
2025-11-07;Contrato;8441,0;31-60;;Nov;5;Q4;11;934233,5
2025-11-07;Contrato;15164,0;61-90;;Nov;5;Q4;11;4732303,84
2025-11-07;Contrato;15896,0;91-120;;Nov;5;Q4;11;1849291,6300000001
2025-11-07;Contrato;6936,0;121-150;;Nov;5;Q4;11;2269214,36
2025-11-07;Contrato;11834,0;151-180;;Nov;5;Q4;11;3795911,55
2025-11-07;Contrato;74183,0;181-360;;Nov;5;Q4;11;20141003,39
2025-11-07;Contrato;94153,0;361-720;;Nov;5;Q4;11;41432235,11
2025-11-07;Contrato;15565,0;Maior 720;;Nov;5;Q4;11;3422550,93
2025-11-07;Carteira (CPFs);1347,0;Preventivo;;Nov;5;Q4;11;112030,84
2025-11-07;Carteira (CPFs);30773,0;0-30;;Nov;5;Q4;11;2093666,31
2025-11-07;Carteira (CPFs);8437,0;31-60;;Nov;5;Q4;11;933274,7000000001
2025-11-07;Carteira (CPFs);15160,0;61-90;;Nov;5;Q4;11;4731424,84
2025-11-07;Carteira (CPFs);15893,0;91-120;;Nov;5;Q4;11;1848972,03
2025-11-07;Carteira (CPFs);6934,0;121-150;;Nov;5;Q4;11;2267296,76
2025-11-07;Carteira (CPFs);11832,0;151-180;;Nov;5;Q4;11;3793993,9499999997
2025-11-07;Carteira (CPFs);74170,0;181-360;;Nov;5;Q4;11;20138851,419999998
2025-11-07;Carteira (CPFs);93997,0;361-720;;Nov;5;Q4;11;41301668,39
2025-11-07;Carteira (CPFs);15220,0;Maior 720;;Nov;5;Q4;11;3384740,06
2025-11-10;Contrato;1620,0;Preventivo;;Nov;6;Q4;11;135564,57
2025-11-10;Contrato;30950,0;0-30;;Nov;6;Q4;11;2106532,3200000003
2025-11-10;Contrato;30551,0;31-60;;Nov;6;Q4;11;2363634,09
2025-11-10;Contrato;20624,0;61-90;;Nov;6;Q4;11;5228942,899999999
2025-11-10;Contrato;19453,0;91-120;;Nov;6;Q4;11;2638668,55
2025-11-10;Contrato;17363,0;121-150;;Nov;6;Q4;11;3442764,54
2025-11-10;Contrato;13423,0;151-180;;Nov;6;Q4;11;4450221,79
2025-11-10;Contrato;78147,0;181-360;;Nov;6;Q4;11;20466241,34
2025-11-10;Contrato;104830,0;361-720;;Nov;6;Q4;11;44527881,07
2025-11-10;Contrato;15594,0;Maior 720;;Nov;6;Q4;11;3431666,6
2025-11-10;Carteira (CPFs);1620,0;Preventivo;;Nov;6;Q4;11;135564,57
2025-11-10;Carteira (CPFs);30927,0;0-30;;Nov;6;Q4;11;2105166,77
2025-11-10;Carteira (CPFs);30532,0;31-60;;Nov;6;Q4;11;2361867,35
2025-11-10;Carteira (CPFs);20618,0;61-90;;Nov;6;Q4;11;5227288,3
2025-11-10;Carteira (CPFs);19450,0;91-120;;Nov;6;Q4;11;2638348,95
2025-11-10;Carteira (CPFs);17361,0;121-150;;Nov;6;Q4;11;3440861,07
2025-11-10;Carteira (CPFs);13421,0;151-180;;Nov;6;Q4;11;4448304,1899999995
2025-11-10;Carteira (CPFs);78134,0;181-360;;Nov;6;Q4;11;20462553,8
2025-11-10;Carteira (CPFs);104667,0;361-720;;Nov;6;Q4;11;44396013,01
2025-11-10;Carteira (CPFs);15249,0;Maior 720;;Nov;6;Q4;11;3394345,2600000002
2025-11-11;Contrato;1728,0;Preventivo;;Nov;7;Q4;11;147957,66
2025-11-11;Contrato;31184,0;0-30;;Nov;7;Q4;11;2128507,91
2025-11-11;Contrato;30696,0;31-60;;Nov;7;Q4;11;2377922,67
2025-11-11;Contrato;20663,0;61-90;;Nov;7;Q4;11;5235781,97
2025-11-11;Contrato;19457,0;91-120;;Nov;7;Q4;11;2639631,67
2025-11-11;Contrato;17367,0;121-150;;Nov;7;Q4;11;3443938,35
2025-11-11;Contrato;13423,0;151-180;;Nov;7;Q4;11;4450221,79
2025-11-11;Contrato;78179,0;181-360;;Nov;7;Q4;11;20470770,86
2025-11-11;Contrato;104842,0;361-720;;Nov;7;Q4;11;44530087,84
2025-11-11;Contrato;15594,0;Maior 720;;Nov;7;Q4;11;3431666,6
2025-11-11;Carteira (CPFs);1728,0;Preventivo;;Nov;7;Q4;11;147957,66
2025-11-11;Carteira (CPFs);31161,0;0-30;;Nov;7;Q4;11;2127156,9
2025-11-11;Carteira (CPFs);30677,0;31-60;;Nov;7;Q4;11;2376298,71
2025-11-11;Carteira (CPFs);20657,0;61-90;;Nov;7;Q4;11;5234127,37
2025-11-11;Carteira (CPFs);19454,0;91-120;;Nov;7;Q4;11;2639312,07
2025-11-11;Carteira (CPFs);17365,0;121-150;;Nov;7;Q4;11;3442034,88
2025-11-11;Carteira (CPFs);13421,0;151-180;;Nov;7;Q4;11;4448304,1899999995
2025-11-11;Carteira (CPFs);78166,0;181-360;;Nov;7;Q4;11;20467711,6
2025-11-11;Carteira (CPFs);104679,0;361-720;;Nov;7;Q4;11;44397710,18
2025-11-11;Carteira (CPFs);15249,0;Maior 720;;Nov;7;Q4;11;3393840,09
2025-11-12;Contrato;1846,0;Preventivo;;Nov;8;Q4;11;160877,83000000002
2025-11-12;Contrato;31199,0;0-30;;Nov;8;Q4;11;2130897,6
2025-11-12;Contrato;30738,0;31-60;;Nov;8;Q4;11;2383116,0300000003
2025-11-12;Contrato;20751,0;61-90;;Nov;8;Q4;11;5247157,45
2025-11-12;Contrato;21043,0;91-120;;Nov;8;Q4;11;3049493,16
2025-11-12;Contrato;17385,0;121-150;;Nov;8;Q4;11;3446552,39
2025-11-12;Contrato;13458,0;151-180;;Nov;8;Q4;11;4460158,06
2025-11-12;Contrato;78345,0;181-360;;Nov;8;Q4;11;20568876,32
2025-11-12;Contrato;104865,0;361-720;;Nov;8;Q4;11;44533380,42
2025-11-12;Contrato;15624,0;Maior 720;;Nov;8;Q4;11;3451633,18
2025-11-12;Carteira (CPFs);1846,0;Preventivo;;Nov;8;Q4;11;160877,83000000002
2025-11-12;Carteira (CPFs);31176,0;0-30;;Nov;8;Q4;11;2129532,0500000003
2025-11-12;Carteira (CPFs);30719,0;31-60;;Nov;8;Q4;11;2381702,77
2025-11-12;Carteira (CPFs);20745,0;61-90;;Nov;8;Q4;11;5245502,85
2025-11-12;Carteira (CPFs);21040,0;91-120;;Nov;8;Q4;11;3049173,56
2025-11-12;Carteira (CPFs);17383,0;121-150;;Nov;8;Q4;11;3444648,92
2025-11-12;Carteira (CPFs);13456,0;151-180;;Nov;8;Q4;11;4458254,59
2025-11-12;Carteira (CPFs);78332,0;181-360;;Nov;8;Q4;11;20565409,61
2025-11-12;Carteira (CPFs);104702,0;361-720;;Nov;8;Q4;11;44401238,47
2025-11-12;Carteira (CPFs);15279,0;Maior 720;;Nov;8;Q4;11;3413704,14
2025-11-13;Contrato;1916,0;Preventivo;;Nov;9;Q4;11;167976,46
2025-11-13;Contrato;31251,0;0-30;;Nov;9;Q4;11;2136307,97
2025-11-13;Contrato;30776,0;31-60;;Nov;9;Q4;11;2392307,73
2025-11-13;Contrato;20800,0;61-90;;Nov;9;Q4;11;5253337,33
2025-11-13;Contrato;21077,0;91-120;;Nov;9;Q4;11;3053183,96
2025-11-13;Contrato;17394,0;121-150;;Nov;9;Q4;11;3447440,32
2025-11-13;Contrato;13459,0;151-180;;Nov;9;Q4;11;4460467,55
2025-11-13;Contrato;78445,0;181-360;;Nov;9;Q4;11;20630351,82
2025-11-13;Contrato;104872,0;361-720;;Nov;9;Q4;11;44534516,47
2025-11-13;Contrato;15645,0;Maior 720;;Nov;9;Q4;11;3463223,84
2025-11-13;Carteira (CPFs);1916,0;Preventivo;;Nov;9;Q4;11;167976,46
2025-11-13;Carteira (CPFs);31228,0;0-30;;Nov;9;Q4;11;2134942,42
2025-11-13;Carteira (CPFs);30757,0;31-60;;Nov;9;Q4;11;2390617,41
2025-11-13;Carteira (CPFs);20794,0;61-90;;Nov;9;Q4;11;5251682,7299999995
2025-11-13;Carteira (CPFs);21074,0;91-120;;Nov;9;Q4;11;3052864,36
2025-11-13;Carteira (CPFs);17392,0;121-150;;Nov;9;Q4;11;3445536,85
2025-11-13;Carteira (CPFs);13457,0;151-180;;Nov;9;Q4;11;4458564,08
2025-11-13;Carteira (CPFs);78432,0;181-360;;Nov;9;Q4;11;20627326,45
2025-11-13;Carteira (CPFs);104709,0;361-720;;Nov;9;Q4;11;44405391,95
2025-11-13;Carteira (CPFs);15300,0;Maior 720;;Nov;9;Q4;11;3425368,33
2025-11-14;Contrato;2050,0;Preventivo;;Nov;10;Q4;11;179678,14
2025-11-14;Contrato;31400,0;0-30;;Nov;10;Q4;11;2147657,0100000002
2025-11-14;Contrato;30813,0;31-60;;Nov;10;Q4;11;2394889,66
2025-11-14;Contrato;20903,0;61-90;;Nov;10;Q4;11;5265886,02
2025-11-14;Contrato;21102,0;91-120;;Nov;10;Q4;11;3055704,17
2025-11-14;Contrato;17417,0;121-150;;Nov;10;Q4;11;3455074,3
2025-11-14;Contrato;13463,0;151-180;;Nov;10;Q4;11;4461587,45
2025-11-14;Contrato;78453,0;181-360;;Nov;10;Q4;11;20631531,31
2025-11-14;Contrato;104880,0;361-720;;Nov;10;Q4;11;44535355,86
2025-11-14;Contrato;15647,0;Maior 720;;Nov;10;Q4;11;3463459,27
2025-11-14;Carteira (CPFs);2050,0;Preventivo;;Nov;10;Q4;11;179678,14
2025-11-14;Carteira (CPFs);31377,0;0-30;;Nov;10;Q4;11;2146306,0
2025-11-14;Carteira (CPFs);30794,0;31-60;;Nov;10;Q4;11;2393331,14
2025-11-14;Carteira (CPFs);20897,0;61-90;;Nov;10;Q4;11;5264231,42
2025-11-14;Carteira (CPFs);21099,0;91-120;;Nov;10;Q4;11;3055384,57
2025-11-14;Carteira (CPFs);17415,0;121-150;;Nov;10;Q4;11;3453170,83
2025-11-14;Carteira (CPFs);13461,0;151-180;;Nov;10;Q4;11;4459683,9799999995
2025-11-14;Carteira (CPFs);78440,0;181-360;;Nov;10;Q4;11;20628406,7
2025-11-14;Carteira (CPFs);104717,0;361-720;;Nov;10;Q4;11;44403017,89
2025-11-14;Carteira (CPFs);15302,0;Maior 720;;Nov;10;Q4;11;3425428,16
2025-11-17;Contrato;2112,0;Preventivo;;Nov;11;Q4;11;191692,32
2025-11-17;Contrato;40135,0;0-30;;Nov;11;Q4;11;2607487,74
2025-11-17;Contrato;31096,0;31-60;;Nov;11;Q4;11;2410035,68
2025-11-17;Contrato;21007,0;61-90;;Nov;11;Q4;11;5283203,91
2025-11-17;Contrato;23435,0;91-120;;Nov;11;Q4;11;3604997,75
2025-11-17;Contrato;17923,0;121-150;;Nov;11;Q4;11;3521417,9699999997
2025-11-17;Contrato;13650,0;151-180;;Nov;11;Q4;11;4479353,39
2025-11-17;Contrato;80916,0;181-360;;Nov;11;Q4;11;20873473,12
2025-11-17;Contrato;110191,0;361-720;;Nov;11;Q4;11;45192555,85
2025-11-17;Contrato;15744,0;Maior 720;;Nov;11;Q4;11;3549783,31
2025-11-17;Carteira (CPFs);2112,0;Preventivo;;Nov;11;Q4;11;191692,32
2025-11-17;Carteira (CPFs);40092,0;0-30;;Nov;11;Q4;11;2604842,94
2025-11-17;Carteira (CPFs);31077,0;31-60;;Nov;11;Q4;11;2408428,86
2025-11-17;Carteira (CPFs);21001,0;61-90;;Nov;11;Q4;11;5281549,31
2025-11-17;Carteira (CPFs);23345,0;91-120;;Nov;11;Q4;11;3601995,35
2025-11-17;Carteira (CPFs);17921,0;121-150;;Nov;11;Q4;11;3519514,5
2025-11-17;Carteira (CPFs);13648,0;151-180;;Nov;11;Q4;11;4477435,79
2025-11-17;Carteira (CPFs);80903,0;181-360;;Nov;11;Q4;11;20870745,63
2025-11-17;Carteira (CPFs);110027,0;361-720;;Nov;11;Q4;11;45064408,14
2025-11-17;Carteira (CPFs);15399,0;Maior 720;;Nov;11;Q4;11;3512176,07
2025-11-18;Contrato;2282,0;Preventivo;;Nov;12;Q4;11;206307,95
2025-11-18;Contrato;40593,0;0-30;;Nov;12;Q4;11;2635488,23
2025-11-18;Contrato;33383,0;31-60;;Nov;12;Q4;11;2874705,64
2025-11-18;Contrato;21031,0;61-90;;Nov;12;Q4;11;5288906,03
2025-11-18;Contrato;23439,0;91-120;;Nov;12;Q4;11;3605972,74
2025-11-18;Contrato;17978,0;121-150;;Nov;12;Q4;11;3548409,53
2025-11-18;Contrato;13654,0;151-180;;Nov;12;Q4;11;4481042,46
2025-11-18;Contrato;80923,0;181-360;;Nov;12;Q4;11;20875360,46
2025-11-18;Contrato;110313,0;361-720;;Nov;12;Q4;11;45263642,01
2025-11-18;Contrato;15744,0;Maior 720;;Nov;12;Q4;11;3549783,31
2025-11-18;Carteira (CPFs);2282,0;Preventivo;;Nov;12;Q4;11;206307,95
2025-11-18;Carteira (CPFs);40550,0;0-30;;Nov;12;Q4;11;2632904,52
2025-11-18;Carteira (CPFs);33361,0;31-60;;Nov;12;Q4;11;2872712,08
2025-11-18;Carteira (CPFs);21025,0;61-90;;Nov;12;Q4;11;5287251,43
2025-11-18;Carteira (CPFs);23349,0;91-120;;Nov;12;Q4;11;3603102,47
2025-11-18;Carteira (CPFs);17976,0;121-150;;Nov;12;Q4;11;3546506,06
2025-11-18;Carteira (CPFs);13652,0;151-180;;Nov;12;Q4;11;4479138,99
2025-11-18;Carteira (CPFs);80910,0;181-360;;Nov;12;Q4;11;20872454,3
2025-11-18;Carteira (CPFs);110149,0;361-720;;Nov;12;Q4;11;45130914,17
2025-11-18;Carteira (CPFs);15399,0;Maior 720;;Nov;12;Q4;11;3511851,37
2025-11-19;Contrato;2424,0;Preventivo;;Nov;13;Q4;11;218830,42
2025-11-19;Contrato;40615,0;0-30;;Nov;13;Q4;11;2639575,63
2025-11-19;Contrato;33455,0;31-60;;Nov;13;Q4;11;2885184,14
2025-11-19;Contrato;21061,0;61-90;;Nov;13;Q4;11;5293907,92
2025-11-19;Contrato;23878,0;91-120;;Nov;13;Q4;11;3833289,59
2025-11-19;Contrato;17988,0;121-150;;Nov;13;Q4;11;3548624,2199999997
2025-11-19;Contrato;14281,0;151-180;;Nov;13;Q4;11;4820863,43
2025-11-19;Contrato;80924,0;181-360;;Nov;13;Q4;11;20875563,669999998
2025-11-19;Contrato;110430,0;361-720;;Nov;13;Q4;11;45328776,33
2025-11-19;Contrato;15745,0;Maior 720;;Nov;13;Q4;11;3550484,04
2025-11-19;Carteira (CPFs);2424,0;Preventivo;;Nov;13;Q4;11;218830,42
2025-11-19;Carteira (CPFs);40572,0;0-30;;Nov;13;Q4;11;2636977,38
2025-11-19;Carteira (CPFs);33433,0;31-60;;Nov;13;Q4;11;2883059,7800000003
2025-11-19;Carteira (CPFs);21055,0;61-90;;Nov;13;Q4;11;5292253,319999999
2025-11-19;Carteira (CPFs);23786,0;91-120;;Nov;13;Q4;11;3829140,72
2025-11-19;Carteira (CPFs);17986,0;121-150;;Nov;13;Q4;11;3546720,75
2025-11-19;Carteira (CPFs);14279,0;151-180;;Nov;13;Q4;11;4818959,96
2025-11-19;Carteira (CPFs);80911,0;181-360;;Nov;13;Q4;11;20872519,43
2025-11-19;Carteira (CPFs);110266,0;361-720;;Nov;13;Q4;11;45195970,49
2025-11-19;Carteira (CPFs);15400,0;Maior 720;;Nov;13;Q4;11;3512450,04
2025-11-03;Contrato;257999,0;Unique;;Nov;1;Q4;11;78082146,66999999
2025-11-03;Carteira (CPFs);257420,0;Unique;;Nov;1;Q4;11;77890582,74000001
2025-11-04;Contrato;258090,0;Unique;;Nov;2;Q4;11;78091075,38999999
2025-11-04;Carteira (CPFs);257511,0;Unique;;Nov;2;Q4;11;77900827,17
2025-11-05;Contrato;259101,0;Unique;;Nov;3;Q4;11;78253329,12
2025-11-05;Carteira (CPFs);258520,0;Unique;;Nov;3;Q4;11;78062262,88
2025-11-06;Contrato;259778,0;Unique;;Nov;4;Q4;11;78396996,17999999
2025-11-06;Carteira (CPFs);259193,0;Unique;;Nov;4;Q4;11;78204715,28
2025-11-07;Contrato;259982,0;Unique;;Nov;5;Q4;11;78408749,88
2025-11-07;Carteira (CPFs);259394,0;Unique;;Nov;5;Q4;11;78217192,22
2025-11-10;Contrato;265759,0;Unique;;Nov;6;Q4;11;78865358,48
2025-11-10;Carteira (CPFs);265170,0;Unique;;Nov;6;Q4;11;78672644,72
2025-11-11;Contrato;265915,0;Unique;;Nov;7;Q4;11;78882670,63
2025-11-11;Carteira (CPFs);265326,0;Unique;;Nov;7;Q4;11;78691291,71000001
2025-11-12;Contrato;266035,0;Unique;;Nov;8;Q4;11;78898847,38
2025-11-12;Carteira (CPFs);265445,0;Unique;;Nov;8;Q4;11;78703516,08
2025-11-13;Contrato;266088,0;Unique;;Nov;9;Q4;11;78908461,08000001
2025-11-13;Carteira (CPFs);265498,0;Unique;;Nov;9;Q4;11;78714513,96000001
2025-11-14;Contrato;266264,0;Unique;;Nov;10;Q4;11;78923472,09
2025-11-14;Carteira (CPFs);265673,0;Unique;;Nov;10;Q4;11;78730818,87
2025-11-17;Contrato;284428,0;Unique;;Nov;11;Q4;11;80413233,38
2025-11-17;Carteira (CPFs);283725,0;Unique;;Nov;11;Q4;11;80214710,24
2025-11-18;Contrato;287015,0;Unique;;Nov;12;Q4;11;80889415,68
2025-11-18;Carteira (CPFs);286308,0;Unique;;Nov;12;Q4;11;80691549,14
2025-11-19;Contrato;287058,0;Unique;;Nov;13;Q4;11;80898638,44
2025-11-19;Carteira (CPFs);286351,0;Unique;;Nov;13;Q4;11;80701258,15
2025-11-04;Pagamentos;8,0;0-30;HUMANO;Nov;2;Q4;11;462,88
2025-11-04;Pagamentos;25,0;0-30;ROBÔ;Nov;2;Q4;11;1652,8700000000001
2025-11-04;Pagamentos;5,0;31-60;ROBÔ;Nov;2;Q4;11;416,18
2025-11-04;Pagamentos;4,0;61-90;ROBÔ;Nov;2;Q4;11;506,58000000000004
2025-11-04;Pagamentos;5,0;91-120;ROBÔ;Nov;2;Q4;11;282,62
2025-11-04;Pagamentos;3,0;121-150;ROBÔ;Nov;2;Q4;11;431,99
2025-11-04;Pagamentos;1,0;151-180;ROBÔ;Nov;2;Q4;11;14,06
2025-11-04;Pagamentos;1,0;361-720;HUMANO;Nov;2;Q4;11;62,32
2025-11-05;Pagamentos;8,0;0-30;HUMANO;Nov;3;Q4;11;462,88
2025-11-05;Pagamentos;35,0;0-30;ROBÔ;Nov;3;Q4;11;2120,21
2025-11-05;Pagamentos;11,0;31-60;ROBÔ;Nov;3;Q4;11;1065,0
2025-11-05;Pagamentos;6,0;61-90;ROBÔ;Nov;3;Q4;11;838,1600000000001
2025-11-05;Pagamentos;6,0;91-120;ROBÔ;Nov;3;Q4;11;343,95
2025-11-05;Pagamentos;3,0;121-150;ROBÔ;Nov;3;Q4;11;431,99
2025-11-05;Pagamentos;1,0;151-180;ROBÔ;Nov;3;Q4;11;14,06
2025-11-05;Pagamentos;2,0;361-720;HUMANO;Nov;3;Q4;11;228,63
2025-11-06;Pagamentos;8,0;0-30;HUMANO;Nov;4;Q4;11;462,88
2025-11-06;Pagamentos;52,0;0-30;ROBÔ;Nov;4;Q4;11;3269,9700000000003
2025-11-06;Pagamentos;2,0;31-60;HUMANO;Nov;4;Q4;11;577,62
2025-11-06;Pagamentos;15,0;31-60;ROBÔ;Nov;4;Q4;11;1384,71
2025-11-06;Pagamentos;7,0;61-90;ROBÔ;Nov;4;Q4;11;931,6500000000001
2025-11-06;Pagamentos;12,0;91-120;ROBÔ;Nov;4;Q4;11;783,88
2025-11-06;Pagamentos;4,0;121-150;ROBÔ;Nov;4;Q4;11;595,14
2025-11-06;Pagamentos;1,0;151-180;ROBÔ;Nov;4;Q4;11;14,06
2025-11-06;Pagamentos;3,0;361-720;HUMANO;Nov;4;Q4;11;286,9
2025-11-07;Pagamentos;9,0;0-30;HUMANO;Nov;5;Q4;11;556,94
2025-11-07;Pagamentos;74,0;0-30;ROBÔ;Nov;5;Q4;11;4659,150000000001
2025-11-07;Pagamentos;3,0;31-60;HUMANO;Nov;5;Q4;11;607,99
2025-11-07;Pagamentos;19,0;31-60;ROBÔ;Nov;5;Q4;11;1631,77
2025-11-07;Pagamentos;7,0;61-90;ROBÔ;Nov;5;Q4;11;931,6500000000001
2025-11-07;Pagamentos;1,0;91-120;HUMANO;Nov;5;Q4;11;198,15
2025-11-07;Pagamentos;15,0;91-120;ROBÔ;Nov;5;Q4;11;1067,03
2025-11-07;Pagamentos;4,0;121-150;ROBÔ;Nov;5;Q4;11;595,14
2025-11-07;Pagamentos;2,0;151-180;ROBÔ;Nov;5;Q4;11;162,2
2025-11-07;Pagamentos;3,0;361-720;HUMANO;Nov;5;Q4;11;286,9
2025-11-10;Pagamentos;12,0;0-30;HUMANO;Nov;6;Q4;11;832,38
2025-11-10;Pagamentos;95,0;0-30;ROBÔ;Nov;6;Q4;11;6089,860000000001
2025-11-10;Pagamentos;4,0;31-60;HUMANO;Nov;6;Q4;11;675,07
2025-11-10;Pagamentos;25,0;31-60;ROBÔ;Nov;6;Q4;11;2370,7400000000002
2025-11-10;Pagamentos;2,0;61-90;HUMANO;Nov;6;Q4;11;383,4
2025-11-10;Pagamentos;7,0;61-90;ROBÔ;Nov;6;Q4;11;931,6500000000001
2025-11-10;Pagamentos;4,0;91-120;HUMANO;Nov;6;Q4;11;754,76
2025-11-10;Pagamentos;16,0;91-120;ROBÔ;Nov;6;Q4;11;1074,59
2025-11-10;Pagamentos;4,0;121-150;ROBÔ;Nov;6;Q4;11;595,14
2025-11-10;Pagamentos;3,0;151-180;ROBÔ;Nov;6;Q4;11;462,93
2025-11-10;Pagamentos;7,0;361-720;HUMANO;Nov;6;Q4;11;699,46
2025-11-11;Pagamentos;14,0;0-30;HUMANO;Nov;7;Q4;11;1233,17
2025-11-11;Pagamentos;130,0;0-30;ROBÔ;Nov;7;Q4;11;9212,09
2025-11-11;Pagamentos;6,0;31-60;HUMANO;Nov;7;Q4;11;726,75
2025-11-11;Pagamentos;49,0;31-60;ROBÔ;Nov;7;Q4;11;4336,120000000001
2025-11-11;Pagamentos;3,0;61-90;HUMANO;Nov;7;Q4;11;417,17999999999995
2025-11-11;Pagamentos;14,0;61-90;ROBÔ;Nov;7;Q4;11;1651,5
2025-11-11;Pagamentos;4,0;91-120;HUMANO;Nov;7;Q4;11;754,76
2025-11-11;Pagamentos;21,0;91-120;ROBÔ;Nov;7;Q4;11;1474,04
2025-11-11;Pagamentos;1,0;121-150;HUMANO;Nov;7;Q4;11;164,12
2025-11-11;Pagamentos;4,0;121-150;ROBÔ;Nov;7;Q4;11;595,14
2025-11-11;Pagamentos;2,0;151-180;HUMANO;Nov;7;Q4;11;321,9
2025-11-11;Pagamentos;4,0;151-180;ROBÔ;Nov;7;Q4;11;497,94
2025-11-11;Pagamentos;8,0;361-720;HUMANO;Nov;7;Q4;11;761,9399999999999
2025-11-12;Pagamentos;14,0;0-30;HUMANO;Nov;8;Q4;11;1233,17
2025-11-12;Pagamentos;130,0;0-30;ROBÔ;Nov;8;Q4;11;9212,09
2025-11-12;Pagamentos;8,0;31-60;HUMANO;Nov;8;Q4;11;1088,3400000000001
2025-11-12;Pagamentos;55,0;31-60;ROBÔ;Nov;8;Q4;11;4624,820000000001
2025-11-12;Pagamentos;3,0;61-90;HUMANO;Nov;8;Q4;11;417,17999999999995
2025-11-12;Pagamentos;15,0;61-90;ROBÔ;Nov;8;Q4;11;1720,5700000000002
2025-11-12;Pagamentos;4,0;91-120;HUMANO;Nov;8;Q4;11;754,76
2025-11-12;Pagamentos;22,0;91-120;ROBÔ;Nov;8;Q4;11;1557,6299999999999
2025-11-12;Pagamentos;3,0;121-150;HUMANO;Nov;8;Q4;11;492,83000000000004
2025-11-12;Pagamentos;4,0;121-150;ROBÔ;Nov;8;Q4;11;595,14
2025-11-12;Pagamentos;2,0;151-180;HUMANO;Nov;8;Q4;11;321,9
2025-11-12;Pagamentos;4,0;151-180;ROBÔ;Nov;8;Q4;11;497,94
2025-11-12;Pagamentos;1,0;181-360;HUMANO;Nov;8;Q4;11;39,23
2025-11-12;Pagamentos;8,0;361-720;HUMANO;Nov;8;Q4;11;761,9399999999999
2025-11-13;Pagamentos;15,0;0-30;HUMANO;Nov;9;Q4;11;1329,56
2025-11-13;Pagamentos;131,0;0-30;ROBÔ;Nov;9;Q4;11;9257,4
2025-11-13;Pagamentos;9,0;31-60;HUMANO;Nov;9;Q4;11;1344,3400000000001
2025-11-13;Pagamentos;61,0;31-60;ROBÔ;Nov;9;Q4;11;5015,5
2025-11-13;Pagamentos;4,0;61-90;HUMANO;Nov;9;Q4;11;421,9
2025-11-13;Pagamentos;19,0;61-90;ROBÔ;Nov;9;Q4;11;1892,14
2025-11-13;Pagamentos;5,0;91-120;HUMANO;Nov;9;Q4;11;918,17
2025-11-13;Pagamentos;23,0;91-120;ROBÔ;Nov;9;Q4;11;1598,6299999999999
2025-11-13;Pagamentos;4,0;121-150;HUMANO;Nov;9;Q4;11;497,27000000000004
2025-11-13;Pagamentos;5,0;121-150;ROBÔ;Nov;9;Q4;11;656,66
2025-11-13;Pagamentos;2,0;151-180;HUMANO;Nov;9;Q4;11;321,9
2025-11-13;Pagamentos;5,0;151-180;ROBÔ;Nov;9;Q4;11;574,9300000000001
2025-11-13;Pagamentos;3,0;181-360;HUMANO;Nov;9;Q4;11;220,23999999999998
2025-11-13;Pagamentos;9,0;361-720;HUMANO;Nov;9;Q4;11;902,93
2025-11-14;Pagamentos;16,0;0-30;HUMANO;Nov;10;Q4;11;1359,07
2025-11-14;Pagamentos;131,0;0-30;ROBÔ;Nov;10;Q4;11;9257,4
2025-11-14;Pagamentos;9,0;31-60;HUMANO;Nov;10;Q4;11;1344,3400000000001
2025-11-14;Pagamentos;64,0;31-60;ROBÔ;Nov;10;Q4;11;5160,820000000001
2025-11-14;Pagamentos;6,0;61-90;HUMANO;Nov;10;Q4;11;639,5899999999999
2025-11-14;Pagamentos;20,0;61-90;ROBÔ;Nov;10;Q4;11;2177,2000000000003
2025-11-14;Pagamentos;5,0;91-120;HUMANO;Nov;10;Q4;11;918,17
2025-11-14;Pagamentos;23,0;91-120;ROBÔ;Nov;10;Q4;11;1598,6299999999999
2025-11-14;Pagamentos;4,0;121-150;HUMANO;Nov;10;Q4;11;497,27000000000004
2025-11-14;Pagamentos;6,0;121-150;ROBÔ;Nov;10;Q4;11;688,19
2025-11-14;Pagamentos;3,0;151-180;HUMANO;Nov;10;Q4;11;407,9
2025-11-14;Pagamentos;5,0;151-180;ROBÔ;Nov;10;Q4;11;574,9300000000001
2025-11-14;Pagamentos;3,0;181-360;HUMANO;Nov;10;Q4;11;220,23999999999998
2025-11-14;Pagamentos;11,0;361-720;HUMANO;Nov;10;Q4;11;1090,73
2025-11-17;Pagamentos;16,0;0-30;HUMANO;Nov;11;Q4;11;1359,07
2025-11-17;Pagamentos;131,0;0-30;ROBÔ;Nov;11;Q4;11;9257,4
2025-11-17;Pagamentos;11,0;31-60;HUMANO;Nov;11;Q4;11;1729,0700000000002
2025-11-17;Pagamentos;66,0;31-60;ROBÔ;Nov;11;Q4;11;5427,4800000000005
2025-11-17;Pagamentos;6,0;61-90;HUMANO;Nov;11;Q4;11;639,5899999999999
2025-11-17;Pagamentos;22,0;61-90;ROBÔ;Nov;11;Q4;11;2436,9300000000003
2025-11-17;Pagamentos;5,0;91-120;HUMANO;Nov;11;Q4;11;918,17
2025-11-17;Pagamentos;25,0;91-120;ROBÔ;Nov;11;Q4;11;1673,78
2025-11-17;Pagamentos;5,0;121-150;HUMANO;Nov;11;Q4;11;653,82
2025-11-17;Pagamentos;6,0;121-150;ROBÔ;Nov;11;Q4;11;688,19
2025-11-17;Pagamentos;4,0;151-180;HUMANO;Nov;11;Q4;11;634,3499999999999
2025-11-17;Pagamentos;5,0;151-180;ROBÔ;Nov;11;Q4;11;574,9300000000001
2025-11-17;Pagamentos;4,0;181-360;HUMANO;Nov;11;Q4;11;347,32
2025-11-17;Pagamentos;14,0;361-720;HUMANO;Nov;11;Q4;11;1311,97
2025-11-18;Pagamentos;26,0;0-30;HUMANO;Nov;12;Q4;11;1945,1
2025-11-18;Pagamentos;146,0;0-30;ROBÔ;Nov;12;Q4;11;10087,76
2025-11-18;Pagamentos;11,0;31-60;HUMANO;Nov;12;Q4;11;1729,0700000000002
2025-11-18;Pagamentos;77,0;31-60;ROBÔ;Nov;12;Q4;11;6033,76
2025-11-18;Pagamentos;6,0;61-90;HUMANO;Nov;12;Q4;11;639,5899999999999
2025-11-18;Pagamentos;29,0;61-90;ROBÔ;Nov;12;Q4;11;2782,29
2025-11-18;Pagamentos;5,0;91-120;HUMANO;Nov;12;Q4;11;918,17
2025-11-18;Pagamentos;25,0;91-120;ROBÔ;Nov;12;Q4;11;1673,78
2025-11-18;Pagamentos;6,0;121-150;HUMANO;Nov;12;Q4;11;682,59
2025-11-18;Pagamentos;10,0;121-150;ROBÔ;Nov;12;Q4;11;1039,4
2025-11-18;Pagamentos;4,0;151-180;HUMANO;Nov;12;Q4;11;634,3499999999999
2025-11-18;Pagamentos;7,0;151-180;ROBÔ;Nov;12;Q4;11;643,65
2025-11-18;Pagamentos;4,0;181-360;HUMANO;Nov;12;Q4;11;347,32
2025-11-18;Pagamentos;14,0;361-720;HUMANO;Nov;12;Q4;11;1311,97
2025-11-19;Pagamentos;34,0;0-30;HUMANO;Nov;13;Q4;11;2560,96
2025-11-19;Pagamentos;166,0;0-30;ROBÔ;Nov;13;Q4;11;11497,970000000001
2025-11-19;Pagamentos;13,0;31-60;HUMANO;Nov;13;Q4;11;2107,64
2025-11-19;Pagamentos;81,0;31-60;ROBÔ;Nov;13;Q4;11;6290,320000000001
2025-11-19;Pagamentos;6,0;61-90;HUMANO;Nov;13;Q4;11;639,5899999999999
2025-11-19;Pagamentos;30,0;61-90;ROBÔ;Nov;13;Q4;11;2858,28
2025-11-19;Pagamentos;6,0;91-120;HUMANO;Nov;13;Q4;11;1085,73
2025-11-19;Pagamentos;26,0;91-120;ROBÔ;Nov;13;Q4;11;1703,97
2025-11-19;Pagamentos;6,0;121-150;HUMANO;Nov;13;Q4;11;682,59
2025-11-19;Pagamentos;11,0;121-150;ROBÔ;Nov;13;Q4;11;1123,83
2025-11-19;Pagamentos;4,0;151-180;HUMANO;Nov;13;Q4;11;634,3499999999999
2025-11-19;Pagamentos;8,0;151-180;ROBÔ;Nov;13;Q4;11;785,86
2025-11-19;Pagamentos;6,0;181-360;HUMANO;Nov;13;Q4;11;550,0699999999999
2025-11-19;Pagamentos;14,0;361-720;HUMANO;Nov;13;Q4;11;1311,97
2025-11-03;ACIONAMENTOS;47,0;0-30;HUMANO;Nov;1;Q4;11;4282,76
2025-11-03;ACIONAMENTOS;0,0;0-30;HUMANO;Nov;1;Q4;11;0,0
2025-11-03;ACIONAMENTOS;2867,0;0-30;Robô;Nov;1;Q4;11;179052,75999999998
2025-11-03;CPC;35,0;0-30;HUMANO;Nov;1;Q4;11;2958,99
2025-11-03;CPC;0,0;0-30;HUMANO;Nov;1;Q4;11;0,0
2025-11-03;CPC;809,0;0-30;Robô;Nov;1;Q4;11;52143,83
2025-11-03;CPCA;23,0;0-30;HUMANO;Nov;1;Q4;11;1462,8600000000001
2025-11-03;CPCA;0,0;0-30;HUMANO;Nov;1;Q4;11;0,0
2025-11-03;CPCA;778,0;0-30;Robô;Nov;1;Q4;11;50280,37999999999
2025-11-03;PROMESSA;20,0;0-30;HUMANO;Nov;1;Q4;11;1083,46
2025-11-03;PROMESSA;0,0;0-30;HUMANO;Nov;1;Q4;11;0,0
2025-11-03;PROMESSA;216,0;0-30;Robô;Nov;1;Q4;11;12828,84
2025-11-03;TRABALHADO;0,0;0-30;HUMANO;Nov;1;Q4;11;0,0
2025-11-03;TRABALHADO;258,0;0-30;HUMANO;Nov;1;Q4;11;63313,380000000005
2025-11-03;TRABALHADO;23269,0;0-30;Robô;Nov;1;Q4;11;1403994,81
2025-11-03;ACIONAMENTOS;36,0;121-150;HUMANO;Nov;1;Q4;11;9730,86
2025-11-03;ACIONAMENTOS;1,0;121-150;HUMANO;Nov;1;Q4;11;313,26
2025-11-03;ACIONAMENTOS;290,0;121-150;Robô;Nov;1;Q4;11;55120,06
2025-11-03;CPC;11,0;121-150;HUMANO;Nov;1;Q4;11;2829,3099999999995
2025-11-03;CPC;0,0;121-150;HUMANO;Nov;1;Q4;11;0,0
2025-11-03;CPC;55,0;121-150;Robô;Nov;1;Q4;11;8212,609999999997
2025-11-03;CPCA;6,0;121-150;HUMANO;Nov;1;Q4;11;1580,1599999999999
2025-11-03;CPCA;0,0;121-150;HUMANO;Nov;1;Q4;11;0,0
2025-11-03;CPCA;52,0;121-150;Robô;Nov;1;Q4;11;7711,969999999999
2025-11-03;PROMESSA;3,0;121-150;HUMANO;Nov;1;Q4;11;759,73
2025-11-03;PROMESSA;0,0;121-150;HUMANO;Nov;1;Q4;11;0,0
2025-11-03;PROMESSA;11,0;121-150;Robô;Nov;1;Q4;11;1380,5900000000001
2025-11-03;TRABALHADO;0,0;121-150;HUMANO;Nov;1;Q4;11;0,0
2025-11-03;TRABALHADO;1530,0;121-150;HUMANO;Nov;1;Q4;11;428581,7200000001
2025-11-03;TRABALHADO;4385,0;121-150;Robô;Nov;1;Q4;11;947491,1399999999
2025-11-03;ACIONAMENTOS;35,0;151-180;HUMANO;Nov;1;Q4;11;9150,9
2025-11-03;ACIONAMENTOS;3,0;151-180;HUMANO;Nov;1;Q4;11;631,88
2025-11-03;ACIONAMENTOS;262,0;151-180;Robô;Nov;1;Q4;11;54683,770000000004
2025-11-03;CPC;14,0;151-180;HUMANO;Nov;1;Q4;11;3253,71
2025-11-03;CPC;0,0;151-180;HUMANO;Nov;1;Q4;11;0,0
2025-11-03;CPC;33,0;151-180;Robô;Nov;1;Q4;11;5917,01
2025-11-03;CPCA;7,0;151-180;HUMANO;Nov;1;Q4;11;1636,15
2025-11-03;CPCA;0,0;151-180;HUMANO;Nov;1;Q4;11;0,0
2025-11-03;CPCA;30,0;151-180;Robô;Nov;1;Q4;11;5233,61
2025-11-03;PROMESSA;3,0;151-180;HUMANO;Nov;1;Q4;11;844,47
2025-11-03;PROMESSA;0,0;151-180;HUMANO;Nov;1;Q4;11;0,0
2025-11-03;PROMESSA;5,0;151-180;Robô;Nov;1;Q4;11;592,1899999999999
2025-11-03;TRABALHADO;0,0;151-180;HUMANO;Nov;1;Q4;11;0,0
2025-11-03;TRABALHADO;1766,0;151-180;HUMANO;Nov;1;Q4;11;524660,8300000001
2025-11-03;TRABALHADO;3303,0;151-180;Robô;Nov;1;Q4;11;660995,8500000001
2025-11-03;ACIONAMENTOS;0,0;181-360;HUMANO;Nov;1;Q4;11;0,0
2025-11-03;ACIONAMENTOS;0,0;181-360;HUMANO;Nov;1;Q4;11;0,0
2025-11-03;ACIONAMENTOS;2,0;181-360;Robô;Nov;1;Q4;11;219,60000000000002
2025-11-03;CPC;0,0;181-360;HUMANO;Nov;1;Q4;11;0,0
2025-11-03;CPC;0,0;181-360;HUMANO;Nov;1;Q4;11;0,0
2025-11-03;CPC;0,0;181-360;Robô;Nov;1;Q4;11;0,0
2025-11-03;CPCA;0,0;181-360;HUMANO;Nov;1;Q4;11;0,0
2025-11-03;CPCA;0,0;181-360;HUMANO;Nov;1;Q4;11;0,0
2025-11-03;CPCA;0,0;181-360;Robô;Nov;1;Q4;11;0,0
2025-11-03;PROMESSA;0,0;181-360;HUMANO;Nov;1;Q4;11;0,0
2025-11-03;PROMESSA;0,0;181-360;HUMANO;Nov;1;Q4;11;0,0
2025-11-03;PROMESSA;0,0;181-360;Robô;Nov;1;Q4;11;0,0
2025-11-03;TRABALHADO;0,0;181-360;HUMANO;Nov;1;Q4;11;0,0
2025-11-03;TRABALHADO;0,0;181-360;HUMANO;Nov;1;Q4;11;0,0
2025-11-03;TRABALHADO;20,0;181-360;Robô;Nov;1;Q4;11;4413,719999999999
2025-11-03;ACIONAMENTOS;40,0;31-60;HUMANO;Nov;1;Q4;11;7056,08
2025-11-03;ACIONAMENTOS;0,0;31-60;HUMANO;Nov;1;Q4;11;0,0
2025-11-03;ACIONAMENTOS;650,0;31-60;Robô;Nov;1;Q4;11;67957,37
2025-11-03;CPC;13,0;31-60;HUMANO;Nov;1;Q4;11;1651,71
2025-11-03;CPC;0,0;31-60;HUMANO;Nov;1;Q4;11;0,0
2025-11-03;CPC;173,0;31-60;Robô;Nov;1;Q4;11;16729,1
2025-11-03;CPCA;10,0;31-60;HUMANO;Nov;1;Q4;11;1386,2400000000002
2025-11-03;CPCA;0,0;31-60;HUMANO;Nov;1;Q4;11;0,0
2025-11-03;CPCA;163,0;31-60;Robô;Nov;1;Q4;11;15701,16
2025-11-03;PROMESSA;8,0;31-60;HUMANO;Nov;1;Q4;11;1177,83
2025-11-03;PROMESSA;0,0;31-60;HUMANO;Nov;1;Q4;11;0,0
2025-11-03;PROMESSA;37,0;31-60;Robô;Nov;1;Q4;11;3182,48
2025-11-03;TRABALHADO;0,0;31-60;HUMANO;Nov;1;Q4;11;0,0
2025-11-03;TRABALHADO;1403,0;31-60;HUMANO;Nov;1;Q4;11;299268,17999999993
2025-11-03;TRABALHADO;6654,0;31-60;Robô;Nov;1;Q4;11;710480,67
2025-11-03;ACIONAMENTOS;68,0;361-720;HUMANO;Nov;1;Q4;11;27386,510000000006
2025-11-03;ACIONAMENTOS;1,0;361-720;HUMANO;Nov;1;Q4;11;474,32
2025-11-03;ACIONAMENTOS;2,0;361-720;Robô;Nov;1;Q4;11;779,22
2025-11-03;CPC;28,0;361-720;HUMANO;Nov;1;Q4;11;12253,15
2025-11-03;CPC;0,0;361-720;HUMANO;Nov;1;Q4;11;0,0
2025-11-03;CPC;1,0;361-720;Robô;Nov;1;Q4;11;461,79
2025-11-03;CPCA;20,0;361-720;HUMANO;Nov;1;Q4;11;10069,449999999999
2025-11-03;CPCA;0,0;361-720;HUMANO;Nov;1;Q4;11;0,0
2025-11-03;CPCA;1,0;361-720;Robô;Nov;1;Q4;11;461,79
2025-11-03;PROMESSA;9,0;361-720;HUMANO;Nov;1;Q4;11;1511,0100000000002
2025-11-03;PROMESSA;0,0;361-720;HUMANO;Nov;1;Q4;11;0,0
2025-11-03;PROMESSA;0,0;361-720;Robô;Nov;1;Q4;11;0,0
2025-11-03;TRABALHADO;0,0;361-720;HUMANO;Nov;1;Q4;11;0,0
2025-11-03;TRABALHADO;21118,0;361-720;HUMANO;Nov;1;Q4;11;9589585,760000002
2025-11-03;TRABALHADO;36,0;361-720;Robô;Nov;1;Q4;11;14107,570000000003
2025-11-03;ACIONAMENTOS;84,0;61-90;HUMANO;Nov;1;Q4;11;19149,68
2025-11-03;ACIONAMENTOS;6,0;61-90;HUMANO;Nov;1;Q4;11;1357,59
2025-11-03;ACIONAMENTOS;505,0;61-90;Robô;Nov;1;Q4;11;79256,89000000001
2025-11-03;CPC;23,0;61-90;HUMANO;Nov;1;Q4;11;4965,390000000001
2025-11-03;CPC;0,0;61-90;HUMANO;Nov;1;Q4;11;0,0
2025-11-03;CPC;99,0;61-90;Robô;Nov;1;Q4;11;14832,49
2025-11-03;CPCA;16,0;61-90;HUMANO;Nov;1;Q4;11;3730,92
2025-11-03;CPCA;0,0;61-90;HUMANO;Nov;1;Q4;11;0,0
2025-11-03;CPCA;95,0;61-90;Robô;Nov;1;Q4;11;14169,989999999998
2025-11-03;PROMESSA;4,0;61-90;HUMANO;Nov;1;Q4;11;933,49
2025-11-03;PROMESSA;0,0;61-90;HUMANO;Nov;1;Q4;11;0,0
2025-11-03;PROMESSA;18,0;61-90;Robô;Nov;1;Q4;11;2764,13
2025-11-03;TRABALHADO;0,0;61-90;HUMANO;Nov;1;Q4;11;0,0
2025-11-03;TRABALHADO;3464,0;61-90;HUMANO;Nov;1;Q4;11;789490,07
2025-11-03;TRABALHADO;7293,0;61-90;Robô;Nov;1;Q4;11;1176054,75
2025-11-03;ACIONAMENTOS;45,0;91-120;HUMANO;Nov;1;Q4;11;7912,06
2025-11-03;ACIONAMENTOS;1,0;91-120;HUMANO;Nov;1;Q4;11;157,13
2025-11-03;ACIONAMENTOS;606,0;91-120;Robô;Nov;1;Q4;11;67252,34999999999
2025-11-03;CPC;14,0;91-120;HUMANO;Nov;1;Q4;11;2238,26
2025-11-03;CPC;0,0;91-120;HUMANO;Nov;1;Q4;11;0,0
2025-11-03;CPC;134,0;91-120;Robô;Nov;1;Q4;11;12098,95
2025-11-03;CPCA;10,0;91-120;HUMANO;Nov;1;Q4;11;1469,77
2025-11-03;CPCA;0,0;91-120;HUMANO;Nov;1;Q4;11;0,0
2025-11-03;CPCA;124,0;91-120;Robô;Nov;1;Q4;11;11126,579999999998
2025-11-03;PROMESSA;6,0;91-120;HUMANO;Nov;1;Q4;11;986,0500000000002
2025-11-03;PROMESSA;0,0;91-120;HUMANO;Nov;1;Q4;11;0,0
2025-11-03;PROMESSA;30,0;91-120;Robô;Nov;1;Q4;11;2214,0000000000005
2025-11-03;TRABALHADO;0,0;91-120;HUMANO;Nov;1;Q4;11;0,0
2025-11-03;TRABALHADO;1786,0;91-120;HUMANO;Nov;1;Q4;11;366119,32000000007
2025-11-03;TRABALHADO;8582,0;91-120;Robô;Nov;1;Q4;11;953713,6099999999
2025-11-03;ACIONAMENTOS;4,0;Esforço;HUMANO;Nov;1;Q4;11;410,49
2025-11-03;ACIONAMENTOS;53,0;Esforço;HUMANO;Nov;1;Q4;11;4671,959999999998
2025-11-03;ACIONAMENTOS;41,0;Esforço;HUMANO;Nov;1;Q4;11;7207,96
2025-11-03;ACIONAMENTOS;86,0;Esforço;HUMANO;Nov;1;Q4;11;19483,599999999995
2025-11-03;ACIONAMENTOS;46,0;Esforço;HUMANO;Nov;1;Q4;11;8069,1900000000005
2025-11-03;ACIONAMENTOS;39,0;Esforço;HUMANO;Nov;1;Q4;11;10283,82
2025-11-03;ACIONAMENTOS;37,0;Esforço;HUMANO;Nov;1;Q4;11;9544,059999999998
2025-11-03;ACIONAMENTOS;0,0;Esforço;HUMANO;Nov;1;Q4;11;0,0
2025-11-03;ACIONAMENTOS;70,0;Esforço;HUMANO;Nov;1;Q4;11;27629,870000000006
2025-11-03;ACIONAMENTOS;1,0;Esforço;HUMANO;Nov;1;Q4;11;121,08000000000001
2025-11-03;ACIONAMENTOS;0,0;Esforço;HUMANO;Nov;1;Q4;11;0,0
2025-11-03;ACIONAMENTOS;0,0;Esforço;HUMANO;Nov;1;Q4;11;0,0
2025-11-03;ACIONAMENTOS;0,0;Esforço;HUMANO;Nov;1;Q4;11;0,0
2025-11-03;ACIONAMENTOS;6,0;Esforço;HUMANO;Nov;1;Q4;11;1357,5900000000001
2025-11-03;ACIONAMENTOS;1,0;Esforço;HUMANO;Nov;1;Q4;11;157,13
2025-11-03;ACIONAMENTOS;1,0;Esforço;HUMANO;Nov;1;Q4;11;313,26
2025-11-03;ACIONAMENTOS;3,0;Esforço;HUMANO;Nov;1;Q4;11;631,88
2025-11-03;ACIONAMENTOS;0,0;Esforço;HUMANO;Nov;1;Q4;11;0,0
2025-11-03;ACIONAMENTOS;1,0;Esforço;HUMANO;Nov;1;Q4;11;474,32
2025-11-03;ACIONAMENTOS;0,0;Esforço;HUMANO;Nov;1;Q4;11;0,0
2025-11-03;ACIONAMENTOS;1,0;Esforço;Robô;Nov;1;Q4;11;65,12
2025-11-03;ACIONAMENTOS;4915,0;Esforço;Robô;Nov;1;Q4;11;153721,19
2025-11-03;ACIONAMENTOS;1124,0;Esforço;Robô;Nov;1;Q4;11;55983,020000000004
2025-11-03;ACIONAMENTOS;943,0;Esforço;Robô;Nov;1;Q4;11;62450,530000000006
2025-11-03;ACIONAMENTOS;1013,0;Esforço;Robô;Nov;1;Q4;11;54421,549999999996
2025-11-03;ACIONAMENTOS;497,0;Esforço;Robô;Nov;1;Q4;11;44885,700000000004
2025-11-03;ACIONAMENTOS;409,0;Esforço;Robô;Nov;1;Q4;11;39709,65000000001
2025-11-03;ACIONAMENTOS;3,0;Esforço;Robô;Nov;1;Q4;11;539,2
2025-11-03;ACIONAMENTOS;4,0;Esforço;Robô;Nov;1;Q4;11;634,86
2025-11-03;ACIONAMENTOS;0,0;Esforço;Robô;Nov;1;Q4;11;0,0
2025-11-03;CPC;4,0;Esforço;HUMANO;Nov;1;Q4;11;410,49
2025-11-03;CPC;38,0;Esforço;HUMANO;Nov;1;Q4;11;3098,6900000000005
2025-11-03;CPC;13,0;Esforço;HUMANO;Nov;1;Q4;11;1651,71
2025-11-03;CPC;23,0;Esforço;HUMANO;Nov;1;Q4;11;4965,39
2025-11-03;CPC;14,0;Esforço;HUMANO;Nov;1;Q4;11;2238,26
2025-11-03;CPC;11,0;Esforço;HUMANO;Nov;1;Q4;11;2829,3099999999995
2025-11-03;CPC;14,0;Esforço;HUMANO;Nov;1;Q4;11;3253,7100000000014
2025-11-03;CPC;0,0;Esforço;HUMANO;Nov;1;Q4;11;0,0
2025-11-03;CPC;29,0;Esforço;HUMANO;Nov;1;Q4;11;12322,39
2025-11-03;CPC;0,0;Esforço;HUMANO;Nov;1;Q4;11;0,0
2025-11-03;CPC;0,0;Esforço;HUMANO;Nov;1;Q4;11;0,0
2025-11-03;CPC;0,0;Esforço;HUMANO;Nov;1;Q4;11;0,0
2025-11-03;CPC;0,0;Esforço;HUMANO;Nov;1;Q4;11;0,0
2025-11-03;CPC;0,0;Esforço;HUMANO;Nov;1;Q4;11;0,0
2025-11-03;CPC;0,0;Esforço;HUMANO;Nov;1;Q4;11;0,0
2025-11-03;CPC;0,0;Esforço;HUMANO;Nov;1;Q4;11;0,0
2025-11-03;CPC;0,0;Esforço;HUMANO;Nov;1;Q4;11;0,0
2025-11-03;CPC;0,0;Esforço;HUMANO;Nov;1;Q4;11;0,0
2025-11-03;CPC;0,0;Esforço;HUMANO;Nov;1;Q4;11;0,0
2025-11-03;CPC;0,0;Esforço;HUMANO;Nov;1;Q4;11;0,0
2025-11-03;CPC;1,0;Esforço;Robô;Nov;1;Q4;11;65,12
2025-11-03;CPC;930,0;Esforço;Robô;Nov;1;Q4;11;50984,70999999999
2025-11-03;CPC;259,0;Esforço;Robô;Nov;1;Q4;11;14628,85
2025-11-03;CPC;116,0;Esforço;Robô;Nov;1;Q4;11;13978,49
2025-11-03;CPC;159,0;Esforço;Robô;Nov;1;Q4;11;11800,100000000002
2025-11-03;CPC;59,0;Esforço;Robô;Nov;1;Q4;11;7900,689999999999
2025-11-03;CPC;39,0;Esforço;Robô;Nov;1;Q4;11;5590,0
2025-11-03;CPC;0,0;Esforço;Robô;Nov;1;Q4;11;0,0
2025-11-03;CPC;2,0;Esforço;Robô;Nov;1;Q4;11;0,0
2025-11-03;CPC;0,0;Esforço;Robô;Nov;1;Q4;11;0,0
2025-11-03;CPCA;3,0;Esforço;HUMANO;Nov;1;Q4;11;345,37
2025-11-03;CPCA;24,0;Esforço;HUMANO;Nov;1;Q4;11;1492,76
2025-11-03;CPCA;10,0;Esforço;HUMANO;Nov;1;Q4;11;1386,24
2025-11-03;CPCA;16,0;Esforço;HUMANO;Nov;1;Q4;11;3730,92
2025-11-03;CPCA;10,0;Esforço;HUMANO;Nov;1;Q4;11;1469,77
2025-11-03;CPCA;6,0;Esforço;HUMANO;Nov;1;Q4;11;1580,16
2025-11-03;CPCA;7,0;Esforço;HUMANO;Nov;1;Q4;11;1636,1499999999999
2025-11-03;CPCA;0,0;Esforço;HUMANO;Nov;1;Q4;11;0,0
2025-11-03;CPCA;21,0;Esforço;HUMANO;Nov;1;Q4;11;10138,69
2025-11-03;CPCA;0,0;Esforço;HUMANO;Nov;1;Q4;11;0,0
2025-11-03;CPCA;0,0;Esforço;HUMANO;Nov;1;Q4;11;0,0
2025-11-03;CPCA;0,0;Esforço;HUMANO;Nov;1;Q4;11;0,0
2025-11-03;CPCA;0,0;Esforço;HUMANO;Nov;1;Q4;11;0,0
2025-11-03;CPCA;0,0;Esforço;HUMANO;Nov;1;Q4;11;0,0
2025-11-03;CPCA;0,0;Esforço;HUMANO;Nov;1;Q4;11;0,0
2025-11-03;CPCA;0,0;Esforço;HUMANO;Nov;1;Q4;11;0,0
2025-11-03;CPCA;0,0;Esforço;HUMANO;Nov;1;Q4;11;0,0
2025-11-03;CPCA;0,0;Esforço;HUMANO;Nov;1;Q4;11;0,0
2025-11-03;CPCA;0,0;Esforço;HUMANO;Nov;1;Q4;11;0,0
2025-11-03;CPCA;0,0;Esforço;HUMANO;Nov;1;Q4;11;0,0
2025-11-03;CPCA;1,0;Esforço;Robô;Nov;1;Q4;11;65,12
2025-11-03;CPCA;889,0;Esforço;Robô;Nov;1;Q4;11;49560,62999999999
2025-11-03;CPCA;235,0;Esforço;Robô;Nov;1;Q4;11;13647,289999999997
2025-11-03;CPCA;109,0;Esforço;Robô;Nov;1;Q4;11;13446,609999999999
2025-11-03;CPCA;145,0;Esforço;Robô;Nov;1;Q4;11;10827,729999999998
2025-11-03;CPCA;55,0;Esforço;Robô;Nov;1;Q4;11;7719,65
2025-11-03;CPCA;35,0;Esforço;Robô;Nov;1;Q4;11;4906,6
2025-11-03;CPCA;0,0;Esforço;Robô;Nov;1;Q4;11;0,0
2025-11-03;CPCA;2,0;Esforço;Robô;Nov;1;Q4;11;0,0
2025-11-03;CPCA;0,0;Esforço;Robô;Nov;1;Q4;11;0,0
2025-11-03;PROMESSA;1,0;Esforço;HUMANO;Nov;1;Q4;11;79,9
2025-11-03;PROMESSA;21,0;Esforço;HUMANO;Nov;1;Q4;11;1113,3600000000001
2025-11-03;PROMESSA;8,0;Esforço;HUMANO;Nov;1;Q4;11;1177,83
2025-11-03;PROMESSA;4,0;Esforço;HUMANO;Nov;1;Q4;11;933,49
2025-11-03;PROMESSA;6,0;Esforço;HUMANO;Nov;1;Q4;11;986,0500000000001
2025-11-03;PROMESSA;3,0;Esforço;HUMANO;Nov;1;Q4;11;759,73
2025-11-03;PROMESSA;3,0;Esforço;HUMANO;Nov;1;Q4;11;844,47
2025-11-03;PROMESSA;0,0;Esforço;HUMANO;Nov;1;Q4;11;0,0
2025-11-03;PROMESSA;10,0;Esforço;HUMANO;Nov;1;Q4;11;1580,2500000000002
2025-11-03;PROMESSA;0,0;Esforço;HUMANO;Nov;1;Q4;11;0,0
2025-11-03;PROMESSA;0,0;Esforço;HUMANO;Nov;1;Q4;11;0,0
2025-11-03;PROMESSA;0,0;Esforço;HUMANO;Nov;1;Q4;11;0,0
2025-11-03;PROMESSA;0,0;Esforço;HUMANO;Nov;1;Q4;11;0,0
2025-11-03;PROMESSA;0,0;Esforço;HUMANO;Nov;1;Q4;11;0,0
2025-11-03;PROMESSA;0,0;Esforço;HUMANO;Nov;1;Q4;11;0,0
2025-11-03;PROMESSA;0,0;Esforço;HUMANO;Nov;1;Q4;11;0,0
2025-11-03;PROMESSA;0,0;Esforço;HUMANO;Nov;1;Q4;11;0,0
2025-11-03;PROMESSA;0,0;Esforço;HUMANO;Nov;1;Q4;11;0,0
2025-11-03;PROMESSA;0,0;Esforço;HUMANO;Nov;1;Q4;11;0,0
2025-11-03;PROMESSA;0,0;Esforço;HUMANO;Nov;1;Q4;11;0,0
2025-11-03;PROMESSA;0,0;Esforço;Robô;Nov;1;Q4;11;0,0
2025-11-03;PROMESSA;216,0;Esforço;Robô;Nov;1;Q4;11;12828,839999999998
2025-11-03;PROMESSA;38,0;Esforço;Robô;Nov;1;Q4;11;2922,6800000000003
2025-11-03;PROMESSA;18,0;Esforço;Robô;Nov;1;Q4;11;2764,13
2025-11-03;PROMESSA;30,0;Esforço;Robô;Nov;1;Q4;11;2214,0000000000005
2025-11-03;PROMESSA;11,0;Esforço;Robô;Nov;1;Q4;11;1380,5900000000001
2025-11-03;PROMESSA;5,0;Esforço;Robô;Nov;1;Q4;11;592,1899999999999
2025-11-03;PROMESSA;0,0;Esforço;Robô;Nov;1;Q4;11;0,0
2025-11-03;PROMESSA;0,0;Esforço;Robô;Nov;1;Q4;11;0,0
2025-11-03;PROMESSA;0,0;Esforço;Robô;Nov;1;Q4;11;0,0
2025-11-03;TRABALHADO;0,0;Esforço;HUMANO;Nov;1;Q4;11;0,0
2025-11-03;TRABALHADO;0,0;Esforço;HUMANO;Nov;1;Q4;11;0,0
2025-11-03;TRABALHADO;0,0;Esforço;HUMANO;Nov;1;Q4;11;0,0
2025-11-03;TRABALHADO;0,0;Esforço;HUMANO;Nov;1;Q4;11;0,0
2025-11-03;TRABALHADO;0,0;Esforço;HUMANO;Nov;1;Q4;11;0,0
2025-11-03;TRABALHADO;0,0;Esforço;HUMANO;Nov;1;Q4;11;0,0
2025-11-03;TRABALHADO;0,0;Esforço;HUMANO;Nov;1;Q4;11;0,0
2025-11-03;TRABALHADO;0,0;Esforço;HUMANO;Nov;1;Q4;11;0,0
2025-11-03;TRABALHADO;0,0;Esforço;HUMANO;Nov;1;Q4;11;0,0
2025-11-03;TRABALHADO;0,0;Esforço;HUMANO;Nov;1;Q4;11;0,0
2025-11-03;TRABALHADO;0,0;Esforço;HUMANO;Nov;1;Q4;11;0,0
2025-11-03;TRABALHADO;510,0;Esforço;HUMANO;Nov;1;Q4;11;125231,2
2025-11-03;TRABALHADO;2745,0;Esforço;HUMANO;Nov;1;Q4;11;572382,49
2025-11-03;TRABALHADO;6785,0;Esforço;HUMANO;Nov;1;Q4;11;1486746,0399999998
2025-11-03;TRABALHADO;4241,0;Esforço;HUMANO;Nov;1;Q4;11;818105,22
2025-11-03;TRABALHADO;3086,0;Esforço;HUMANO;Nov;1;Q4;11;822026,1100000001
2025-11-03;TRABALHADO;3334,0;Esforço;HUMANO;Nov;1;Q4;11;967127,9600000001
2025-11-03;TRABALHADO;0,0;Esforço;HUMANO;Nov;1;Q4;11;0,0
2025-11-03;TRABALHADO;29004,0;Esforço;HUMANO;Nov;1;Q4;11;13413799,95
2025-11-03;TRABALHADO;474,0;Esforço;HUMANO;Nov;1;Q4;11;115527,55000000002
2025-11-03;TRABALHADO;4,0;Esforço;Robô;Nov;1;Q4;11;172,13
2025-11-03;TRABALHADO;156115,0;Esforço;Robô;Nov;1;Q4;11;19808,08
2025-11-03;TRABALHADO;47004,0;Esforço;Robô;Nov;1;Q4;11;67914,26999999999
2025-11-03;TRABALHADO;56646,0;Esforço;Robô;Nov;1;Q4;11;148450,63
2025-11-03;TRABALHADO;61951,0;Esforço;Robô;Nov;1;Q4;11;109049,28999999998
2025-11-03;TRABALHADO;32651,0;Esforço;Robô;Nov;1;Q4;11;79642,96
2025-11-03;TRABALHADO;26492,0;Esforço;Robô;Nov;1;Q4;11;27107,909999999996
2025-11-03;TRABALHADO;159,0;Esforço;Robô;Nov;1;Q4;11;540,4
2025-11-03;TRABALHADO;313,0;Esforço;Robô;Nov;1;Q4;11;4837,47
2025-11-03;TRABALHADO;57,0;Esforço;Robô;Nov;1;Q4;11;504,07
2025-11-03;ACIONAMENTOS;1,0;Maior 720;HUMANO;Nov;1;Q4;11;121,08000000000001
2025-11-03;ACIONAMENTOS;0,0;Maior 720;HUMANO;Nov;1;Q4;11;0,0
2025-11-03;ACIONAMENTOS;0,0;Maior 720;Robô;Nov;1;Q4;11;0,0
2025-11-03;CPC;0,0;Maior 720;HUMANO;Nov;1;Q4;11;0,0
2025-11-03;CPC;0,0;Maior 720;HUMANO;Nov;1;Q4;11;0,0
2025-11-03;CPC;0,0;Maior 720;Robô;Nov;1;Q4;11;0,0
2025-11-03;CPCA;0,0;Maior 720;HUMANO;Nov;1;Q4;11;0,0
2025-11-03;CPCA;0,0;Maior 720;HUMANO;Nov;1;Q4;11;0,0
2025-11-03;CPCA;0,0;Maior 720;Robô;Nov;1;Q4;11;0,0
2025-11-03;PROMESSA;0,0;Maior 720;HUMANO;Nov;1;Q4;11;0,0
2025-11-03;PROMESSA;0,0;Maior 720;HUMANO;Nov;1;Q4;11;0,0
2025-11-03;PROMESSA;0,0;Maior 720;Robô;Nov;1;Q4;11;0,0
2025-11-03;TRABALHADO;0,0;Maior 720;HUMANO;Nov;1;Q4;11;0,0
2025-11-03;TRABALHADO;385,0;Maior 720;HUMANO;Nov;1;Q4;11;94461,19
2025-11-03;TRABALHADO;7,0;Maior 720;Robô;Nov;1;Q4;11;2042,98
2025-11-03;ACIONAMENTOS;4,0;Preventivo;HUMANO;Nov;1;Q4;11;410,49
2025-11-03;ACIONAMENTOS;0,0;Preventivo;HUMANO;Nov;1;Q4;11;0,0
2025-11-03;ACIONAMENTOS;1,0;Preventivo;Robô;Nov;1;Q4;11;65,12
2025-11-03;CPC;4,0;Preventivo;HUMANO;Nov;1;Q4;11;410,49
2025-11-03;CPC;0,0;Preventivo;HUMANO;Nov;1;Q4;11;0,0
2025-11-03;CPC;1,0;Preventivo;Robô;Nov;1;Q4;11;65,12
2025-11-03;CPCA;3,0;Preventivo;HUMANO;Nov;1;Q4;11;345,37
2025-11-03;CPCA;0,0;Preventivo;HUMANO;Nov;1;Q4;11;0,0
2025-11-03;CPCA;1,0;Preventivo;Robô;Nov;1;Q4;11;65,12
2025-11-03;PROMESSA;1,0;Preventivo;HUMANO;Nov;1;Q4;11;79,9
2025-11-03;PROMESSA;0,0;Preventivo;HUMANO;Nov;1;Q4;11;0,0
2025-11-03;PROMESSA;0,0;Preventivo;Robô;Nov;1;Q4;11;0,0
2025-11-03;TRABALHADO;0,0;Preventivo;HUMANO;Nov;1;Q4;11;0,0
2025-11-03;TRABALHADO;0,0;Preventivo;HUMANO;Nov;1;Q4;11;0,0
2025-11-03;TRABALHADO;2,0;Preventivo;Robô;Nov;1;Q4;11;95,02000000000001
2025-11-03;ACIONAMENTOS;4,0;Unique;HUMANO;Nov;1;Q4;11;410,49
2025-11-03;ACIONAMENTOS;47,0;Unique;HUMANO;Nov;1;Q4;11;4282,76
2025-11-03;ACIONAMENTOS;40,0;Unique;HUMANO;Nov;1;Q4;11;7056,08
2025-11-03;ACIONAMENTOS;84,0;Unique;HUMANO;Nov;1;Q4;11;19149,68
2025-11-03;ACIONAMENTOS;45,0;Unique;HUMANO;Nov;1;Q4;11;7912,06
2025-11-03;ACIONAMENTOS;36,0;Unique;HUMANO;Nov;1;Q4;11;9730,86
2025-11-03;ACIONAMENTOS;35,0;Unique;HUMANO;Nov;1;Q4;11;9150,9
2025-11-03;ACIONAMENTOS;0,0;Unique;HUMANO;Nov;1;Q4;11;0,0
2025-11-03;ACIONAMENTOS;68,0;Unique;HUMANO;Nov;1;Q4;11;27386,510000000006
2025-11-03;ACIONAMENTOS;1,0;Unique;HUMANO;Nov;1;Q4;11;121,08000000000001
2025-11-03;ACIONAMENTOS;0,0;Unique;HUMANO;Nov;1;Q4;11;0,0
2025-11-03;ACIONAMENTOS;0,0;Unique;HUMANO;Nov;1;Q4;11;0,0
2025-11-03;ACIONAMENTOS;0,0;Unique;HUMANO;Nov;1;Q4;11;0,0
2025-11-03;ACIONAMENTOS;6,0;Unique;HUMANO;Nov;1;Q4;11;1357,59
2025-11-03;ACIONAMENTOS;1,0;Unique;HUMANO;Nov;1;Q4;11;157,13
2025-11-03;ACIONAMENTOS;1,0;Unique;HUMANO;Nov;1;Q4;11;313,26
2025-11-03;ACIONAMENTOS;3,0;Unique;HUMANO;Nov;1;Q4;11;631,88
2025-11-03;ACIONAMENTOS;0,0;Unique;HUMANO;Nov;1;Q4;11;0,0
2025-11-03;ACIONAMENTOS;1,0;Unique;HUMANO;Nov;1;Q4;11;474,32
2025-11-03;ACIONAMENTOS;0,0;Unique;HUMANO;Nov;1;Q4;11;0,0
2025-11-03;ACIONAMENTOS;1,0;Unique;Robô;Nov;1;Q4;11;65,12
2025-11-03;ACIONAMENTOS;2712,0;Unique;Robô;Nov;1;Q4;11;170898,86
2025-11-03;ACIONAMENTOS;605,0;Unique;Robô;Nov;1;Q4;11;63189,28
2025-11-03;ACIONAMENTOS;463,0;Unique;Robô;Nov;1;Q4;11;72706,53
2025-11-03;ACIONAMENTOS;563,0;Unique;Robô;Nov;1;Q4;11;63100,13
2025-11-03;ACIONAMENTOS;261,0;Unique;Robô;Nov;1;Q4;11;49188,46
2025-11-03;ACIONAMENTOS;242,0;Unique;Robô;Nov;1;Q4;11;51177,37
2025-11-03;ACIONAMENTOS;2,0;Unique;Robô;Nov;1;Q4;11;219,60000000000002
2025-11-03;ACIONAMENTOS;2,0;Unique;Robô;Nov;1;Q4;11;779,22
2025-11-03;ACIONAMENTOS;0,0;Unique;Robô;Nov;1;Q4;11;0,0
2025-11-03;CPC;4,0;Unique;HUMANO;Nov;1;Q4;11;410,49
2025-11-03;CPC;35,0;Unique;HUMANO;Nov;1;Q4;11;2958,99
2025-11-03;CPC;13,0;Unique;HUMANO;Nov;1;Q4;11;1651,71
2025-11-03;CPC;23,0;Unique;HUMANO;Nov;1;Q4;11;4965,390000000001
2025-11-03;CPC;14,0;Unique;HUMANO;Nov;1;Q4;11;2238,26
2025-11-03;CPC;11,0;Unique;HUMANO;Nov;1;Q4;11;2829,3099999999995
2025-11-03;CPC;14,0;Unique;HUMANO;Nov;1;Q4;11;3253,71
2025-11-03;CPC;0,0;Unique;HUMANO;Nov;1;Q4;11;0,0
2025-11-03;CPC;28,0;Unique;HUMANO;Nov;1;Q4;11;12253,15
2025-11-03;CPC;0,0;Unique;HUMANO;Nov;1;Q4;11;0,0
2025-11-03;CPC;0,0;Unique;HUMANO;Nov;1;Q4;11;0,0
2025-11-03;CPC;0,0;Unique;HUMANO;Nov;1;Q4;11;0,0
2025-11-03;CPC;0,0;Unique;HUMANO;Nov;1;Q4;11;0,0
2025-11-03;CPC;0,0;Unique;HUMANO;Nov;1;Q4;11;0,0
2025-11-03;CPC;0,0;Unique;HUMANO;Nov;1;Q4;11;0,0
2025-11-03;CPC;0,0;Unique;HUMANO;Nov;1;Q4;11;0,0
2025-11-03;CPC;0,0;Unique;HUMANO;Nov;1;Q4;11;0,0
2025-11-03;CPC;0,0;Unique;HUMANO;Nov;1;Q4;11;0,0
2025-11-03;CPC;0,0;Unique;HUMANO;Nov;1;Q4;11;0,0
2025-11-03;CPC;0,0;Unique;HUMANO;Nov;1;Q4;11;0,0
2025-11-03;CPC;1,0;Unique;Robô;Nov;1;Q4;11;65,12
2025-11-03;CPC;805,0;Unique;Robô;Nov;1;Q4;11;51704,63
2025-11-03;CPC;172,0;Unique;Robô;Nov;1;Q4;11;16642,62
2025-11-03;CPC;99,0;Unique;Robô;Nov;1;Q4;11;14832,49
2025-11-03;CPC;134,0;Unique;Robô;Nov;1;Q4;11;12098,95
2025-11-03;CPC;55,0;Unique;Robô;Nov;1;Q4;11;8212,609999999997
2025-11-03;CPC;33,0;Unique;Robô;Nov;1;Q4;11;5917,01
2025-11-03;CPC;0,0;Unique;Robô;Nov;1;Q4;11;0,0
2025-11-03;CPC;1,0;Unique;Robô;Nov;1;Q4;11;461,79
2025-11-03;CPC;0,0;Unique;Robô;Nov;1;Q4;11;0,0
2025-11-03;CPCA;3,0;Unique;HUMANO;Nov;1;Q4;11;345,37
2025-11-03;CPCA;23,0;Unique;HUMANO;Nov;1;Q4;11;1462,8600000000001
2025-11-03;CPCA;10,0;Unique;HUMANO;Nov;1;Q4;11;1386,2400000000002
2025-11-03;CPCA;16,0;Unique;HUMANO;Nov;1;Q4;11;3730,92
2025-11-03;CPCA;10,0;Unique;HUMANO;Nov;1;Q4;11;1469,77
2025-11-03;CPCA;6,0;Unique;HUMANO;Nov;1;Q4;11;1580,1599999999999
2025-11-03;CPCA;7,0;Unique;HUMANO;Nov;1;Q4;11;1636,15
2025-11-03;CPCA;0,0;Unique;HUMANO;Nov;1;Q4;11;0,0
2025-11-03;CPCA;20,0;Unique;HUMANO;Nov;1;Q4;11;10069,449999999999
2025-11-03;CPCA;0,0;Unique;HUMANO;Nov;1;Q4;11;0,0
2025-11-03;CPCA;0,0;Unique;HUMANO;Nov;1;Q4;11;0,0
2025-11-03;CPCA;0,0;Unique;HUMANO;Nov;1;Q4;11;0,0
2025-11-03;CPCA;0,0;Unique;HUMANO;Nov;1;Q4;11;0,0
2025-11-03;CPCA;0,0;Unique;HUMANO;Nov;1;Q4;11;0,0
2025-11-03;CPCA;0,0;Unique;HUMANO;Nov;1;Q4;11;0,0
2025-11-03;CPCA;0,0;Unique;HUMANO;Nov;1;Q4;11;0,0
2025-11-03;CPCA;0,0;Unique;HUMANO;Nov;1;Q4;11;0,0
2025-11-03;CPCA;0,0;Unique;HUMANO;Nov;1;Q4;11;0,0
2025-11-03;CPCA;0,0;Unique;HUMANO;Nov;1;Q4;11;0,0
2025-11-03;CPCA;0,0;Unique;HUMANO;Nov;1;Q4;11;0,0
2025-11-03;CPCA;1,0;Unique;Robô;Nov;1;Q4;11;65,12
2025-11-03;CPCA;774,0;Unique;Robô;Nov;1;Q4;11;49841,17999999999
2025-11-03;CPCA;162,0;Unique;Robô;Nov;1;Q4;11;15614,68
2025-11-03;CPCA;95,0;Unique;Robô;Nov;1;Q4;11;14169,989999999998
2025-11-03;CPCA;124,0;Unique;Robô;Nov;1;Q4;11;11126,579999999998
2025-11-03;CPCA;52,0;Unique;Robô;Nov;1;Q4;11;7711,969999999999
2025-11-03;CPCA;30,0;Unique;Robô;Nov;1;Q4;11;5233,61
2025-11-03;CPCA;0,0;Unique;Robô;Nov;1;Q4;11;0,0
2025-11-03;CPCA;1,0;Unique;Robô;Nov;1;Q4;11;461,79
2025-11-03;CPCA;0,0;Unique;Robô;Nov;1;Q4;11;0,0
2025-11-03;PROMESSA;1,0;Unique;HUMANO;Nov;1;Q4;11;79,9
2025-11-03;PROMESSA;20,0;Unique;HUMANO;Nov;1;Q4;11;1083,46
2025-11-03;PROMESSA;8,0;Unique;HUMANO;Nov;1;Q4;11;1177,83
2025-11-03;PROMESSA;4,0;Unique;HUMANO;Nov;1;Q4;11;933,49
2025-11-03;PROMESSA;6,0;Unique;HUMANO;Nov;1;Q4;11;986,0500000000002
2025-11-03;PROMESSA;3,0;Unique;HUMANO;Nov;1;Q4;11;759,73
2025-11-03;PROMESSA;3,0;Unique;HUMANO;Nov;1;Q4;11;844,47
2025-11-03;PROMESSA;0,0;Unique;HUMANO;Nov;1;Q4;11;0,0
2025-11-03;PROMESSA;9,0;Unique;HUMANO;Nov;1;Q4;11;1511,0100000000002
2025-11-03;PROMESSA;0,0;Unique;HUMANO;Nov;1;Q4;11;0,0
2025-11-03;PROMESSA;0,0;Unique;HUMANO;Nov;1;Q4;11;0,0
2025-11-03;PROMESSA;0,0;Unique;HUMANO;Nov;1;Q4;11;0,0
2025-11-03;PROMESSA;0,0;Unique;HUMANO;Nov;1;Q4;11;0,0
2025-11-03;PROMESSA;0,0;Unique;HUMANO;Nov;1;Q4;11;0,0
2025-11-03;PROMESSA;0,0;Unique;HUMANO;Nov;1;Q4;11;0,0
2025-11-03;PROMESSA;0,0;Unique;HUMANO;Nov;1;Q4;11;0,0
2025-11-03;PROMESSA;0,0;Unique;HUMANO;Nov;1;Q4;11;0,0
2025-11-03;PROMESSA;0,0;Unique;HUMANO;Nov;1;Q4;11;0,0
2025-11-03;PROMESSA;0,0;Unique;HUMANO;Nov;1;Q4;11;0,0
2025-11-03;PROMESSA;0,0;Unique;HUMANO;Nov;1;Q4;11;0,0
2025-11-03;PROMESSA;0,0;Unique;Robô;Nov;1;Q4;11;0,0
2025-11-03;PROMESSA;216,0;Unique;Robô;Nov;1;Q4;11;12828,84
2025-11-03;PROMESSA;37,0;Unique;Robô;Nov;1;Q4;11;3182,48
2025-11-03;PROMESSA;18,0;Unique;Robô;Nov;1;Q4;11;2764,13
2025-11-03;PROMESSA;30,0;Unique;Robô;Nov;1;Q4;11;2214,0000000000005
2025-11-03;PROMESSA;11,0;Unique;Robô;Nov;1;Q4;11;1380,5900000000001
2025-11-03;PROMESSA;5,0;Unique;Robô;Nov;1;Q4;11;592,1899999999999
2025-11-03;PROMESSA;0,0;Unique;Robô;Nov;1;Q4;11;0,0
2025-11-03;PROMESSA;0,0;Unique;Robô;Nov;1;Q4;11;0,0
2025-11-03;PROMESSA;0,0;Unique;Robô;Nov;1;Q4;11;0,0
2025-11-03;TRABALHADO;0,0;Unique;HUMANO;Nov;1;Q4;11;0,0
2025-11-03;TRABALHADO;0,0;Unique;HUMANO;Nov;1;Q4;11;0,0
2025-11-03;TRABALHADO;0,0;Unique;HUMANO;Nov;1;Q4;11;0,0
2025-11-03;TRABALHADO;0,0;Unique;HUMANO;Nov;1;Q4;11;0,0
2025-11-03;TRABALHADO;0,0;Unique;HUMANO;Nov;1;Q4;11;0,0
2025-11-03;TRABALHADO;0,0;Unique;HUMANO;Nov;1;Q4;11;0,0
2025-11-03;TRABALHADO;0,0;Unique;HUMANO;Nov;1;Q4;11;0,0
2025-11-03;TRABALHADO;0,0;Unique;HUMANO;Nov;1;Q4;11;0,0
2025-11-03;TRABALHADO;0,0;Unique;HUMANO;Nov;1;Q4;11;0,0
2025-11-03;TRABALHADO;0,0;Unique;HUMANO;Nov;1;Q4;11;0,0
2025-11-03;TRABALHADO;0,0;Unique;HUMANO;Nov;1;Q4;11;0,0
2025-11-03;TRABALHADO;258,0;Unique;HUMANO;Nov;1;Q4;11;63313,380000000005
2025-11-03;TRABALHADO;1402,0;Unique;HUMANO;Nov;1;Q4;11;299108,38
2025-11-03;TRABALHADO;3464,0;Unique;HUMANO;Nov;1;Q4;11;789490,07
2025-11-03;TRABALHADO;1786,0;Unique;HUMANO;Nov;1;Q4;11;366119,32000000007
2025-11-03;TRABALHADO;1530,0;Unique;HUMANO;Nov;1;Q4;11;428581,7200000001
2025-11-03;TRABALHADO;1765,0;Unique;HUMANO;Nov;1;Q4;11;524361,6700000002
2025-11-03;TRABALHADO;0,0;Unique;HUMANO;Nov;1;Q4;11;0,0
2025-11-03;TRABALHADO;21118,0;Unique;HUMANO;Nov;1;Q4;11;9589585,760000002
2025-11-03;TRABALHADO;385,0;Unique;HUMANO;Nov;1;Q4;11;94461,19
2025-11-03;TRABALHADO;1,0;Unique;Robô;Nov;1;Q4;11;65,12
2025-11-03;TRABALHADO;23229,0;Unique;Robô;Nov;1;Q4;11;1401287,7899999998
2025-11-03;TRABALHADO;6598,0;Unique;Robô;Nov;1;Q4;11;705684,89
2025-11-03;TRABALHADO;7284,0;Unique;Robô;Nov;1;Q4;11;1174749,4100000001
2025-11-03;TRABALHADO;8563,0;Unique;Robô;Nov;1;Q4;11;952130,73
2025-11-03;TRABALHADO;3926,0;Unique;Robô;Nov;1;Q4;11;804568,3800000001
2025-11-03;TRABALHADO;3199,0;Unique;Robô;Nov;1;Q4;11;628898,78
2025-11-03;TRABALHADO;18,0;Unique;Robô;Nov;1;Q4;11;3026,42
2025-11-03;TRABALHADO;36,0;Unique;Robô;Nov;1;Q4;11;14107,570000000003
2025-11-03;TRABALHADO;5,0;Unique;Robô;Nov;1;Q4;11;1739,0
2025-11-04;ACIONAMENTOS;76,0;0-30;HUMANO;Nov;2;Q4;11;8459,639999999998
2025-11-04;ACIONAMENTOS;0,0;0-30;HUMANO;Nov;2;Q4;11;0,0
2025-11-04;ACIONAMENTOS;3361,0;0-30;Robô;Nov;2;Q4;11;213083,65999999997
2025-11-04;CPC;51,0;0-30;HUMANO;Nov;2;Q4;11;4554,619999999999
2025-11-04;CPC;0,0;0-30;HUMANO;Nov;2;Q4;11;0,0
2025-11-04;CPC;1015,0;0-30;Robô;Nov;2;Q4;11;67499,9
2025-11-04;CPCA;26,0;0-30;HUMANO;Nov;2;Q4;11;1702,5600000000002
2025-11-04;CPCA;0,0;0-30;HUMANO;Nov;2;Q4;11;0,0
2025-11-04;CPCA;979,0;0-30;Robô;Nov;2;Q4;11;65190,53999999999
2025-11-04;PROMESSA;21,0;0-30;HUMANO;Nov;2;Q4;11;1163,36
2025-11-04;PROMESSA;0,0;0-30;HUMANO;Nov;2;Q4;11;0,0
2025-11-04;PROMESSA;264,0;0-30;Robô;Nov;2;Q4;11;16056,41
2025-11-04;TRABALHADO;0,0;0-30;HUMANO;Nov;2;Q4;11;0,0
2025-11-04;TRABALHADO;312,0;0-30;HUMANO;Nov;2;Q4;11;77174,01000000001
2025-11-04;TRABALHADO;23362,0;0-30;Robô;Nov;2;Q4;11;1419571,2899999998
2025-11-04;ACIONAMENTOS;48,0;121-150;HUMANO;Nov;2;Q4;11;13175,11
2025-11-04;ACIONAMENTOS;2,0;121-150;HUMANO;Nov;2;Q4;11;517,28
2025-11-04;ACIONAMENTOS;335,0;121-150;Robô;Nov;2;Q4;11;63244,35
2025-11-04;CPC;13,0;121-150;HUMANO;Nov;2;Q4;11;3346,5899999999997
2025-11-04;CPC;0,0;121-150;HUMANO;Nov;2;Q4;11;0,0
2025-11-04;CPC;60,0;121-150;Robô;Nov;2;Q4;11;8898,02
2025-11-04;CPCA;7,0;121-150;HUMANO;Nov;2;Q4;11;1784,1799999999998
2025-11-04;CPCA;0,0;121-150;HUMANO;Nov;2;Q4;11;0,0
2025-11-04;CPCA;57,0;121-150;Robô;Nov;2;Q4;11;8397,38
2025-11-04;PROMESSA;3,0;121-150;HUMANO;Nov;2;Q4;11;759,73
2025-11-04;PROMESSA;0,0;121-150;HUMANO;Nov;2;Q4;11;0,0
2025-11-04;PROMESSA;13,0;121-150;Robô;Nov;2;Q4;11;1676,9900000000002
2025-11-04;TRABALHADO;0,0;121-150;HUMANO;Nov;2;Q4;11;0,0
2025-11-04;TRABALHADO;1941,0;121-150;HUMANO;Nov;2;Q4;11;533869,5
2025-11-04;TRABALHADO;4615,0;121-150;Robô;Nov;2;Q4;11;1013310,41
2025-11-04;ACIONAMENTOS;50,0;151-180;HUMANO;Nov;2;Q4;11;13794,589999999998
2025-11-04;ACIONAMENTOS;3,0;151-180;HUMANO;Nov;2;Q4;11;631,88
2025-11-04;ACIONAMENTOS;313,0;151-180;Robô;Nov;2;Q4;11;65531,659999999996
2025-11-04;CPC;18,0;151-180;HUMANO;Nov;2;Q4;11;4638,5199999999995
2025-11-04;CPC;0,0;151-180;HUMANO;Nov;2;Q4;11;0,0
2025-11-04;CPC;43,0;151-180;Robô;Nov;2;Q4;11;8150,88
2025-11-04;CPCA;9,0;151-180;HUMANO;Nov;2;Q4;11;2375,15
2025-11-04;CPCA;0,0;151-180;HUMANO;Nov;2;Q4;11;0,0
2025-11-04;CPCA;40,0;151-180;Robô;Nov;2;Q4;11;7467,4800000000005
2025-11-04;PROMESSA;4,0;151-180;HUMANO;Nov;2;Q4;11;1348,0700000000002
2025-11-04;PROMESSA;0,0;151-180;HUMANO;Nov;2;Q4;11;0,0
2025-11-04;PROMESSA;6,0;151-180;Robô;Nov;2;Q4;11;651,9899999999999
2025-11-04;TRABALHADO;0,0;151-180;HUMANO;Nov;2;Q4;11;0,0
2025-11-04;TRABALHADO;2239,0;151-180;HUMANO;Nov;2;Q4;11;660102,69
2025-11-04;TRABALHADO;4023,0;151-180;Robô;Nov;2;Q4;11;885087,18
2025-11-04;ACIONAMENTOS;0,0;181-360;HUMANO;Nov;2;Q4;11;0,0
2025-11-04;ACIONAMENTOS;0,0;181-360;HUMANO;Nov;2;Q4;11;0,0
2025-11-04;ACIONAMENTOS;5,0;181-360;Robô;Nov;2;Q4;11;514,32
2025-11-04;CPC;0,0;181-360;HUMANO;Nov;2;Q4;11;0,0
2025-11-04;CPC;0,0;181-360;HUMANO;Nov;2;Q4;11;0,0
2025-11-04;CPC;0,0;181-360;Robô;Nov;2;Q4;11;0,0
2025-11-04;CPCA;0,0;181-360;HUMANO;Nov;2;Q4;11;0,0
2025-11-04;CPCA;0,0;181-360;HUMANO;Nov;2;Q4;11;0,0
2025-11-04;CPCA;0,0;181-360;Robô;Nov;2;Q4;11;0,0
2025-11-04;PROMESSA;0,0;181-360;HUMANO;Nov;2;Q4;11;0,0
2025-11-04;PROMESSA;0,0;181-360;HUMANO;Nov;2;Q4;11;0,0
2025-11-04;PROMESSA;0,0;181-360;Robô;Nov;2;Q4;11;0,0
2025-11-04;TRABALHADO;0,0;181-360;HUMANO;Nov;2;Q4;11;0,0
2025-11-04;TRABALHADO;2,0;181-360;HUMANO;Nov;2;Q4;11;691,96
2025-11-04;TRABALHADO;41,0;181-360;Robô;Nov;2;Q4;11;8296,77
2025-11-04;ACIONAMENTOS;55,0;31-60;HUMANO;Nov;2;Q4;11;9909,259999999993
2025-11-04;ACIONAMENTOS;1,0;31-60;HUMANO;Nov;2;Q4;11;319,6
2025-11-04;ACIONAMENTOS;797,0;31-60;Robô;Nov;2;Q4;11;83831,03
2025-11-04;CPC;16,0;31-60;HUMANO;Nov;2;Q4;11;2290,91
2025-11-04;CPC;0,0;31-60;HUMANO;Nov;2;Q4;11;0,0
2025-11-04;CPC;220,0;31-60;Robô;Nov;2;Q4;11;21317,79
2025-11-04;CPCA;11,0;31-60;HUMANO;Nov;2;Q4;11;1546,0400000000002
2025-11-04;CPCA;0,0;31-60;HUMANO;Nov;2;Q4;11;0,0
2025-11-04;CPCA;208,0;31-60;Robô;Nov;2;Q4;11;20004,600000000002
2025-11-04;PROMESSA;9,0;31-60;HUMANO;Nov;2;Q4;11;1337,6300000000003
2025-11-04;PROMESSA;0,0;31-60;HUMANO;Nov;2;Q4;11;0,0
2025-11-04;PROMESSA;47,0;31-60;Robô;Nov;2;Q4;11;3944,920000000001
2025-11-04;TRABALHADO;0,0;31-60;HUMANO;Nov;2;Q4;11;0,0
2025-11-04;TRABALHADO;1560,0;31-60;HUMANO;Nov;2;Q4;11;340786,71
2025-11-04;TRABALHADO;6783,0;31-60;Robô;Nov;2;Q4;11;727345,18
2025-11-04;ACIONAMENTOS;158,0;361-720;HUMANO;Nov;2;Q4;11;55783,3
2025-11-04;ACIONAMENTOS;3,0;361-720;HUMANO;Nov;2;Q4;11;693,92
2025-11-04;ACIONAMENTOS;3,0;361-720;Robô;Nov;2;Q4;11;839,02
2025-11-04;CPC;55,0;361-720;HUMANO;Nov;2;Q4;11;19274,090000000007
2025-11-04;CPC;0,0;361-720;HUMANO;Nov;2;Q4;11;0,0
2025-11-04;CPC;1,0;361-720;Robô;Nov;2;Q4;11;461,79
2025-11-04;CPCA;39,0;361-720;HUMANO;Nov;2;Q4;11;14490,769999999999
2025-11-04;CPCA;0,0;361-720;HUMANO;Nov;2;Q4;11;0,0
2025-11-04;CPCA;1,0;361-720;Robô;Nov;2;Q4;11;461,79
2025-11-04;PROMESSA;17,0;361-720;HUMANO;Nov;2;Q4;11;3701,1600000000003
2025-11-04;PROMESSA;0,0;361-720;HUMANO;Nov;2;Q4;11;0,0
2025-11-04;PROMESSA;0,0;361-720;Robô;Nov;2;Q4;11;0,0
2025-11-04;TRABALHADO;0,0;361-720;HUMANO;Nov;2;Q4;11;0,0
2025-11-04;TRABALHADO;21659,0;361-720;HUMANO;Nov;2;Q4;11;9785651,100000001
2025-11-04;TRABALHADO;134,0;361-720;Robô;Nov;2;Q4;11;59026,83
2025-11-04;ACIONAMENTOS;120,0;61-90;HUMANO;Nov;2;Q4;11;27149,16
2025-11-04;ACIONAMENTOS;10,0;61-90;HUMANO;Nov;2;Q4;11;2389,62
2025-11-04;ACIONAMENTOS;628,0;61-90;Robô;Nov;2;Q4;11;99442,48
2025-11-04;CPC;35,0;61-90;HUMANO;Nov;2;Q4;11;7117,55
2025-11-04;CPC;0,0;61-90;HUMANO;Nov;2;Q4;11;0,0
2025-11-04;CPC;127,0;61-90;Robô;Nov;2;Q4;11;19954,40000000001
2025-11-04;CPCA;24,0;61-90;HUMANO;Nov;2;Q4;11;5360,69
2025-11-04;CPCA;0,0;61-90;HUMANO;Nov;2;Q4;11;0,0
2025-11-04;CPCA;122,0;61-90;Robô;Nov;2;Q4;11;18990,410000000003
2025-11-04;PROMESSA;8,0;61-90;HUMANO;Nov;2;Q4;11;1531,23
2025-11-04;PROMESSA;0,0;61-90;HUMANO;Nov;2;Q4;11;0,0
2025-11-04;PROMESSA;23,0;61-90;Robô;Nov;2;Q4;11;3665,04
2025-11-04;TRABALHADO;0,0;61-90;HUMANO;Nov;2;Q4;11;0,0
2025-11-04;TRABALHADO;3957,0;61-90;HUMANO;Nov;2;Q4;11;904653,3200000001
2025-11-04;TRABALHADO;7543,0;61-90;Robô;Nov;2;Q4;11;1248381,65
2025-11-04;ACIONAMENTOS;75,0;91-120;HUMANO;Nov;2;Q4;11;13352,289999999999
2025-11-04;ACIONAMENTOS;1,0;91-120;HUMANO;Nov;2;Q4;11;157,13
2025-11-04;ACIONAMENTOS;747,0;91-120;Robô;Nov;2;Q4;11;81878,53000000001
2025-11-04;CPC;21,0;91-120;HUMANO;Nov;2;Q4;11;3511,600000000001
2025-11-04;CPC;0,0;91-120;HUMANO;Nov;2;Q4;11;0,0
2025-11-04;CPC;167,0;91-120;Robô;Nov;2;Q4;11;15002,16
2025-11-04;CPCA;14,0;91-120;HUMANO;Nov;2;Q4;11;2295,57
2025-11-04;CPCA;0,0;91-120;HUMANO;Nov;2;Q4;11;0,0
2025-11-04;CPCA;158,0;91-120;Robô;Nov;2;Q4;11;14089,59
2025-11-04;PROMESSA;7,0;91-120;HUMANO;Nov;2;Q4;11;1300,79
2025-11-04;PROMESSA;0,0;91-120;HUMANO;Nov;2;Q4;11;0,0
2025-11-04;PROMESSA;45,0;91-120;Robô;Nov;2;Q4;11;3175,840000000001
2025-11-04;TRABALHADO;0,0;91-120;HUMANO;Nov;2;Q4;11;0,0
2025-11-04;TRABALHADO;2453,0;91-120;HUMANO;Nov;2;Q4;11;492402,69999999995
2025-11-04;TRABALHADO;8680,0;91-120;Robô;Nov;2;Q4;11;972880,76
2025-11-04;ACIONAMENTOS;4,0;Esforço;HUMANO;Nov;2;Q4;11;410,49
2025-11-04;ACIONAMENTOS;82,0;Esforço;HUMANO;Nov;2;Q4;11;8848,839999999998
2025-11-04;ACIONAMENTOS;60,0;Esforço;HUMANO;Nov;2;Q4;11;11010,909999999998
2025-11-04;ACIONAMENTOS;130,0;Esforço;HUMANO;Nov;2;Q4;11;28988,44
2025-11-04;ACIONAMENTOS;76,0;Esforço;HUMANO;Nov;2;Q4;11;13509,42
2025-11-04;ACIONAMENTOS;52,0;Esforço;HUMANO;Nov;2;Q4;11;13967,77
2025-11-04;ACIONAMENTOS;52,0;Esforço;HUMANO;Nov;2;Q4;11;14187,749999999998
2025-11-04;ACIONAMENTOS;0,0;Esforço;HUMANO;Nov;2;Q4;11;0,0
2025-11-04;ACIONAMENTOS;166,0;Esforço;HUMANO;Nov;2;Q4;11;56660,09
2025-11-04;ACIONAMENTOS;1,0;Esforço;HUMANO;Nov;2;Q4;11;121,08000000000001
2025-11-04;ACIONAMENTOS;0,0;Esforço;HUMANO;Nov;2;Q4;11;0,0
2025-11-04;ACIONAMENTOS;0,0;Esforço;HUMANO;Nov;2;Q4;11;0,0
2025-11-04;ACIONAMENTOS;1,0;Esforço;HUMANO;Nov;2;Q4;11;319,6
2025-11-04;ACIONAMENTOS;10,0;Esforço;HUMANO;Nov;2;Q4;11;2389,62
2025-11-04;ACIONAMENTOS;1,0;Esforço;HUMANO;Nov;2;Q4;11;157,13
2025-11-04;ACIONAMENTOS;2,0;Esforço;HUMANO;Nov;2;Q4;11;517,28
2025-11-04;ACIONAMENTOS;3,0;Esforço;HUMANO;Nov;2;Q4;11;631,88
2025-11-04;ACIONAMENTOS;0,0;Esforço;HUMANO;Nov;2;Q4;11;0,0
2025-11-04;ACIONAMENTOS;3,0;Esforço;HUMANO;Nov;2;Q4;11;693,9200000000001
2025-11-04;ACIONAMENTOS;0,0;Esforço;HUMANO;Nov;2;Q4;11;0,0
2025-11-04;ACIONAMENTOS;1,0;Esforço;Robô;Nov;2;Q4;11;65,12
2025-11-04;ACIONAMENTOS;6263,0;Esforço;Robô;Nov;2;Q4;11;212960,93
2025-11-04;ACIONAMENTOS;1484,0;Esforço;Robô;Nov;2;Q4;11;79445,07
2025-11-04;ACIONAMENTOS;1251,0;Esforço;Robô;Nov;2;Q4;11;89330,70000000001
2025-11-04;ACIONAMENTOS;1335,0;Esforço;Robô;Nov;2;Q4;11;74527,23000000001
2025-11-04;ACIONAMENTOS;619,0;Esforço;Robô;Nov;2;Q4;11;55175,8
2025-11-04;ACIONAMENTOS;536,0;Esforço;Robô;Nov;2;Q4;11;55176,82000000001
2025-11-04;ACIONAMENTOS;6,0;Esforço;Robô;Nov;2;Q4;11;833,92
2025-11-04;ACIONAMENTOS;5,0;Esforço;Robô;Nov;2;Q4;11;694,66
2025-11-04;ACIONAMENTOS;0,0;Esforço;Robô;Nov;2;Q4;11;0,0
2025-11-04;CPC;4,0;Esforço;HUMANO;Nov;2;Q4;11;410,49
2025-11-04;CPC;54,0;Esforço;HUMANO;Nov;2;Q4;11;4694,319999999999
2025-11-04;CPC;16,0;Esforço;HUMANO;Nov;2;Q4;11;2290,9100000000003
2025-11-04;CPC;36,0;Esforço;HUMANO;Nov;2;Q4;11;7147,45
2025-11-04;CPC;21,0;Esforço;HUMANO;Nov;2;Q4;11;3511,6000000000004
2025-11-04;CPC;13,0;Esforço;HUMANO;Nov;2;Q4;11;3346,5899999999992
2025-11-04;CPC;18,0;Esforço;HUMANO;Nov;2;Q4;11;4638,52
2025-11-04;CPC;0,0;Esforço;HUMANO;Nov;2;Q4;11;0,0
2025-11-04;CPC;56,0;Esforço;HUMANO;Nov;2;Q4;11;19343,33
2025-11-04;CPC;0,0;Esforço;HUMANO;Nov;2;Q4;11;0,0
2025-11-04;CPC;0,0;Esforço;HUMANO;Nov;2;Q4;11;0,0
2025-11-04;CPC;0,0;Esforço;HUMANO;Nov;2;Q4;11;0,0
2025-11-04;CPC;0,0;Esforço;HUMANO;Nov;2;Q4;11;0,0
2025-11-04;CPC;0,0;Esforço;HUMANO;Nov;2;Q4;11;0,0
2025-11-04;CPC;0,0;Esforço;HUMANO;Nov;2;Q4;11;0,0
2025-11-04;CPC;0,0;Esforço;HUMANO;Nov;2;Q4;11;0,0
2025-11-04;CPC;0,0;Esforço;HUMANO;Nov;2;Q4;11;0,0
2025-11-04;CPC;0,0;Esforço;HUMANO;Nov;2;Q4;11;0,0
2025-11-04;CPC;0,0;Esforço;HUMANO;Nov;2;Q4;11;0,0
2025-11-04;CPC;0,0;Esforço;HUMANO;Nov;2;Q4;11;0,0
2025-11-04;CPC;1,0;Esforço;Robô;Nov;2;Q4;11;65,12
2025-11-04;CPC;1181,0;Esforço;Robô;Nov;2;Q4;11;67036,48999999999
2025-11-04;CPC;342,0;Esforço;Robô;Nov;2;Q4;11;20182,93
2025-11-04;CPC;151,0;Esforço;Robô;Nov;2;Q4;11;19257,029999999995
2025-11-04;CPC;209,0;Esforço;Robô;Nov;2;Q4;11;14871,839999999998
2025-11-04;CPC;66,0;Esforço;Robô;Nov;2;Q4;11;8832,429999999998
2025-11-04;CPC;52,0;Esforço;Robô;Nov;2;Q4;11;7797,990000000001
2025-11-04;CPC;0,0;Esforço;Robô;Nov;2;Q4;11;0,0
2025-11-04;CPC;2,0;Esforço;Robô;Nov;2;Q4;11;0,0
2025-11-04;CPC;0,0;Esforço;Robô;Nov;2;Q4;11;0,0
2025-11-04;CPCA;3,0;Esforço;HUMANO;Nov;2;Q4;11;345,37
2025-11-04;CPCA;27,0;Esforço;HUMANO;Nov;2;Q4;11;1732,4600000000003
2025-11-04;CPCA;11,0;Esforço;HUMANO;Nov;2;Q4;11;1546,04
2025-11-04;CPCA;25,0;Esforço;HUMANO;Nov;2;Q4;11;5390,59
2025-11-04;CPCA;14,0;Esforço;HUMANO;Nov;2;Q4;11;2295,57
2025-11-04;CPCA;7,0;Esforço;HUMANO;Nov;2;Q4;11;1784,18
2025-11-04;CPCA;9,0;Esforço;HUMANO;Nov;2;Q4;11;2375,15
2025-11-04;CPCA;0,0;Esforço;HUMANO;Nov;2;Q4;11;0,0
2025-11-04;CPCA;40,0;Esforço;HUMANO;Nov;2;Q4;11;14560,01
2025-11-04;CPCA;0,0;Esforço;HUMANO;Nov;2;Q4;11;0,0
2025-11-04;CPCA;0,0;Esforço;HUMANO;Nov;2;Q4;11;0,0
2025-11-04;CPCA;0,0;Esforço;HUMANO;Nov;2;Q4;11;0,0
2025-11-04;CPCA;0,0;Esforço;HUMANO;Nov;2;Q4;11;0,0
2025-11-04;CPCA;0,0;Esforço;HUMANO;Nov;2;Q4;11;0,0
2025-11-04;CPCA;0,0;Esforço;HUMANO;Nov;2;Q4;11;0,0
2025-11-04;CPCA;0,0;Esforço;HUMANO;Nov;2;Q4;11;0,0
2025-11-04;CPCA;0,0;Esforço;HUMANO;Nov;2;Q4;11;0,0
2025-11-04;CPCA;0,0;Esforço;HUMANO;Nov;2;Q4;11;0,0
2025-11-04;CPCA;0,0;Esforço;HUMANO;Nov;2;Q4;11;0,0
2025-11-04;CPCA;0,0;Esforço;HUMANO;Nov;2;Q4;11;0,0
2025-11-04;CPCA;1,0;Esforço;Robô;Nov;2;Q4;11;65,12
2025-11-04;CPCA;1130,0;Esforço;Robô;Nov;2;Q4;11;65005,17
2025-11-04;CPCA;306,0;Esforço;Robô;Nov;2;Q4;11;18845,549999999996
2025-11-04;CPCA;141,0;Esforço;Robô;Nov;2;Q4;11;18233,96
2025-11-04;CPCA;193,0;Esforço;Robô;Nov;2;Q4;11;13799,469999999998
2025-11-04;CPCA;62,0;Esforço;Robô;Nov;2;Q4;11;8651,39
2025-11-04;CPCA;48,0;Esforço;Robô;Nov;2;Q4;11;7114,59
2025-11-04;CPCA;0,0;Esforço;Robô;Nov;2;Q4;11;0,0
2025-11-04;CPCA;2,0;Esforço;Robô;Nov;2;Q4;11;0,0
2025-11-04;CPCA;0,0;Esforço;Robô;Nov;2;Q4;11;0,0
2025-11-04;PROMESSA;1,0;Esforço;HUMANO;Nov;2;Q4;11;79,9
2025-11-04;PROMESSA;22,0;Esforço;HUMANO;Nov;2;Q4;11;1193,2600000000002
2025-11-04;PROMESSA;9,0;Esforço;HUMANO;Nov;2;Q4;11;1337,6299999999999
2025-11-04;PROMESSA;9,0;Esforço;HUMANO;Nov;2;Q4;11;1561,13
2025-11-04;PROMESSA;7,0;Esforço;HUMANO;Nov;2;Q4;11;1300,79
2025-11-04;PROMESSA;3,0;Esforço;HUMANO;Nov;2;Q4;11;759,73
2025-11-04;PROMESSA;4,0;Esforço;HUMANO;Nov;2;Q4;11;1348,0700000000002
2025-11-04;PROMESSA;0,0;Esforço;HUMANO;Nov;2;Q4;11;0,0
2025-11-04;PROMESSA;18,0;Esforço;HUMANO;Nov;2;Q4;11;3770,4
2025-11-04;PROMESSA;0,0;Esforço;HUMANO;Nov;2;Q4;11;0,0
2025-11-04;PROMESSA;0,0;Esforço;HUMANO;Nov;2;Q4;11;0,0
2025-11-04;PROMESSA;0,0;Esforço;HUMANO;Nov;2;Q4;11;0,0
2025-11-04;PROMESSA;0,0;Esforço;HUMANO;Nov;2;Q4;11;0,0
2025-11-04;PROMESSA;0,0;Esforço;HUMANO;Nov;2;Q4;11;0,0
2025-11-04;PROMESSA;0,0;Esforço;HUMANO;Nov;2;Q4;11;0,0
2025-11-04;PROMESSA;0,0;Esforço;HUMANO;Nov;2;Q4;11;0,0
2025-11-04;PROMESSA;0,0;Esforço;HUMANO;Nov;2;Q4;11;0,0
2025-11-04;PROMESSA;0,0;Esforço;HUMANO;Nov;2;Q4;11;0,0
2025-11-04;PROMESSA;0,0;Esforço;HUMANO;Nov;2;Q4;11;0,0
2025-11-04;PROMESSA;0,0;Esforço;HUMANO;Nov;2;Q4;11;0,0
2025-11-04;PROMESSA;0,0;Esforço;Robô;Nov;2;Q4;11;0,0
2025-11-04;PROMESSA;264,0;Esforço;Robô;Nov;2;Q4;11;16056,41
2025-11-04;PROMESSA;48,0;Esforço;Robô;Nov;2;Q4;11;3685,120000000001
2025-11-04;PROMESSA;23,0;Esforço;Robô;Nov;2;Q4;11;3665,04
2025-11-04;PROMESSA;45,0;Esforço;Robô;Nov;2;Q4;11;3175,8400000000006
2025-11-04;PROMESSA;13,0;Esforço;Robô;Nov;2;Q4;11;1676,9900000000002
2025-11-04;PROMESSA;6,0;Esforço;Robô;Nov;2;Q4;11;651,9899999999999
2025-11-04;PROMESSA;0,0;Esforço;Robô;Nov;2;Q4;11;0,0
2025-11-04;PROMESSA;0,0;Esforço;Robô;Nov;2;Q4;11;0,0
2025-11-04;PROMESSA;0,0;Esforço;Robô;Nov;2;Q4;11;0,0
2025-11-04;TRABALHADO;0,0;Esforço;HUMANO;Nov;2;Q4;11;0,0
2025-11-04;TRABALHADO;0,0;Esforço;HUMANO;Nov;2;Q4;11;0,0
2025-11-04;TRABALHADO;0,0;Esforço;HUMANO;Nov;2;Q4;11;0,0
2025-11-04;TRABALHADO;0,0;Esforço;HUMANO;Nov;2;Q4;11;0,0
2025-11-04;TRABALHADO;0,0;Esforço;HUMANO;Nov;2;Q4;11;0,0
2025-11-04;TRABALHADO;0,0;Esforço;HUMANO;Nov;2;Q4;11;0,0
2025-11-04;TRABALHADO;0,0;Esforço;HUMANO;Nov;2;Q4;11;0,0
2025-11-04;TRABALHADO;0,0;Esforço;HUMANO;Nov;2;Q4;11;0,0
2025-11-04;TRABALHADO;0,0;Esforço;HUMANO;Nov;2;Q4;11;0,0
2025-11-04;TRABALHADO;0,0;Esforço;HUMANO;Nov;2;Q4;11;0,0
2025-11-04;TRABALHADO;0,0;Esforço;HUMANO;Nov;2;Q4;11;0,0
2025-11-04;TRABALHADO;828,0;Esforço;HUMANO;Nov;2;Q4;11;191873,65000000002
2025-11-04;TRABALHADO;4540,0;Esforço;HUMANO;Nov;2;Q4;11;941315,6599999999
2025-11-04;TRABALHADO;10603,0;Esforço;HUMANO;Nov;2;Q4;11;2312606,53
2025-11-04;TRABALHADO;6985,0;Esforço;HUMANO;Nov;2;Q4;11;1331824,13
2025-11-04;TRABALHADO;4685,0;Esforço;HUMANO;Nov;2;Q4;11;1234156,41
2025-11-04;TRABALHADO;5229,0;Esforço;HUMANO;Nov;2;Q4;11;1512620,96
2025-11-04;TRABALHADO;3,0;Esforço;HUMANO;Nov;2;Q4;11;1179,9
2025-11-04;TRABALHADO;46038,0;Esforço;HUMANO;Nov;2;Q4;11;21197508,27
2025-11-04;TRABALHADO;475,0;Esforço;HUMANO;Nov;2;Q4;11;115672,09000000001
2025-11-04;TRABALHADO;4,0;Esforço;Robô;Nov;2;Q4;11;172,13
2025-11-04;TRABALHADO;346781,0;Esforço;Robô;Nov;2;Q4;11;21499,909999999996
2025-11-04;TRABALHADO;105007,0;Esforço;Robô;Nov;2;Q4;11;68773,23000000001
2025-11-04;TRABALHADO;125619,0;Esforço;Robô;Nov;2;Q4;11;148690,03999999998
2025-11-04;TRABALHADO;135846,0;Esforço;Robô;Nov;2;Q4;11;109423,00999999998
2025-11-04;TRABALHADO;63375,0;Esforço;Robô;Nov;2;Q4;11;79642,96
2025-11-04;TRABALHADO;62854,0;Esforço;Robô;Nov;2;Q4;11;27107,909999999996
2025-11-04;TRABALHADO;417,0;Esforço;Robô;Nov;2;Q4;11;540,4
2025-11-04;TRABALHADO;1052,0;Esforço;Robô;Nov;2;Q4;11;4837,47
2025-11-04;TRABALHADO;186,0;Esforço;Robô;Nov;2;Q4;11;504,07
2025-11-04;ACIONAMENTOS;1,0;Maior 720;HUMANO;Nov;2;Q4;11;121,08000000000001
2025-11-04;ACIONAMENTOS;0,0;Maior 720;HUMANO;Nov;2;Q4;11;0,0
2025-11-04;ACIONAMENTOS;0,0;Maior 720;Robô;Nov;2;Q4;11;0,0
2025-11-04;CPC;0,0;Maior 720;HUMANO;Nov;2;Q4;11;0,0
2025-11-04;CPC;0,0;Maior 720;HUMANO;Nov;2;Q4;11;0,0
2025-11-04;CPC;0,0;Maior 720;Robô;Nov;2;Q4;11;0,0
2025-11-04;CPCA;0,0;Maior 720;HUMANO;Nov;2;Q4;11;0,0
2025-11-04;CPCA;0,0;Maior 720;HUMANO;Nov;2;Q4;11;0,0
2025-11-04;CPCA;0,0;Maior 720;Robô;Nov;2;Q4;11;0,0
2025-11-04;PROMESSA;0,0;Maior 720;HUMANO;Nov;2;Q4;11;0,0
2025-11-04;PROMESSA;0,0;Maior 720;HUMANO;Nov;2;Q4;11;0,0
2025-11-04;PROMESSA;0,0;Maior 720;Robô;Nov;2;Q4;11;0,0
2025-11-04;TRABALHADO;0,0;Maior 720;HUMANO;Nov;2;Q4;11;0,0
2025-11-04;TRABALHADO;385,0;Maior 720;HUMANO;Nov;2;Q4;11;94461,19
2025-11-04;TRABALHADO;23,0;Maior 720;Robô;Nov;2;Q4;11;7200,110000000001
2025-11-04;ACIONAMENTOS;4,0;Preventivo;HUMANO;Nov;2;Q4;11;410,49
2025-11-04;ACIONAMENTOS;0,0;Preventivo;HUMANO;Nov;2;Q4;11;0,0
2025-11-04;ACIONAMENTOS;1,0;Preventivo;Robô;Nov;2;Q4;11;65,12
2025-11-04;CPC;4,0;Preventivo;HUMANO;Nov;2;Q4;11;410,49
2025-11-04;CPC;0,0;Preventivo;HUMANO;Nov;2;Q4;11;0,0
2025-11-04;CPC;1,0;Preventivo;Robô;Nov;2;Q4;11;65,12
2025-11-04;CPCA;3,0;Preventivo;HUMANO;Nov;2;Q4;11;345,37
2025-11-04;CPCA;0,0;Preventivo;HUMANO;Nov;2;Q4;11;0,0
2025-11-04;CPCA;1,0;Preventivo;Robô;Nov;2;Q4;11;65,12
2025-11-04;PROMESSA;1,0;Preventivo;HUMANO;Nov;2;Q4;11;79,9
2025-11-04;PROMESSA;0,0;Preventivo;HUMANO;Nov;2;Q4;11;0,0
2025-11-04;PROMESSA;0,0;Preventivo;Robô;Nov;2;Q4;11;0,0
2025-11-04;TRABALHADO;0,0;Preventivo;HUMANO;Nov;2;Q4;11;0,0
2025-11-04;TRABALHADO;0,0;Preventivo;HUMANO;Nov;2;Q4;11;0,0
2025-11-04;TRABALHADO;2,0;Preventivo;Robô;Nov;2;Q4;11;95,02000000000001
2025-11-04;ACIONAMENTOS;4,0;Unique;HUMANO;Nov;2;Q4;11;410,49
2025-11-04;ACIONAMENTOS;75,0;Unique;HUMANO;Nov;2;Q4;11;8274,07
2025-11-04;ACIONAMENTOS;55,0;Unique;HUMANO;Nov;2;Q4;11;9909,259999999993
2025-11-04;ACIONAMENTOS;120,0;Unique;HUMANO;Nov;2;Q4;11;27149,16
2025-11-04;ACIONAMENTOS;75,0;Unique;HUMANO;Nov;2;Q4;11;13352,289999999999
2025-11-04;ACIONAMENTOS;48,0;Unique;HUMANO;Nov;2;Q4;11;13175,11
2025-11-04;ACIONAMENTOS;50,0;Unique;HUMANO;Nov;2;Q4;11;13794,589999999998
2025-11-04;ACIONAMENTOS;0,0;Unique;HUMANO;Nov;2;Q4;11;0,0
2025-11-04;ACIONAMENTOS;156,0;Unique;HUMANO;Nov;2;Q4;11;55189,83
2025-11-04;ACIONAMENTOS;1,0;Unique;HUMANO;Nov;2;Q4;11;121,08000000000001
2025-11-04;ACIONAMENTOS;0,0;Unique;HUMANO;Nov;2;Q4;11;0,0
2025-11-04;ACIONAMENTOS;0,0;Unique;HUMANO;Nov;2;Q4;11;0,0
2025-11-04;ACIONAMENTOS;1,0;Unique;HUMANO;Nov;2;Q4;11;319,6
2025-11-04;ACIONAMENTOS;10,0;Unique;HUMANO;Nov;2;Q4;11;2389,62
2025-11-04;ACIONAMENTOS;1,0;Unique;HUMANO;Nov;2;Q4;11;157,13
2025-11-04;ACIONAMENTOS;2,0;Unique;HUMANO;Nov;2;Q4;11;517,28
2025-11-04;ACIONAMENTOS;3,0;Unique;HUMANO;Nov;2;Q4;11;631,88
2025-11-04;ACIONAMENTOS;0,0;Unique;HUMANO;Nov;2;Q4;11;0,0
2025-11-04;ACIONAMENTOS;3,0;Unique;HUMANO;Nov;2;Q4;11;693,92
2025-11-04;ACIONAMENTOS;0,0;Unique;HUMANO;Nov;2;Q4;11;0,0
2025-11-04;ACIONAMENTOS;1,0;Unique;Robô;Nov;2;Q4;11;65,12
2025-11-04;ACIONAMENTOS;2074,0;Unique;Robô;Nov;2;Q4;11;136280,72999999998
2025-11-04;ACIONAMENTOS;497,0;Unique;Robô;Nov;2;Q4;11;55637,62
2025-11-04;ACIONAMENTOS;418,0;Unique;Robô;Nov;2;Q4;11;71814,81
2025-11-04;ACIONAMENTOS;477,0;Unique;Robô;Nov;2;Q4;11;55079,33
2025-11-04;ACIONAMENTOS;224,0;Unique;Robô;Nov;2;Q4;11;44510,44
2025-11-04;ACIONAMENTOS;202,0;Unique;Robô;Nov;2;Q4;11;50407,16
2025-11-04;ACIONAMENTOS;3,0;Unique;Robô;Nov;2;Q4;11;294,72
2025-11-04;ACIONAMENTOS;2,0;Unique;Robô;Nov;2;Q4;11;521,59
2025-11-04;ACIONAMENTOS;0,0;Unique;Robô;Nov;2;Q4;11;0,0
2025-11-04;CPC;4,0;Unique;HUMANO;Nov;2;Q4;11;410,49
2025-11-04;CPC;50,0;Unique;HUMANO;Nov;2;Q4;11;4369,05
2025-11-04;CPC;16,0;Unique;HUMANO;Nov;2;Q4;11;2290,91
2025-11-04;CPC;35,0;Unique;HUMANO;Nov;2;Q4;11;7117,55
2025-11-04;CPC;21,0;Unique;HUMANO;Nov;2;Q4;11;3511,600000000001
2025-11-04;CPC;13,0;Unique;HUMANO;Nov;2;Q4;11;3346,5899999999997
2025-11-04;CPC;18,0;Unique;HUMANO;Nov;2;Q4;11;4638,5199999999995
2025-11-04;CPC;0,0;Unique;HUMANO;Nov;2;Q4;11;0,0
2025-11-04;CPC;55,0;Unique;HUMANO;Nov;2;Q4;11;19274,090000000007
2025-11-04;CPC;0,0;Unique;HUMANO;Nov;2;Q4;11;0,0
2025-11-04;CPC;0,0;Unique;HUMANO;Nov;2;Q4;11;0,0
2025-11-04;CPC;0,0;Unique;HUMANO;Nov;2;Q4;11;0,0
2025-11-04;CPC;0,0;Unique;HUMANO;Nov;2;Q4;11;0,0
2025-11-04;CPC;0,0;Unique;HUMANO;Nov;2;Q4;11;0,0
2025-11-04;CPC;0,0;Unique;HUMANO;Nov;2;Q4;11;0,0
2025-11-04;CPC;0,0;Unique;HUMANO;Nov;2;Q4;11;0,0
2025-11-04;CPC;0,0;Unique;HUMANO;Nov;2;Q4;11;0,0
2025-11-04;CPC;0,0;Unique;HUMANO;Nov;2;Q4;11;0,0
2025-11-04;CPC;0,0;Unique;HUMANO;Nov;2;Q4;11;0,0
2025-11-04;CPC;0,0;Unique;HUMANO;Nov;2;Q4;11;0,0
2025-11-04;CPC;1,0;Unique;Robô;Nov;2;Q4;11;65,12
2025-11-04;CPC;1007,0;Unique;Robô;Nov;2;Q4;11;66607,62
2025-11-04;CPC;215,0;Unique;Robô;Nov;2;Q4;11;20922,21
2025-11-04;CPC;127,0;Unique;Robô;Nov;2;Q4;11;19954,40000000001
2025-11-04;CPC;166,0;Unique;Robô;Nov;2;Q4;11;14842,36
2025-11-04;CPC;60,0;Unique;Robô;Nov;2;Q4;11;8898,02
2025-11-04;CPC;43,0;Unique;Robô;Nov;2;Q4;11;8150,88
2025-11-04;CPC;0,0;Unique;Robô;Nov;2;Q4;11;0,0
2025-11-04;CPC;1,0;Unique;Robô;Nov;2;Q4;11;461,79
2025-11-04;CPC;0,0;Unique;Robô;Nov;2;Q4;11;0,0
2025-11-04;CPCA;3,0;Unique;HUMANO;Nov;2;Q4;11;345,37
2025-11-04;CPCA;26,0;Unique;HUMANO;Nov;2;Q4;11;1702,5600000000002
2025-11-04;CPCA;11,0;Unique;HUMANO;Nov;2;Q4;11;1546,0400000000002
2025-11-04;CPCA;24,0;Unique;HUMANO;Nov;2;Q4;11;5360,69
2025-11-04;CPCA;14,0;Unique;HUMANO;Nov;2;Q4;11;2295,57
2025-11-04;CPCA;7,0;Unique;HUMANO;Nov;2;Q4;11;1784,1799999999998
2025-11-04;CPCA;9,0;Unique;HUMANO;Nov;2;Q4;11;2375,15
2025-11-04;CPCA;0,0;Unique;HUMANO;Nov;2;Q4;11;0,0
2025-11-04;CPCA;39,0;Unique;HUMANO;Nov;2;Q4;11;14490,769999999999
2025-11-04;CPCA;0,0;Unique;HUMANO;Nov;2;Q4;11;0,0
2025-11-04;CPCA;0,0;Unique;HUMANO;Nov;2;Q4;11;0,0
2025-11-04;CPCA;0,0;Unique;HUMANO;Nov;2;Q4;11;0,0
2025-11-04;CPCA;0,0;Unique;HUMANO;Nov;2;Q4;11;0,0
2025-11-04;CPCA;0,0;Unique;HUMANO;Nov;2;Q4;11;0,0
2025-11-04;CPCA;0,0;Unique;HUMANO;Nov;2;Q4;11;0,0
2025-11-04;CPCA;0,0;Unique;HUMANO;Nov;2;Q4;11;0,0
2025-11-04;CPCA;0,0;Unique;HUMANO;Nov;2;Q4;11;0,0
2025-11-04;CPCA;0,0;Unique;HUMANO;Nov;2;Q4;11;0,0
2025-11-04;CPCA;0,0;Unique;HUMANO;Nov;2;Q4;11;0,0
2025-11-04;CPCA;0,0;Unique;HUMANO;Nov;2;Q4;11;0,0
2025-11-04;CPCA;1,0;Unique;Robô;Nov;2;Q4;11;65,12
2025-11-04;CPCA;971,0;Unique;Robô;Nov;2;Q4;11;64298,26
2025-11-04;CPCA;206,0;Unique;Robô;Nov;2;Q4;11;19893,050000000003
2025-11-04;CPCA;122,0;Unique;Robô;Nov;2;Q4;11;18990,410000000003
2025-11-04;CPCA;158,0;Unique;Robô;Nov;2;Q4;11;14089,59
2025-11-04;CPCA;57,0;Unique;Robô;Nov;2;Q4;11;8397,38
2025-11-04;CPCA;40,0;Unique;Robô;Nov;2;Q4;11;7467,4800000000005
2025-11-04;CPCA;0,0;Unique;Robô;Nov;2;Q4;11;0,0
2025-11-04;CPCA;1,0;Unique;Robô;Nov;2;Q4;11;461,79
2025-11-04;CPCA;0,0;Unique;Robô;Nov;2;Q4;11;0,0
2025-11-04;PROMESSA;1,0;Unique;HUMANO;Nov;2;Q4;11;79,9
2025-11-04;PROMESSA;21,0;Unique;HUMANO;Nov;2;Q4;11;1163,36
2025-11-04;PROMESSA;9,0;Unique;HUMANO;Nov;2;Q4;11;1337,6300000000003
2025-11-04;PROMESSA;8,0;Unique;HUMANO;Nov;2;Q4;11;1531,23
2025-11-04;PROMESSA;7,0;Unique;HUMANO;Nov;2;Q4;11;1300,79
2025-11-04;PROMESSA;3,0;Unique;HUMANO;Nov;2;Q4;11;759,73
2025-11-04;PROMESSA;4,0;Unique;HUMANO;Nov;2;Q4;11;1348,0700000000002
2025-11-04;PROMESSA;0,0;Unique;HUMANO;Nov;2;Q4;11;0,0
2025-11-04;PROMESSA;17,0;Unique;HUMANO;Nov;2;Q4;11;3701,1600000000003
2025-11-04;PROMESSA;0,0;Unique;HUMANO;Nov;2;Q4;11;0,0
2025-11-04;PROMESSA;0,0;Unique;HUMANO;Nov;2;Q4;11;0,0
2025-11-04;PROMESSA;0,0;Unique;HUMANO;Nov;2;Q4;11;0,0
2025-11-04;PROMESSA;0,0;Unique;HUMANO;Nov;2;Q4;11;0,0
2025-11-04;PROMESSA;0,0;Unique;HUMANO;Nov;2;Q4;11;0,0
2025-11-04;PROMESSA;0,0;Unique;HUMANO;Nov;2;Q4;11;0,0
2025-11-04;PROMESSA;0,0;Unique;HUMANO;Nov;2;Q4;11;0,0
2025-11-04;PROMESSA;0,0;Unique;HUMANO;Nov;2;Q4;11;0,0
2025-11-04;PROMESSA;0,0;Unique;HUMANO;Nov;2;Q4;11;0,0
2025-11-04;PROMESSA;0,0;Unique;HUMANO;Nov;2;Q4;11;0,0
2025-11-04;PROMESSA;0,0;Unique;HUMANO;Nov;2;Q4;11;0,0
2025-11-04;PROMESSA;0,0;Unique;Robô;Nov;2;Q4;11;0,0
2025-11-04;PROMESSA;264,0;Unique;Robô;Nov;2;Q4;11;16056,41
2025-11-04;PROMESSA;47,0;Unique;Robô;Nov;2;Q4;11;3944,920000000001
2025-11-04;PROMESSA;23,0;Unique;Robô;Nov;2;Q4;11;3665,04
2025-11-04;PROMESSA;45,0;Unique;Robô;Nov;2;Q4;11;3175,840000000001
2025-11-04;PROMESSA;13,0;Unique;Robô;Nov;2;Q4;11;1676,9900000000002
2025-11-04;PROMESSA;6,0;Unique;Robô;Nov;2;Q4;11;651,9899999999999
2025-11-04;PROMESSA;0,0;Unique;Robô;Nov;2;Q4;11;0,0
2025-11-04;PROMESSA;0,0;Unique;Robô;Nov;2;Q4;11;0,0
2025-11-04;PROMESSA;0,0;Unique;Robô;Nov;2;Q4;11;0,0
2025-11-04;TRABALHADO;0,0;Unique;HUMANO;Nov;2;Q4;11;0,0
2025-11-04;TRABALHADO;0,0;Unique;HUMANO;Nov;2;Q4;11;0,0
2025-11-04;TRABALHADO;0,0;Unique;HUMANO;Nov;2;Q4;11;0,0
2025-11-04;TRABALHADO;0,0;Unique;HUMANO;Nov;2;Q4;11;0,0
2025-11-04;TRABALHADO;0,0;Unique;HUMANO;Nov;2;Q4;11;0,0
2025-11-04;TRABALHADO;0,0;Unique;HUMANO;Nov;2;Q4;11;0,0
2025-11-04;TRABALHADO;0,0;Unique;HUMANO;Nov;2;Q4;11;0,0
2025-11-04;TRABALHADO;0,0;Unique;HUMANO;Nov;2;Q4;11;0,0
2025-11-04;TRABALHADO;0,0;Unique;HUMANO;Nov;2;Q4;11;0,0
2025-11-04;TRABALHADO;0,0;Unique;HUMANO;Nov;2;Q4;11;0,0
2025-11-04;TRABALHADO;0,0;Unique;HUMANO;Nov;2;Q4;11;0,0
2025-11-04;TRABALHADO;311,0;Unique;HUMANO;Nov;2;Q4;11;76999,88999999998
2025-11-04;TRABALHADO;1551,0;Unique;HUMANO;Nov;2;Q4;11;339026,12
2025-11-04;TRABALHADO;3954,0;Unique;HUMANO;Nov;2;Q4;11;903425,4
2025-11-04;TRABALHADO;2450,0;Unique;HUMANO;Nov;2;Q4;11;491662,83
2025-11-04;TRABALHADO;1941,0;Unique;HUMANO;Nov;2;Q4;11;533869,5
2025-11-04;TRABALHADO;2206,0;Unique;HUMANO;Nov;2;Q4;11;649812,35
2025-11-04;TRABALHADO;2,0;Unique;HUMANO;Nov;2;Q4;11;691,96
2025-11-04;TRABALHADO;21654,0;Unique;HUMANO;Nov;2;Q4;11;9784387,19
2025-11-04;TRABALHADO;385,0;Unique;HUMANO;Nov;2;Q4;11;94461,19
2025-11-04;TRABALHADO;1,0;Unique;Robô;Nov;2;Q4;11;65,12
2025-11-04;TRABALHADO;23261,0;Unique;Robô;Nov;2;Q4;11;1411688,88
2025-11-04;TRABALHADO;6658,0;Unique;Robô;Nov;2;Q4;11;713113,73
2025-11-04;TRABALHADO;7507,0;Unique;Robô;Nov;2;Q4;11;1244703,29
2025-11-04;TRABALHADO;8639,0;Unique;Robô;Nov;2;Q4;11;969381,53
2025-11-04;TRABALHADO;3803,0;Unique;Robô;Nov;2;Q4;11;759249,49
2025-11-04;TRABALHADO;3889,0;Unique;Robô;Nov;2;Q4;11;844012,8400000001
2025-11-04;TRABALHADO;39,0;Unique;Robô;Nov;2;Q4;11;6909,469999999998
2025-11-04;TRABALHADO;134,0;Unique;Robô;Nov;2;Q4;11;59026,83
2025-11-04;TRABALHADO;21,0;Unique;Robô;Nov;2;Q4;11;6896,13
2025-11-05;ACIONAMENTOS;91,0;0-30;HUMANO;Nov;3;Q4;11;11636,499999999998
2025-11-05;ACIONAMENTOS;0,0;0-30;HUMANO;Nov;3;Q4;11;0,0
2025-11-05;ACIONAMENTOS;3716,0;0-30;Robô;Nov;3;Q4;11;241969,03999999998
2025-11-05;CPC;53,0;0-30;HUMANO;Nov;3;Q4;11;4974,19
2025-11-05;CPC;0,0;0-30;HUMANO;Nov;3;Q4;11;0,0
2025-11-05;CPC;1158,0;0-30;Robô;Nov;3;Q4;11;81261,4
2025-11-05;CPCA;27,0;0-30;HUMANO;Nov;3;Q4;11;1782,46
2025-11-05;CPCA;0,0;0-30;HUMANO;Nov;3;Q4;11;0,0
2025-11-05;CPCA;1120,0;0-30;Robô;Nov;3;Q4;11;78862,34
2025-11-05;PROMESSA;21,0;0-30;HUMANO;Nov;3;Q4;11;1163,36
2025-11-05;PROMESSA;0,0;0-30;HUMANO;Nov;3;Q4;11;0,0
2025-11-05;PROMESSA;297,0;0-30;Robô;Nov;3;Q4;11;18557,359999999997
2025-11-05;TRABALHADO;0,0;0-30;HUMANO;Nov;3;Q4;11;0,0
2025-11-05;TRABALHADO;807,0;0-30;HUMANO;Nov;3;Q4;11;177613,41
2025-11-05;TRABALHADO;24193,0;0-30;Robô;Nov;3;Q4;11;1542004,0899999999
2025-11-05;ACIONAMENTOS;73,0;121-150;HUMANO;Nov;3;Q4;11;19714,01
2025-11-05;ACIONAMENTOS;3,0;121-150;HUMANO;Nov;3;Q4;11;676,72
2025-11-05;ACIONAMENTOS;369,0;121-150;Robô;Nov;3;Q4;11;69203,34
2025-11-05;CPC;15,0;121-150;HUMANO;Nov;3;Q4;11;3819,2900000000004
2025-11-05;CPC;0,0;121-150;HUMANO;Nov;3;Q4;11;0,0
2025-11-05;CPC;71,0;121-150;Robô;Nov;3;Q4;11;10696,319999999998
2025-11-05;CPCA;7,0;121-150;HUMANO;Nov;3;Q4;11;1784,1799999999998
2025-11-05;CPCA;0,0;121-150;HUMANO;Nov;3;Q4;11;0,0
2025-11-05;CPCA;68,0;121-150;Robô;Nov;3;Q4;11;10195,679999999998
2025-11-05;PROMESSA;3,0;121-150;HUMANO;Nov;3;Q4;11;759,73
2025-11-05;PROMESSA;0,0;121-150;HUMANO;Nov;3;Q4;11;0,0
2025-11-05;PROMESSA;16,0;121-150;Robô;Nov;3;Q4;11;1854,19
2025-11-05;TRABALHADO;0,0;121-150;HUMANO;Nov;3;Q4;11;0,0
2025-11-05;TRABALHADO;2221,0;121-150;HUMANO;Nov;3;Q4;11;603576,1
2025-11-05;TRABALHADO;4647,0;121-150;Robô;Nov;3;Q4;11;1023208,87
2025-11-05;ACIONAMENTOS;68,0;151-180;HUMANO;Nov;3;Q4;11;19480,86
2025-11-05;ACIONAMENTOS;4,0;151-180;HUMANO;Nov;3;Q4;11;948,5699999999999
2025-11-05;ACIONAMENTOS;327,0;151-180;Robô;Nov;3;Q4;11;69720,9
2025-11-05;CPC;22,0;151-180;HUMANO;Nov;3;Q4;11;5867,349999999999
2025-11-05;CPC;0,0;151-180;HUMANO;Nov;3;Q4;11;0,0
2025-11-05;CPC;44,0;151-180;Robô;Nov;3;Q4;11;8477,64
2025-11-05;CPCA;10,0;151-180;HUMANO;Nov;3;Q4;11;2691,84
2025-11-05;CPCA;0,0;151-180;HUMANO;Nov;3;Q4;11;0,0
2025-11-05;CPCA;41,0;151-180;Robô;Nov;3;Q4;11;7794,240000000001
2025-11-05;PROMESSA;4,0;151-180;HUMANO;Nov;3;Q4;11;1348,0700000000002
2025-11-05;PROMESSA;0,0;151-180;HUMANO;Nov;3;Q4;11;0,0
2025-11-05;PROMESSA;6,0;151-180;Robô;Nov;3;Q4;11;651,9899999999999
2025-11-05;TRABALHADO;0,0;151-180;HUMANO;Nov;3;Q4;11;0,0
2025-11-05;TRABALHADO;2532,0;151-180;HUMANO;Nov;3;Q4;11;751910,16
2025-11-05;TRABALHADO;4027,0;151-180;Robô;Nov;3;Q4;11;886265,18
2025-11-05;ACIONAMENTOS;0,0;181-360;HUMANO;Nov;3;Q4;11;0,0
2025-11-05;ACIONAMENTOS;0,0;181-360;HUMANO;Nov;3;Q4;11;0,0
2025-11-05;ACIONAMENTOS;6,0;181-360;Robô;Nov;3;Q4;11;543,32
2025-11-05;CPC;0,0;181-360;HUMANO;Nov;3;Q4;11;0,0
2025-11-05;CPC;0,0;181-360;HUMANO;Nov;3;Q4;11;0,0
2025-11-05;CPC;0,0;181-360;Robô;Nov;3;Q4;11;0,0
2025-11-05;CPCA;0,0;181-360;HUMANO;Nov;3;Q4;11;0,0
2025-11-05;CPCA;0,0;181-360;HUMANO;Nov;3;Q4;11;0,0
2025-11-05;CPCA;0,0;181-360;Robô;Nov;3;Q4;11;0,0
2025-11-05;PROMESSA;0,0;181-360;HUMANO;Nov;3;Q4;11;0,0
2025-11-05;PROMESSA;0,0;181-360;HUMANO;Nov;3;Q4;11;0,0
2025-11-05;PROMESSA;0,0;181-360;Robô;Nov;3;Q4;11;0,0
2025-11-05;TRABALHADO;0,0;181-360;HUMANO;Nov;3;Q4;11;0,0
2025-11-05;TRABALHADO;3,0;181-360;HUMANO;Nov;3;Q4;11;925,8800000000001
2025-11-05;TRABALHADO;48,0;181-360;Robô;Nov;3;Q4;11;9935,67
2025-11-05;ACIONAMENTOS;71,0;31-60;HUMANO;Nov;3;Q4;11;13103,899999999996
2025-11-05;ACIONAMENTOS;1,0;31-60;HUMANO;Nov;3;Q4;11;319,6
2025-11-05;ACIONAMENTOS;883,0;31-60;Robô;Nov;3;Q4;11;92796,51000000001
2025-11-05;CPC;20,0;31-60;HUMANO;Nov;3;Q4;11;3149,4100000000008
2025-11-05;CPC;0,0;31-60;HUMANO;Nov;3;Q4;11;0,0
2025-11-05;CPC;256,0;31-60;Robô;Nov;3;Q4;11;25234,14
2025-11-05;CPCA;13,0;31-60;HUMANO;Nov;3;Q4;11;1865,64
2025-11-05;CPCA;0,0;31-60;HUMANO;Nov;3;Q4;11;0,0
2025-11-05;CPCA;244,0;31-60;Robô;Nov;3;Q4;11;23881,270000000004
2025-11-05;PROMESSA;10,0;31-60;HUMANO;Nov;3;Q4;11;1497,43
2025-11-05;PROMESSA;0,0;31-60;HUMANO;Nov;3;Q4;11;0,0
2025-11-05;PROMESSA;53,0;31-60;Robô;Nov;3;Q4;11;4507,099999999999
2025-11-05;TRABALHADO;0,0;31-60;HUMANO;Nov;3;Q4;11;0,0
2025-11-05;TRABALHADO;1679,0;31-60;HUMANO;Nov;3;Q4;11;365609,39
2025-11-05;TRABALHADO;6924,0;31-60;Robô;Nov;3;Q4;11;740925,4400000001
2025-11-05;ACIONAMENTOS;215,0;361-720;HUMANO;Nov;3;Q4;11;69387,63000000002
2025-11-05;ACIONAMENTOS;3,0;361-720;HUMANO;Nov;3;Q4;11;693,92
2025-11-05;ACIONAMENTOS;4,0;361-720;Robô;Nov;3;Q4;11;1460,13
2025-11-05;CPC;73,0;361-720;HUMANO;Nov;3;Q4;11;23856,98
2025-11-05;CPC;0,0;361-720;HUMANO;Nov;3;Q4;11;0,0
2025-11-05;CPC;1,0;361-720;Robô;Nov;3;Q4;11;461,79
2025-11-05;CPCA;52,0;361-720;HUMANO;Nov;3;Q4;11;18212,410000000003
2025-11-05;CPCA;0,0;361-720;HUMANO;Nov;3;Q4;11;0,0
2025-11-05;CPCA;1,0;361-720;Robô;Nov;3;Q4;11;461,79
2025-11-05;PROMESSA;23,0;361-720;HUMANO;Nov;3;Q4;11;4726,579999999999
2025-11-05;PROMESSA;0,0;361-720;HUMANO;Nov;3;Q4;11;0,0
2025-11-05;PROMESSA;0,0;361-720;Robô;Nov;3;Q4;11;0,0
2025-11-05;TRABALHADO;0,0;361-720;HUMANO;Nov;3;Q4;11;0,0
2025-11-05;TRABALHADO;21767,0;361-720;HUMANO;Nov;3;Q4;11;9804026,08
2025-11-05;TRABALHADO;162,0;361-720;Robô;Nov;3;Q4;11;70693,80000000002
2025-11-05;ACIONAMENTOS;173,0;61-90;HUMANO;Nov;3;Q4;11;39379,2
2025-11-05;ACIONAMENTOS;15,0;61-90;HUMANO;Nov;3;Q4;11;3677,6400000000003
2025-11-05;ACIONAMENTOS;698,0;61-90;Robô;Nov;3;Q4;11;110080,44
2025-11-05;CPC;47,0;61-90;HUMANO;Nov;3;Q4;11;9370,789999999999
2025-11-05;CPC;0,0;61-90;HUMANO;Nov;3;Q4;11;0,0
2025-11-05;CPC;141,0;61-90;Robô;Nov;3;Q4;11;21686,019999999997
2025-11-05;CPCA;34,0;61-90;HUMANO;Nov;3;Q4;11;7126,55
2025-11-05;CPCA;0,0;61-90;HUMANO;Nov;3;Q4;11;0,0
2025-11-05;CPCA;135,0;61-90;Robô;Nov;3;Q4;11;20592,13
2025-11-05;PROMESSA;9,0;61-90;HUMANO;Nov;3;Q4;11;1561,13
2025-11-05;PROMESSA;0,0;61-90;HUMANO;Nov;3;Q4;11;0,0
2025-11-05;PROMESSA;23,0;61-90;Robô;Nov;3;Q4;11;3665,04
2025-11-05;TRABALHADO;0,0;61-90;HUMANO;Nov;3;Q4;11;0,0
2025-11-05;TRABALHADO;4513,0;61-90;HUMANO;Nov;3;Q4;11;1031231,63
2025-11-05;TRABALHADO;7599,0;61-90;Robô;Nov;3;Q4;11;1255573,48
2025-11-05;ACIONAMENTOS;129,0;91-120;HUMANO;Nov;3;Q4;11;23032,489999999998
2025-11-05;ACIONAMENTOS;1,0;91-120;HUMANO;Nov;3;Q4;11;157,13
2025-11-05;ACIONAMENTOS;824,0;91-120;Robô;Nov;3;Q4;11;89935,81
2025-11-05;CPC;31,0;91-120;HUMANO;Nov;3;Q4;11;5449,350000000001
2025-11-05;CPC;0,0;91-120;HUMANO;Nov;3;Q4;11;0,0
2025-11-05;CPC;200,0;91-120;Robô;Nov;3;Q4;11;18592,239999999998
2025-11-05;CPCA;22,0;91-120;HUMANO;Nov;3;Q4;11;3753,9200000000005
2025-11-05;CPCA;0,0;91-120;HUMANO;Nov;3;Q4;11;0,0
2025-11-05;CPCA;188,0;91-120;Robô;Nov;3;Q4;11;17120,37
2025-11-05;PROMESSA;7,0;91-120;HUMANO;Nov;3;Q4;11;1300,79
2025-11-05;PROMESSA;0,0;91-120;HUMANO;Nov;3;Q4;11;0,0
2025-11-05;PROMESSA;48,0;91-120;Robô;Nov;3;Q4;11;3397,37
2025-11-05;TRABALHADO;0,0;91-120;HUMANO;Nov;3;Q4;11;0,0
2025-11-05;TRABALHADO;2968,0;91-120;HUMANO;Nov;3;Q4;11;580879,44
2025-11-05;TRABALHADO;8721,0;91-120;Robô;Nov;3;Q4;11;979929,88
2025-11-05;ACIONAMENTOS;4,0;Esforço;HUMANO;Nov;3;Q4;11;410,49
2025-11-05;ACIONAMENTOS;98,0;Esforço;HUMANO;Nov;3;Q4;11;12365,369999999999
2025-11-05;ACIONAMENTOS;79,0;Esforço;HUMANO;Nov;3;Q4;11;14764,849999999995
2025-11-05;ACIONAMENTOS;191,0;Esforço;HUMANO;Nov;3;Q4;11;42781,73999999999
2025-11-05;ACIONAMENTOS;140,0;Esforço;HUMANO;Nov;3;Q4;11;24811,759999999995
2025-11-05;ACIONAMENTOS;81,0;Esforço;HUMANO;Nov;3;Q4;11;21665,640000000003
2025-11-05;ACIONAMENTOS;73,0;Esforço;HUMANO;Nov;3;Q4;11;20843,7
2025-11-05;ACIONAMENTOS;0,0;Esforço;HUMANO;Nov;3;Q4;11;0,0
2025-11-05;ACIONAMENTOS;241,0;Esforço;HUMANO;Nov;3;Q4;11;73959,67000000001
2025-11-05;ACIONAMENTOS;1,0;Esforço;HUMANO;Nov;3;Q4;11;121,08000000000001
2025-11-05;ACIONAMENTOS;0,0;Esforço;HUMANO;Nov;3;Q4;11;0,0
2025-11-05;ACIONAMENTOS;0,0;Esforço;HUMANO;Nov;3;Q4;11;0,0
2025-11-05;ACIONAMENTOS;1,0;Esforço;HUMANO;Nov;3;Q4;11;319,6
2025-11-05;ACIONAMENTOS;15,0;Esforço;HUMANO;Nov;3;Q4;11;3677,6400000000003
2025-11-05;ACIONAMENTOS;1,0;Esforço;HUMANO;Nov;3;Q4;11;157,13
2025-11-05;ACIONAMENTOS;3,0;Esforço;HUMANO;Nov;3;Q4;11;676,72
2025-11-05;ACIONAMENTOS;4,0;Esforço;HUMANO;Nov;3;Q4;11;948,5699999999999
2025-11-05;ACIONAMENTOS;0,0;Esforço;HUMANO;Nov;3;Q4;11;0,0
2025-11-05;ACIONAMENTOS;3,0;Esforço;HUMANO;Nov;3;Q4;11;693,9200000000001
2025-11-05;ACIONAMENTOS;0,0;Esforço;HUMANO;Nov;3;Q4;11;0,0
2025-11-05;ACIONAMENTOS;1,0;Esforço;Robô;Nov;3;Q4;11;65,12
2025-11-05;ACIONAMENTOS;7297,0;Esforço;Robô;Nov;3;Q4;11;262376,29
2025-11-05;ACIONAMENTOS;1741,0;Esforço;Robô;Nov;3;Q4;11;94724,27
2025-11-05;ACIONAMENTOS;1450,0;Esforço;Robô;Nov;3;Q4;11;105179,04000000001
2025-11-05;ACIONAMENTOS;1529,0;Esforço;Robô;Nov;3;Q4;11;86897,15
2025-11-05;ACIONAMENTOS;690,0;Esforço;Robô;Nov;3;Q4;11;62687,49
2025-11-05;ACIONAMENTOS;559,0;Esforço;Robô;Nov;3;Q4;11;61395,52
2025-11-05;ACIONAMENTOS;9,0;Esforço;Robô;Nov;3;Q4;11;983,52
2025-11-05;ACIONAMENTOS;6,0;Esforço;Robô;Nov;3;Q4;11;1315,77
2025-11-05;ACIONAMENTOS;0,0;Esforço;Robô;Nov;3;Q4;11;0,0
2025-11-05;CPC;4,0;Esforço;HUMANO;Nov;3;Q4;11;410,49
2025-11-05;CPC;56,0;Esforço;HUMANO;Nov;3;Q4;11;5113,889999999999
2025-11-05;CPC;20,0;Esforço;HUMANO;Nov;3;Q4;11;3149,4100000000008
2025-11-05;CPC;49,0;Esforço;HUMANO;Nov;3;Q4;11;9560,49
2025-11-05;CPC;31,0;Esforço;HUMANO;Nov;3;Q4;11;5449,350000000001
2025-11-05;CPC;15,0;Esforço;HUMANO;Nov;3;Q4;11;3819,2899999999995
2025-11-05;CPC;22,0;Esforço;HUMANO;Nov;3;Q4;11;5867,35
2025-11-05;CPC;0,0;Esforço;HUMANO;Nov;3;Q4;11;0,0
2025-11-05;CPC;74,0;Esforço;HUMANO;Nov;3;Q4;11;23926,219999999998
2025-11-05;CPC;0,0;Esforço;HUMANO;Nov;3;Q4;11;0,0
2025-11-05;CPC;0,0;Esforço;HUMANO;Nov;3;Q4;11;0,0
2025-11-05;CPC;0,0;Esforço;HUMANO;Nov;3;Q4;11;0,0
2025-11-05;CPC;0,0;Esforço;HUMANO;Nov;3;Q4;11;0,0
2025-11-05;CPC;0,0;Esforço;HUMANO;Nov;3;Q4;11;0,0
2025-11-05;CPC;0,0;Esforço;HUMANO;Nov;3;Q4;11;0,0
2025-11-05;CPC;0,0;Esforço;HUMANO;Nov;3;Q4;11;0,0
2025-11-05;CPC;0,0;Esforço;HUMANO;Nov;3;Q4;11;0,0
2025-11-05;CPC;0,0;Esforço;HUMANO;Nov;3;Q4;11;0,0
2025-11-05;CPC;0,0;Esforço;HUMANO;Nov;3;Q4;11;0,0
2025-11-05;CPC;0,0;Esforço;HUMANO;Nov;3;Q4;11;0,0
2025-11-05;CPC;1,0;Esforço;Robô;Nov;3;Q4;11;65,12
2025-11-05;CPC;1370,0;Esforço;Robô;Nov;3;Q4;11;81146,48
2025-11-05;CPC;398,0;Esforço;Robô;Nov;3;Q4;11;25308,5
2025-11-05;CPC;166,0;Esforço;Robô;Nov;3;Q4;11;21162,77
2025-11-05;CPC;249,0;Esforço;Robô;Nov;3;Q4;11;18740,309999999998
2025-11-05;CPC;80,0;Esforço;Robô;Nov;3;Q4;11;10526,94
2025-11-05;CPC;53,0;Esforço;Robô;Nov;3;Q4;11;8124,750000000001
2025-11-05;CPC;0,0;Esforço;Robô;Nov;3;Q4;11;0,0
2025-11-05;CPC;2,0;Esforço;Robô;Nov;3;Q4;11;0,0
2025-11-05;CPC;0,0;Esforço;Robô;Nov;3;Q4;11;0,0
2025-11-05;CPCA;3,0;Esforço;HUMANO;Nov;3;Q4;11;345,37
2025-11-05;CPCA;28,0;Esforço;HUMANO;Nov;3;Q4;11;1812,3600000000004
2025-11-05;CPCA;13,0;Esforço;HUMANO;Nov;3;Q4;11;1865,6399999999999
2025-11-05;CPCA;35,0;Esforço;HUMANO;Nov;3;Q4;11;7156,45
2025-11-05;CPCA;22,0;Esforço;HUMANO;Nov;3;Q4;11;3753,9200000000005
2025-11-05;CPCA;7,0;Esforço;HUMANO;Nov;3;Q4;11;1784,18
2025-11-05;CPCA;10,0;Esforço;HUMANO;Nov;3;Q4;11;2691,84
2025-11-05;CPCA;0,0;Esforço;HUMANO;Nov;3;Q4;11;0,0
2025-11-05;CPCA;53,0;Esforço;HUMANO;Nov;3;Q4;11;18281,649999999998
2025-11-05;CPCA;0,0;Esforço;HUMANO;Nov;3;Q4;11;0,0
2025-11-05;CPCA;0,0;Esforço;HUMANO;Nov;3;Q4;11;0,0
2025-11-05;CPCA;0,0;Esforço;HUMANO;Nov;3;Q4;11;0,0
2025-11-05;CPCA;0,0;Esforço;HUMANO;Nov;3;Q4;11;0,0
2025-11-05;CPCA;0,0;Esforço;HUMANO;Nov;3;Q4;11;0,0
2025-11-05;CPCA;0,0;Esforço;HUMANO;Nov;3;Q4;11;0,0
2025-11-05;CPCA;0,0;Esforço;HUMANO;Nov;3;Q4;11;0,0
2025-11-05;CPCA;0,0;Esforço;HUMANO;Nov;3;Q4;11;0,0
2025-11-05;CPCA;0,0;Esforço;HUMANO;Nov;3;Q4;11;0,0
2025-11-05;CPCA;0,0;Esforço;HUMANO;Nov;3;Q4;11;0,0
2025-11-05;CPCA;0,0;Esforço;HUMANO;Nov;3;Q4;11;0,0
2025-11-05;CPCA;1,0;Esforço;Robô;Nov;3;Q4;11;65,12
2025-11-05;CPCA;1314,0;Esforço;Robô;Nov;3;Q4;11;78825,70999999999
2025-11-05;CPCA;359,0;Esforço;Robô;Nov;3;Q4;11;23891,22
2025-11-05;CPCA;155,0;Esforço;Robô;Nov;3;Q4;11;20009,800000000003
2025-11-05;CPCA;230,0;Esforço;Robô;Nov;3;Q4;11;17108,639999999996
2025-11-05;CPCA;76,0;Esforço;Robô;Nov;3;Q4;11;10345,899999999998
2025-11-05;CPCA;49,0;Esforço;Robô;Nov;3;Q4;11;7441,35
2025-11-05;CPCA;0,0;Esforço;Robô;Nov;3;Q4;11;0,0
2025-11-05;CPCA;2,0;Esforço;Robô;Nov;3;Q4;11;0,0
2025-11-05;CPCA;0,0;Esforço;Robô;Nov;3;Q4;11;0,0
2025-11-05;PROMESSA;1,0;Esforço;HUMANO;Nov;3;Q4;11;79,9
2025-11-05;PROMESSA;22,0;Esforço;HUMANO;Nov;3;Q4;11;1193,2600000000002
2025-11-05;PROMESSA;10,0;Esforço;HUMANO;Nov;3;Q4;11;1497,4299999999998
2025-11-05;PROMESSA;10,0;Esforço;HUMANO;Nov;3;Q4;11;1591,0300000000002
2025-11-05;PROMESSA;7,0;Esforço;HUMANO;Nov;3;Q4;11;1300,79
2025-11-05;PROMESSA;3,0;Esforço;HUMANO;Nov;3;Q4;11;759,73
2025-11-05;PROMESSA;4,0;Esforço;HUMANO;Nov;3;Q4;11;1348,0700000000002
2025-11-05;PROMESSA;0,0;Esforço;HUMANO;Nov;3;Q4;11;0,0
2025-11-05;PROMESSA;24,0;Esforço;HUMANO;Nov;3;Q4;11;4795,82
2025-11-05;PROMESSA;0,0;Esforço;HUMANO;Nov;3;Q4;11;0,0
2025-11-05;PROMESSA;0,0;Esforço;HUMANO;Nov;3;Q4;11;0,0
2025-11-05;PROMESSA;0,0;Esforço;HUMANO;Nov;3;Q4;11;0,0
2025-11-05;PROMESSA;0,0;Esforço;HUMANO;Nov;3;Q4;11;0,0
2025-11-05;PROMESSA;0,0;Esforço;HUMANO;Nov;3;Q4;11;0,0
2025-11-05;PROMESSA;0,0;Esforço;HUMANO;Nov;3;Q4;11;0,0
2025-11-05;PROMESSA;0,0;Esforço;HUMANO;Nov;3;Q4;11;0,0
2025-11-05;PROMESSA;0,0;Esforço;HUMANO;Nov;3;Q4;11;0,0
2025-11-05;PROMESSA;0,0;Esforço;HUMANO;Nov;3;Q4;11;0,0
2025-11-05;PROMESSA;0,0;Esforço;HUMANO;Nov;3;Q4;11;0,0
2025-11-05;PROMESSA;0,0;Esforço;HUMANO;Nov;3;Q4;11;0,0
2025-11-05;PROMESSA;0,0;Esforço;Robô;Nov;3;Q4;11;0,0
2025-11-05;PROMESSA;298,0;Esforço;Robô;Nov;3;Q4;11;18637,26
2025-11-05;PROMESSA;55,0;Esforço;Robô;Nov;3;Q4;11;4507,1
2025-11-05;PROMESSA;23,0;Esforço;Robô;Nov;3;Q4;11;3665,04
2025-11-05;PROMESSA;48,0;Esforço;Robô;Nov;3;Q4;11;3397,37
2025-11-05;PROMESSA;16,0;Esforço;Robô;Nov;3;Q4;11;1854,19
2025-11-05;PROMESSA;6,0;Esforço;Robô;Nov;3;Q4;11;651,9899999999999
2025-11-05;PROMESSA;0,0;Esforço;Robô;Nov;3;Q4;11;0,0
2025-11-05;PROMESSA;0,0;Esforço;Robô;Nov;3;Q4;11;0,0
2025-11-05;PROMESSA;0,0;Esforço;Robô;Nov;3;Q4;11;0,0
2025-11-05;TRABALHADO;0,0;Esforço;HUMANO;Nov;3;Q4;11;0,0
2025-11-05;TRABALHADO;0,0;Esforço;HUMANO;Nov;3;Q4;11;0,0
2025-11-05;TRABALHADO;0,0;Esforço;HUMANO;Nov;3;Q4;11;0,0
2025-11-05;TRABALHADO;0,0;Esforço;HUMANO;Nov;3;Q4;11;0,0
2025-11-05;TRABALHADO;0,0;Esforço;HUMANO;Nov;3;Q4;11;0,0
2025-11-05;TRABALHADO;0,0;Esforço;HUMANO;Nov;3;Q4;11;0,0
2025-11-05;TRABALHADO;0,0;Esforço;HUMANO;Nov;3;Q4;11;0,0
2025-11-05;TRABALHADO;0,0;Esforço;HUMANO;Nov;3;Q4;11;0,0
2025-11-05;TRABALHADO;0,0;Esforço;HUMANO;Nov;3;Q4;11;0,0
2025-11-05;TRABALHADO;0,0;Esforço;HUMANO;Nov;3;Q4;11;0,0
2025-11-05;TRABALHADO;0,0;Esforço;HUMANO;Nov;3;Q4;11;0,0
2025-11-05;TRABALHADO;1865,0;Esforço;HUMANO;Nov;3;Q4;11;409971,49000000005
2025-11-05;TRABALHADO;6382,0;Esforço;HUMANO;Nov;3;Q4;11;1334419,82
2025-11-05;TRABALHADO;15987,0;Esforço;HUMANO;Nov;3;Q4;11;3521708,7300000004
2025-11-05;TRABALHADO;11172,0;Esforço;HUMANO;Nov;3;Q4;11;2076107,19
2025-11-05;TRABALHADO;7022,0;Esforço;HUMANO;Nov;3;Q4;11;1845588,7200000002
2025-11-05;TRABALHADO;7931,0;Esforço;HUMANO;Nov;3;Q4;11;2360039,670000001
2025-11-05;TRABALHADO;4,0;Esforço;HUMANO;Nov;3;Q4;11;1413,8200000000002
2025-11-05;TRABALHADO;65355,0;Esforço;HUMANO;Nov;3;Q4;11;29659631,93
2025-11-05;TRABALHADO;477,0;Esforço;HUMANO;Nov;3;Q4;11;115896,53000000001
2025-11-05;TRABALHADO;8,0;Esforço;Robô;Nov;3;Q4;11;172,13
2025-11-05;TRABALHADO;774430,0;Esforço;Robô;Nov;3;Q4;11;21649,809999999998
2025-11-05;TRABALHADO;219628,0;Esforço;Robô;Nov;3;Q4;11;68773,23000000001
2025-11-05;TRABALHADO;248066,0;Esforço;Robô;Nov;3;Q4;11;148690,03999999998
2025-11-05;TRABALHADO;284066,0;Esforço;Robô;Nov;3;Q4;11;109423,00999999998
2025-11-05;TRABALHADO;118812,0;Esforço;Robô;Nov;3;Q4;11;79642,96
2025-11-05;TRABALHADO;89349,0;Esforço;Robô;Nov;3;Q4;11;27107,909999999996
2025-11-05;TRABALHADO;718,0;Esforço;Robô;Nov;3;Q4;11;1161,51
2025-11-05;TRABALHADO;1621,0;Esforço;Robô;Nov;3;Q4;11;15447,080000000005
2025-11-05;TRABALHADO;304,0;Esforço;Robô;Nov;3;Q4;11;623,67
2025-11-05;ACIONAMENTOS;1,0;Maior 720;HUMANO;Nov;3;Q4;11;121,08000000000001
2025-11-05;ACIONAMENTOS;0,0;Maior 720;HUMANO;Nov;3;Q4;11;0,0
2025-11-05;ACIONAMENTOS;0,0;Maior 720;Robô;Nov;3;Q4;11;0,0
2025-11-05;CPC;0,0;Maior 720;HUMANO;Nov;3;Q4;11;0,0
2025-11-05;CPC;0,0;Maior 720;HUMANO;Nov;3;Q4;11;0,0
2025-11-05;CPC;0,0;Maior 720;Robô;Nov;3;Q4;11;0,0
2025-11-05;CPCA;0,0;Maior 720;HUMANO;Nov;3;Q4;11;0,0
2025-11-05;CPCA;0,0;Maior 720;HUMANO;Nov;3;Q4;11;0,0
2025-11-05;CPCA;0,0;Maior 720;Robô;Nov;3;Q4;11;0,0
2025-11-05;PROMESSA;0,0;Maior 720;HUMANO;Nov;3;Q4;11;0,0
2025-11-05;PROMESSA;0,0;Maior 720;HUMANO;Nov;3;Q4;11;0,0
2025-11-05;PROMESSA;0,0;Maior 720;Robô;Nov;3;Q4;11;0,0
2025-11-05;TRABALHADO;0,0;Maior 720;HUMANO;Nov;3;Q4;11;0,0
2025-11-05;TRABALHADO;386,0;Maior 720;HUMANO;Nov;3;Q4;11;94541,09000000001
2025-11-05;TRABALHADO;26,0;Maior 720;Robô;Nov;3;Q4;11;7354,620000000001
2025-11-05;ACIONAMENTOS;4,0;Preventivo;HUMANO;Nov;3;Q4;11;410,49
2025-11-05;ACIONAMENTOS;0,0;Preventivo;HUMANO;Nov;3;Q4;11;0,0
2025-11-05;ACIONAMENTOS;1,0;Preventivo;Robô;Nov;3;Q4;11;65,12
2025-11-05;CPC;4,0;Preventivo;HUMANO;Nov;3;Q4;11;410,49
2025-11-05;CPC;0,0;Preventivo;HUMANO;Nov;3;Q4;11;0,0
2025-11-05;CPC;1,0;Preventivo;Robô;Nov;3;Q4;11;65,12
2025-11-05;CPCA;3,0;Preventivo;HUMANO;Nov;3;Q4;11;345,37
2025-11-05;CPCA;0,0;Preventivo;HUMANO;Nov;3;Q4;11;0,0
2025-11-05;CPCA;1,0;Preventivo;Robô;Nov;3;Q4;11;65,12
2025-11-05;PROMESSA;1,0;Preventivo;HUMANO;Nov;3;Q4;11;79,9
2025-11-05;PROMESSA;0,0;Preventivo;HUMANO;Nov;3;Q4;11;0,0
2025-11-05;PROMESSA;0,0;Preventivo;Robô;Nov;3;Q4;11;0,0
2025-11-05;TRABALHADO;0,0;Preventivo;HUMANO;Nov;3;Q4;11;0,0
2025-11-05;TRABALHADO;0,0;Preventivo;HUMANO;Nov;3;Q4;11;0,0
2025-11-05;TRABALHADO;3,0;Preventivo;Robô;Nov;3;Q4;11;254,82000000000002
2025-11-05;ACIONAMENTOS;4,0;Unique;HUMANO;Nov;3;Q4;11;410,49
2025-11-05;ACIONAMENTOS;89,0;Unique;HUMANO;Nov;3;Q4;11;11291,13
2025-11-05;ACIONAMENTOS;71,0;Unique;HUMANO;Nov;3;Q4;11;13103,899999999996
2025-11-05;ACIONAMENTOS;173,0;Unique;HUMANO;Nov;3;Q4;11;39379,2
2025-11-05;ACIONAMENTOS;129,0;Unique;HUMANO;Nov;3;Q4;11;23032,489999999998
2025-11-05;ACIONAMENTOS;73,0;Unique;HUMANO;Nov;3;Q4;11;19714,01
2025-11-05;ACIONAMENTOS;68,0;Unique;HUMANO;Nov;3;Q4;11;19480,86
2025-11-05;ACIONAMENTOS;0,0;Unique;HUMANO;Nov;3;Q4;11;0,0
2025-11-05;ACIONAMENTOS;213,0;Unique;HUMANO;Nov;3;Q4;11;68794,16
2025-11-05;ACIONAMENTOS;1,0;Unique;HUMANO;Nov;3;Q4;11;121,08000000000001
2025-11-05;ACIONAMENTOS;0,0;Unique;HUMANO;Nov;3;Q4;11;0,0
2025-11-05;ACIONAMENTOS;0,0;Unique;HUMANO;Nov;3;Q4;11;0,0
2025-11-05;ACIONAMENTOS;1,0;Unique;HUMANO;Nov;3;Q4;11;319,6
2025-11-05;ACIONAMENTOS;15,0;Unique;HUMANO;Nov;3;Q4;11;3677,6400000000003
2025-11-05;ACIONAMENTOS;1,0;Unique;HUMANO;Nov;3;Q4;11;157,13
2025-11-05;ACIONAMENTOS;3,0;Unique;HUMANO;Nov;3;Q4;11;676,72
2025-11-05;ACIONAMENTOS;4,0;Unique;HUMANO;Nov;3;Q4;11;948,5699999999999
2025-11-05;ACIONAMENTOS;0,0;Unique;HUMANO;Nov;3;Q4;11;0,0
2025-11-05;ACIONAMENTOS;3,0;Unique;HUMANO;Nov;3;Q4;11;693,92
2025-11-05;ACIONAMENTOS;0,0;Unique;HUMANO;Nov;3;Q4;11;0,0
2025-11-05;ACIONAMENTOS;1,0;Unique;Robô;Nov;3;Q4;11;65,12
2025-11-05;ACIONAMENTOS;1905,0;Unique;Robô;Nov;3;Q4;11;133632,22
2025-11-05;ACIONAMENTOS;447,0;Unique;Robô;Nov;3;Q4;11;49195,15
2025-11-05;ACIONAMENTOS;368,0;Unique;Robô;Nov;3;Q4;11;64032,79
2025-11-05;ACIONAMENTOS;380,0;Unique;Robô;Nov;3;Q4;11;44340,36
2025-11-05;ACIONAMENTOS;179,0;Unique;Robô;Nov;3;Q4;11;35675,63
2025-11-05;ACIONAMENTOS;193,0;Unique;Robô;Nov;3;Q4;11;47378,89
2025-11-05;ACIONAMENTOS;5,0;Unique;Robô;Nov;3;Q4;11;383,52
2025-11-05;ACIONAMENTOS;2,0;Unique;Robô;Nov;3;Q4;11;521,59
2025-11-05;ACIONAMENTOS;0,0;Unique;Robô;Nov;3;Q4;11;0,0
2025-11-05;CPC;4,0;Unique;HUMANO;Nov;3;Q4;11;410,49
2025-11-05;CPC;52,0;Unique;HUMANO;Nov;3;Q4;11;4788,62
2025-11-05;CPC;20,0;Unique;HUMANO;Nov;3;Q4;11;3149,4100000000008
2025-11-05;CPC;47,0;Unique;HUMANO;Nov;3;Q4;11;9370,789999999999
2025-11-05;CPC;31,0;Unique;HUMANO;Nov;3;Q4;11;5449,350000000001
2025-11-05;CPC;15,0;Unique;HUMANO;Nov;3;Q4;11;3819,2900000000004
2025-11-05;CPC;22,0;Unique;HUMANO;Nov;3;Q4;11;5867,349999999999
2025-11-05;CPC;0,0;Unique;HUMANO;Nov;3;Q4;11;0,0
2025-11-05;CPC;73,0;Unique;HUMANO;Nov;3;Q4;11;23856,98
2025-11-05;CPC;0,0;Unique;HUMANO;Nov;3;Q4;11;0,0
2025-11-05;CPC;0,0;Unique;HUMANO;Nov;3;Q4;11;0,0
2025-11-05;CPC;0,0;Unique;HUMANO;Nov;3;Q4;11;0,0
2025-11-05;CPC;0,0;Unique;HUMANO;Nov;3;Q4;11;0,0
2025-11-05;CPC;0,0;Unique;HUMANO;Nov;3;Q4;11;0,0
2025-11-05;CPC;0,0;Unique;HUMANO;Nov;3;Q4;11;0,0
2025-11-05;CPC;0,0;Unique;HUMANO;Nov;3;Q4;11;0,0
2025-11-05;CPC;0,0;Unique;HUMANO;Nov;3;Q4;11;0,0
2025-11-05;CPC;0,0;Unique;HUMANO;Nov;3;Q4;11;0,0
2025-11-05;CPC;0,0;Unique;HUMANO;Nov;3;Q4;11;0,0
2025-11-05;CPC;0,0;Unique;HUMANO;Nov;3;Q4;11;0,0
2025-11-05;CPC;1,0;Unique;Robô;Nov;3;Q4;11;65,12
2025-11-05;CPC;1123,0;Unique;Robô;Nov;3;Q4;11;78402,38
2025-11-05;CPC;248,0;Unique;Robô;Nov;3;Q4;11;24442,950000000004
2025-11-05;CPC;139,0;Unique;Robô;Nov;3;Q4;11;21372,059999999998
2025-11-05;CPC;195,0;Unique;Robô;Nov;3;Q4;11;18093,239999999998
2025-11-05;CPC;70,0;Unique;Robô;Nov;3;Q4;11;10666,42
2025-11-05;CPC;44,0;Unique;Robô;Nov;3;Q4;11;8477,64
2025-11-05;CPC;0,0;Unique;Robô;Nov;3;Q4;11;0,0
2025-11-05;CPC;1,0;Unique;Robô;Nov;3;Q4;11;461,79
2025-11-05;CPC;0,0;Unique;Robô;Nov;3;Q4;11;0,0
2025-11-05;CPCA;3,0;Unique;HUMANO;Nov;3;Q4;11;345,37
2025-11-05;CPCA;27,0;Unique;HUMANO;Nov;3;Q4;11;1782,46
2025-11-05;CPCA;13,0;Unique;HUMANO;Nov;3;Q4;11;1865,64
2025-11-05;CPCA;34,0;Unique;HUMANO;Nov;3;Q4;11;7126,55
2025-11-05;CPCA;22,0;Unique;HUMANO;Nov;3;Q4;11;3753,9200000000005
2025-11-05;CPCA;7,0;Unique;HUMANO;Nov;3;Q4;11;1784,1799999999998
2025-11-05;CPCA;10,0;Unique;HUMANO;Nov;3;Q4;11;2691,84
2025-11-05;CPCA;0,0;Unique;HUMANO;Nov;3;Q4;11;0,0
2025-11-05;CPCA;52,0;Unique;HUMANO;Nov;3;Q4;11;18212,410000000003
2025-11-05;CPCA;0,0;Unique;HUMANO;Nov;3;Q4;11;0,0
2025-11-05;CPCA;0,0;Unique;HUMANO;Nov;3;Q4;11;0,0
2025-11-05;CPCA;0,0;Unique;HUMANO;Nov;3;Q4;11;0,0
2025-11-05;CPCA;0,0;Unique;HUMANO;Nov;3;Q4;11;0,0
2025-11-05;CPCA;0,0;Unique;HUMANO;Nov;3;Q4;11;0,0
2025-11-05;CPCA;0,0;Unique;HUMANO;Nov;3;Q4;11;0,0
2025-11-05;CPCA;0,0;Unique;HUMANO;Nov;3;Q4;11;0,0
2025-11-05;CPCA;0,0;Unique;HUMANO;Nov;3;Q4;11;0,0
2025-11-05;CPCA;0,0;Unique;HUMANO;Nov;3;Q4;11;0,0
2025-11-05;CPCA;0,0;Unique;HUMANO;Nov;3;Q4;11;0,0
2025-11-05;CPCA;0,0;Unique;HUMANO;Nov;3;Q4;11;0,0
2025-11-05;CPCA;1,0;Unique;Robô;Nov;3;Q4;11;65,12
2025-11-05;CPCA;1105,0;Unique;Robô;Nov;3;Q4;11;77054,25
2025-11-05;CPCA;241,0;Unique;Robô;Nov;3;Q4;11;23523,95
2025-11-05;CPCA;135,0;Unique;Robô;Nov;3;Q4;11;20592,13
2025-11-05;CPCA;188,0;Unique;Robô;Nov;3;Q4;11;17120,37
2025-11-05;CPCA;68,0;Unique;Robô;Nov;3;Q4;11;10195,679999999998
2025-11-05;CPCA;41,0;Unique;Robô;Nov;3;Q4;11;7794,240000000001
2025-11-05;CPCA;0,0;Unique;Robô;Nov;3;Q4;11;0,0
2025-11-05;CPCA;1,0;Unique;Robô;Nov;3;Q4;11;461,79
2025-11-05;CPCA;0,0;Unique;Robô;Nov;3;Q4;11;0,0
2025-11-05;PROMESSA;1,0;Unique;HUMANO;Nov;3;Q4;11;79,9
2025-11-05;PROMESSA;21,0;Unique;HUMANO;Nov;3;Q4;11;1163,36
2025-11-05;PROMESSA;10,0;Unique;HUMANO;Nov;3;Q4;11;1497,43
2025-11-05;PROMESSA;9,0;Unique;HUMANO;Nov;3;Q4;11;1561,13
2025-11-05;PROMESSA;7,0;Unique;HUMANO;Nov;3;Q4;11;1300,79
2025-11-05;PROMESSA;3,0;Unique;HUMANO;Nov;3;Q4;11;759,73
2025-11-05;PROMESSA;4,0;Unique;HUMANO;Nov;3;Q4;11;1348,0700000000002
2025-11-05;PROMESSA;0,0;Unique;HUMANO;Nov;3;Q4;11;0,0
2025-11-05;PROMESSA;23,0;Unique;HUMANO;Nov;3;Q4;11;4726,579999999999
2025-11-05;PROMESSA;0,0;Unique;HUMANO;Nov;3;Q4;11;0,0
2025-11-05;PROMESSA;0,0;Unique;HUMANO;Nov;3;Q4;11;0,0
2025-11-05;PROMESSA;0,0;Unique;HUMANO;Nov;3;Q4;11;0,0
2025-11-05;PROMESSA;0,0;Unique;HUMANO;Nov;3;Q4;11;0,0
2025-11-05;PROMESSA;0,0;Unique;HUMANO;Nov;3;Q4;11;0,0
2025-11-05;PROMESSA;0,0;Unique;HUMANO;Nov;3;Q4;11;0,0
2025-11-05;PROMESSA;0,0;Unique;HUMANO;Nov;3;Q4;11;0,0
2025-11-05;PROMESSA;0,0;Unique;HUMANO;Nov;3;Q4;11;0,0
2025-11-05;PROMESSA;0,0;Unique;HUMANO;Nov;3;Q4;11;0,0
2025-11-05;PROMESSA;0,0;Unique;HUMANO;Nov;3;Q4;11;0,0
2025-11-05;PROMESSA;0,0;Unique;HUMANO;Nov;3;Q4;11;0,0
2025-11-05;PROMESSA;0,0;Unique;Robô;Nov;3;Q4;11;0,0
2025-11-05;PROMESSA;297,0;Unique;Robô;Nov;3;Q4;11;18557,359999999997
2025-11-05;PROMESSA;53,0;Unique;Robô;Nov;3;Q4;11;4507,099999999999
2025-11-05;PROMESSA;23,0;Unique;Robô;Nov;3;Q4;11;3665,04
2025-11-05;PROMESSA;48,0;Unique;Robô;Nov;3;Q4;11;3397,37
2025-11-05;PROMESSA;16,0;Unique;Robô;Nov;3;Q4;11;1854,19
2025-11-05;PROMESSA;6,0;Unique;Robô;Nov;3;Q4;11;651,9899999999999
2025-11-05;PROMESSA;0,0;Unique;Robô;Nov;3;Q4;11;0,0
2025-11-05;PROMESSA;0,0;Unique;Robô;Nov;3;Q4;11;0,0
2025-11-05;PROMESSA;0,0;Unique;Robô;Nov;3;Q4;11;0,0
2025-11-05;TRABALHADO;0,0;Unique;HUMANO;Nov;3;Q4;11;0,0
2025-11-05;TRABALHADO;0,0;Unique;HUMANO;Nov;3;Q4;11;0,0
2025-11-05;TRABALHADO;0,0;Unique;HUMANO;Nov;3;Q4;11;0,0
2025-11-05;TRABALHADO;0,0;Unique;HUMANO;Nov;3;Q4;11;0,0
2025-11-05;TRABALHADO;0,0;Unique;HUMANO;Nov;3;Q4;11;0,0
2025-11-05;TRABALHADO;0,0;Unique;HUMANO;Nov;3;Q4;11;0,0
2025-11-05;TRABALHADO;0,0;Unique;HUMANO;Nov;3;Q4;11;0,0
2025-11-05;TRABALHADO;0,0;Unique;HUMANO;Nov;3;Q4;11;0,0
2025-11-05;TRABALHADO;0,0;Unique;HUMANO;Nov;3;Q4;11;0,0
2025-11-05;TRABALHADO;0,0;Unique;HUMANO;Nov;3;Q4;11;0,0
2025-11-05;TRABALHADO;0,0;Unique;HUMANO;Nov;3;Q4;11;0,0
2025-11-05;TRABALHADO;684,0;Unique;HUMANO;Nov;3;Q4;11;151277,65999999997
2025-11-05;TRABALHADO;1661,0;Unique;HUMANO;Nov;3;Q4;11;362297,4
2025-11-05;TRABALHADO;4506,0;Unique;HUMANO;Nov;3;Q4;11;1029301,22
2025-11-05;TRABALHADO;2963,0;Unique;HUMANO;Nov;3;Q4;11;579746,4099999999
2025-11-05;TRABALHADO;2218,0;Unique;HUMANO;Nov;3;Q4;11;602615,09
2025-11-05;TRABALHADO;2463,0;Unique;HUMANO;Nov;3;Q4;11;730341,6200000001
2025-11-05;TRABALHADO;3,0;Unique;HUMANO;Nov;3;Q4;11;925,8800000000001
2025-11-05;TRABALHADO;21760,0;Unique;HUMANO;Nov;3;Q4;11;9802018,48
2025-11-05;TRABALHADO;386,0;Unique;HUMANO;Nov;3;Q4;11;94541,09000000001
2025-11-05;TRABALHADO;2,0;Unique;Robô;Nov;3;Q4;11;224,92000000000002
2025-11-05;TRABALHADO;24008,0;Unique;Robô;Nov;3;Q4;11;1522706,2499999998
2025-11-05;TRABALHADO;6564,0;Unique;Robô;Nov;3;Q4;11;692403,1900000001
2025-11-05;TRABALHADO;7548,0;Unique;Robô;Nov;3;Q4;11;1249738,72
2025-11-05;TRABALHADO;8675,0;Unique;Robô;Nov;3;Q4;11;975955,06
2025-11-05;TRABALHADO;3771,0;Unique;Robô;Nov;3;Q4;11;749192,8900000001
2025-11-05;TRABALHADO;3951,0;Unique;Robô;Nov;3;Q4;11;863555,6900000002
2025-11-05;TRABALHADO;46,0;Unique;Robô;Nov;3;Q4;11;8548,369999999999
2025-11-05;TRABALHADO;161,0;Unique;Robô;Nov;3;Q4;11;70560,63
2025-11-05;TRABALHADO;24,0;Unique;Robô;Nov;3;Q4;11;7050,639999999999
2025-11-06;ACIONAMENTOS;134,0;0-30;HUMANO;Nov;4;Q4;11;17262,6
2025-11-06;ACIONAMENTOS;0,0;0-30;HUMANO;Nov;4;Q4;11;0,0
2025-11-06;ACIONAMENTOS;3812,0;0-30;Robô;Nov;4;Q4;11;248996,34999999998
2025-11-06;CPC;70,0;0-30;HUMANO;Nov;4;Q4;11;6787,8499999999985
2025-11-06;CPC;0,0;0-30;HUMANO;Nov;4;Q4;11;0,0
2025-11-06;CPC;1197,0;0-30;Robô;Nov;4;Q4;11;84040,98
2025-11-06;CPCA;36,0;0-30;HUMANO;Nov;4;Q4;11;2956,7200000000003
2025-11-06;CPCA;0,0;0-30;HUMANO;Nov;4;Q4;11;0,0
2025-11-06;CPCA;1158,0;0-30;Robô;Nov;4;Q4;11;81580,67
2025-11-06;PROMESSA;26,0;0-30;HUMANO;Nov;4;Q4;11;1769,22
2025-11-06;PROMESSA;0,0;0-30;HUMANO;Nov;4;Q4;11;0,0
2025-11-06;PROMESSA;304,0;0-30;Robô;Nov;4;Q4;11;18878,339999999997
2025-11-06;TRABALHADO;0,0;0-30;HUMANO;Nov;4;Q4;11;0,0
2025-11-06;TRABALHADO;1896,0;0-30;HUMANO;Nov;4;Q4;11;334042,12000000005
2025-11-06;TRABALHADO;24880,0;0-30;Robô;Nov;4;Q4;11;1671411,4799999997
2025-11-06;ACIONAMENTOS;75,0;121-150;HUMANO;Nov;4;Q4;11;20340,529999999995
2025-11-06;ACIONAMENTOS;3,0;121-150;HUMANO;Nov;4;Q4;11;676,72
2025-11-06;ACIONAMENTOS;370,0;121-150;Robô;Nov;4;Q4;11;69516,6
2025-11-06;CPC;15,0;121-150;HUMANO;Nov;4;Q4;11;3819,2900000000004
2025-11-06;CPC;0,0;121-150;HUMANO;Nov;4;Q4;11;0,0
2025-11-06;CPC;71,0;121-150;Robô;Nov;4;Q4;11;10696,319999999998
2025-11-06;CPCA;7,0;121-150;HUMANO;Nov;4;Q4;11;1784,1799999999998
2025-11-06;CPCA;0,0;121-150;HUMANO;Nov;4;Q4;11;0,0
2025-11-06;CPCA;68,0;121-150;Robô;Nov;4;Q4;11;10195,679999999998
2025-11-06;PROMESSA;3,0;121-150;HUMANO;Nov;4;Q4;11;759,73
2025-11-06;PROMESSA;0,0;121-150;HUMANO;Nov;4;Q4;11;0,0
2025-11-06;PROMESSA;16,0;121-150;Robô;Nov;4;Q4;11;1854,19
2025-11-06;TRABALHADO;0,0;121-150;HUMANO;Nov;4;Q4;11;0,0
2025-11-06;TRABALHADO;2224,0;121-150;HUMANO;Nov;4;Q4;11;604539,99
2025-11-06;TRABALHADO;4658,0;121-150;Robô;Nov;4;Q4;11;1023621,3500000001
2025-11-06;ACIONAMENTOS;86,0;151-180;HUMANO;Nov;4;Q4;11;23969,599999999995
2025-11-06;ACIONAMENTOS;6,0;151-180;HUMANO;Nov;4;Q4;11;1575,09
2025-11-06;ACIONAMENTOS;343,0;151-180;Robô;Nov;4;Q4;11;71829,5
2025-11-06;CPC;28,0;151-180;HUMANO;Nov;4;Q4;11;7463,670000000001
2025-11-06;CPC;0,0;151-180;HUMANO;Nov;4;Q4;11;0,0
2025-11-06;CPC;46,0;151-180;Robô;Nov;4;Q4;11;8622,269999999997
2025-11-06;CPCA;16,0;151-180;HUMANO;Nov;4;Q4;11;4288,16
2025-11-06;CPCA;0,0;151-180;HUMANO;Nov;4;Q4;11;0,0
2025-11-06;CPCA;43,0;151-180;Robô;Nov;4;Q4;11;7938,870000000001
2025-11-06;PROMESSA;5,0;151-180;HUMANO;Nov;4;Q4;11;1507,87
2025-11-06;PROMESSA;0,0;151-180;HUMANO;Nov;4;Q4;11;0,0
2025-11-06;PROMESSA;7,0;151-180;Robô;Nov;4;Q4;11;711,79
2025-11-06;TRABALHADO;0,0;151-180;HUMANO;Nov;4;Q4;11;0,0
2025-11-06;TRABALHADO;3087,0;151-180;HUMANO;Nov;4;Q4;11;878709,6400000001
2025-11-06;TRABALHADO;6330,0;151-180;Robô;Nov;4;Q4;11;1215313,43
2025-11-06;ACIONAMENTOS;0,0;181-360;HUMANO;Nov;4;Q4;11;0,0
2025-11-06;ACIONAMENTOS;0,0;181-360;HUMANO;Nov;4;Q4;11;0,0
2025-11-06;ACIONAMENTOS;6,0;181-360;Robô;Nov;4;Q4;11;543,32
2025-11-06;CPC;0,0;181-360;HUMANO;Nov;4;Q4;11;0,0
2025-11-06;CPC;0,0;181-360;HUMANO;Nov;4;Q4;11;0,0
2025-11-06;CPC;0,0;181-360;Robô;Nov;4;Q4;11;0,0
2025-11-06;CPCA;0,0;181-360;HUMANO;Nov;4;Q4;11;0,0
2025-11-06;CPCA;0,0;181-360;HUMANO;Nov;4;Q4;11;0,0
2025-11-06;CPCA;0,0;181-360;Robô;Nov;4;Q4;11;0,0
2025-11-06;PROMESSA;0,0;181-360;HUMANO;Nov;4;Q4;11;0,0
2025-11-06;PROMESSA;0,0;181-360;HUMANO;Nov;4;Q4;11;0,0
2025-11-06;PROMESSA;0,0;181-360;Robô;Nov;4;Q4;11;0,0
2025-11-06;TRABALHADO;0,0;181-360;HUMANO;Nov;4;Q4;11;0,0
2025-11-06;TRABALHADO;3,0;181-360;HUMANO;Nov;4;Q4;11;925,8800000000001
2025-11-06;TRABALHADO;52,0;181-360;Robô;Nov;4;Q4;11;10294,720000000001
2025-11-06;ACIONAMENTOS;90,0;31-60;HUMANO;Nov;4;Q4;11;17471,829999999998
2025-11-06;ACIONAMENTOS;2,0;31-60;HUMANO;Nov;4;Q4;11;399,5
2025-11-06;ACIONAMENTOS;909,0;31-60;Robô;Nov;4;Q4;11;94892,59
2025-11-06;CPC;29,0;31-60;HUMANO;Nov;4;Q4;11;4845,620000000001
2025-11-06;CPC;0,0;31-60;HUMANO;Nov;4;Q4;11;0,0
2025-11-06;CPC;264,0;31-60;Robô;Nov;4;Q4;11;25971,59
2025-11-06;CPCA;20,0;31-60;HUMANO;Nov;4;Q4;11;3422,1500000000005
2025-11-06;CPCA;0,0;31-60;HUMANO;Nov;4;Q4;11;0,0
2025-11-06;CPCA;251,0;31-60;Robô;Nov;4;Q4;11;24538,82
2025-11-06;PROMESSA;13,0;31-60;HUMANO;Nov;4;Q4;11;2089,04
2025-11-06;PROMESSA;0,0;31-60;HUMANO;Nov;4;Q4;11;0,0
2025-11-06;PROMESSA;55,0;31-60;Robô;Nov;4;Q4;11;4668,629999999999
2025-11-06;TRABALHADO;0,0;31-60;HUMANO;Nov;4;Q4;11;0,0
2025-11-06;TRABALHADO;1717,0;31-60;HUMANO;Nov;4;Q4;11;372607,91000000003
2025-11-06;TRABALHADO;7009,0;31-60;Robô;Nov;4;Q4;11;752377,1799999999
2025-11-06;ACIONAMENTOS;290,0;361-720;HUMANO;Nov;4;Q4;11;99384,19
2025-11-06;ACIONAMENTOS;5,0;361-720;HUMANO;Nov;4;Q4;11;2116,7
2025-11-06;ACIONAMENTOS;4,0;361-720;Robô;Nov;4;Q4;11;1460,13
2025-11-06;CPC;110,0;361-720;HUMANO;Nov;4;Q4;11;35559,51000000001
2025-11-06;CPC;0,0;361-720;HUMANO;Nov;4;Q4;11;0,0
2025-11-06;CPC;1,0;361-720;Robô;Nov;4;Q4;11;461,79
2025-11-06;CPCA;80,0;361-720;HUMANO;Nov;4;Q4;11;25970,59
2025-11-06;CPCA;0,0;361-720;HUMANO;Nov;4;Q4;11;0,0
2025-11-06;CPCA;1,0;361-720;Robô;Nov;4;Q4;11;461,79
2025-11-06;PROMESSA;45,0;361-720;HUMANO;Nov;4;Q4;11;8321,06
2025-11-06;PROMESSA;0,0;361-720;HUMANO;Nov;4;Q4;11;0,0
2025-11-06;PROMESSA;0,0;361-720;Robô;Nov;4;Q4;11;0,0
2025-11-06;TRABALHADO;0,0;361-720;HUMANO;Nov;4;Q4;11;0,0
2025-11-06;TRABALHADO;21836,0;361-720;HUMANO;Nov;4;Q4;11;9863725,7
2025-11-06;TRABALHADO;162,0;361-720;Robô;Nov;4;Q4;11;70693,80000000002
2025-11-06;ACIONAMENTOS;198,0;61-90;HUMANO;Nov;4;Q4;11;44887,759999999995
2025-11-06;ACIONAMENTOS;16,0;61-90;HUMANO;Nov;4;Q4;11;3851,76
2025-11-06;ACIONAMENTOS;716,0;61-90;Robô;Nov;4;Q4;11;112562,6
2025-11-06;CPC;57,0;61-90;HUMANO;Nov;4;Q4;11;11010,12
2025-11-06;CPC;0,0;61-90;HUMANO;Nov;4;Q4;11;0,0
2025-11-06;CPC;145,0;61-90;Robô;Nov;4;Q4;11;22344,36
2025-11-06;CPCA;42,0;61-90;HUMANO;Nov;4;Q4;11;8390,039999999999
2025-11-06;CPCA;0,0;61-90;HUMANO;Nov;4;Q4;11;0,0
2025-11-06;CPCA;137,0;61-90;Robô;Nov;4;Q4;11;20935,29
2025-11-06;PROMESSA;12,0;61-90;HUMANO;Nov;4;Q4;11;2038,46
2025-11-06;PROMESSA;0,0;61-90;HUMANO;Nov;4;Q4;11;0,0
2025-11-06;PROMESSA;23,0;61-90;Robô;Nov;4;Q4;11;3665,04
2025-11-06;TRABALHADO;0,0;61-90;HUMANO;Nov;4;Q4;11;0,0
2025-11-06;TRABALHADO;4531,0;61-90;HUMANO;Nov;4;Q4;11;1036613,4199999999
2025-11-06;TRABALHADO;7644,0;61-90;Robô;Nov;4;Q4;11;1263170,8800000001
2025-11-06;ACIONAMENTOS;154,0;91-120;HUMANO;Nov;4;Q4;11;27140,129999999997
2025-11-06;ACIONAMENTOS;1,0;91-120;HUMANO;Nov;4;Q4;11;157,13
2025-11-06;ACIONAMENTOS;846,0;91-120;Robô;Nov;4;Q4;11;92258,37999999999
2025-11-06;CPC;37,0;91-120;HUMANO;Nov;4;Q4;11;6349,050000000001
2025-11-06;CPC;0,0;91-120;HUMANO;Nov;4;Q4;11;0,0
2025-11-06;CPC;204,0;91-120;Robô;Nov;4;Q4;11;18886,809999999998
2025-11-06;CPCA;26,0;91-120;HUMANO;Nov;4;Q4;11;4573,130000000001
2025-11-06;CPCA;0,0;91-120;HUMANO;Nov;4;Q4;11;0,0
2025-11-06;CPCA;191,0;91-120;Robô;Nov;4;Q4;11;17355,139999999996
2025-11-06;PROMESSA;11,0;91-120;HUMANO;Nov;4;Q4;11;2068,96
2025-11-06;PROMESSA;0,0;91-120;HUMANO;Nov;4;Q4;11;0,0
2025-11-06;PROMESSA;48,0;91-120;Robô;Nov;4;Q4;11;3397,37
2025-11-06;TRABALHADO;0,0;91-120;HUMANO;Nov;4;Q4;11;0,0
2025-11-06;TRABALHADO;2990,0;91-120;HUMANO;Nov;4;Q4;11;586255,21
2025-11-06;TRABALHADO;8762,0;91-120;Robô;Nov;4;Q4;11;984241,55
2025-11-06;ACIONAMENTOS;6,0;Esforço;HUMANO;Nov;4;Q4;11;570,29
2025-11-06;ACIONAMENTOS;143,0;Esforço;HUMANO;Nov;4;Q4;11;18328,429999999997
2025-11-06;ACIONAMENTOS;101,0;Esforço;HUMANO;Nov;4;Q4;11;19688,06
2025-11-06;ACIONAMENTOS;222,0;Esforço;HUMANO;Nov;4;Q4;11;49491,0
2025-11-06;ACIONAMENTOS;171,0;Esforço;HUMANO;Nov;4;Q4;11;29932,019999999997
2025-11-06;ACIONAMENTOS;87,0;Esforço;HUMANO;Nov;4;Q4;11;23545,199999999997
2025-11-06;ACIONAMENTOS;92,0;Esforço;HUMANO;Nov;4;Q4;11;25645,699999999997
2025-11-06;ACIONAMENTOS;0,0;Esforço;HUMANO;Nov;4;Q4;11;0,0
2025-11-06;ACIONAMENTOS;354,0;Esforço;HUMANO;Nov;4;Q4;11;114266,23999999999
2025-11-06;ACIONAMENTOS;1,0;Esforço;HUMANO;Nov;4;Q4;11;121,08000000000001
2025-11-06;ACIONAMENTOS;0,0;Esforço;HUMANO;Nov;4;Q4;11;0,0
2025-11-06;ACIONAMENTOS;0,0;Esforço;HUMANO;Nov;4;Q4;11;0,0
2025-11-06;ACIONAMENTOS;2,0;Esforço;HUMANO;Nov;4;Q4;11;399,5
2025-11-06;ACIONAMENTOS;16,0;Esforço;HUMANO;Nov;4;Q4;11;3851,76
2025-11-06;ACIONAMENTOS;1,0;Esforço;HUMANO;Nov;4;Q4;11;157,13
2025-11-06;ACIONAMENTOS;3,0;Esforço;HUMANO;Nov;4;Q4;11;676,72
2025-11-06;ACIONAMENTOS;6,0;Esforço;HUMANO;Nov;4;Q4;11;1575,09
2025-11-06;ACIONAMENTOS;0,0;Esforço;HUMANO;Nov;4;Q4;11;0,0
2025-11-06;ACIONAMENTOS;5,0;Esforço;HUMANO;Nov;4;Q4;11;2116,7
2025-11-06;ACIONAMENTOS;0,0;Esforço;HUMANO;Nov;4;Q4;11;0,0
2025-11-06;ACIONAMENTOS;1,0;Esforço;Robô;Nov;4;Q4;11;65,12
2025-11-06;ACIONAMENTOS;7547,0;Esforço;Robô;Nov;4;Q4;11;278549,88
2025-11-06;ACIONAMENTOS;1809,0;Esforço;Robô;Nov;4;Q4;11;99842,16
2025-11-06;ACIONAMENTOS;1487,0;Esforço;Robô;Nov;4;Q4;11;109502,14
2025-11-06;ACIONAMENTOS;1578,0;Esforço;Robô;Nov;4;Q4;11;90587,77
2025-11-06;ACIONAMENTOS;695,0;Esforço;Robô;Nov;4;Q4;11;63315,92999999999
2025-11-06;ACIONAMENTOS;577,0;Esforço;Robô;Nov;4;Q4;11;63747,79000000001
2025-11-06;ACIONAMENTOS;9,0;Esforço;Robô;Nov;4;Q4;11;983,52
2025-11-06;ACIONAMENTOS;6,0;Esforço;Robô;Nov;4;Q4;11;1315,77
2025-11-06;ACIONAMENTOS;0,0;Esforço;Robô;Nov;4;Q4;11;0,0
2025-11-06;CPC;6,0;Esforço;HUMANO;Nov;4;Q4;11;570,29
2025-11-06;CPC;73,0;Esforço;HUMANO;Nov;4;Q4;11;6927,549999999999
2025-11-06;CPC;30,0;Esforço;HUMANO;Nov;4;Q4;11;5019,419999999999
2025-11-06;CPC;59,0;Esforço;HUMANO;Nov;4;Q4;11;11199,819999999998
2025-11-06;CPC;38,0;Esforço;HUMANO;Nov;4;Q4;11;6587,77
2025-11-06;CPC;15,0;Esforço;HUMANO;Nov;4;Q4;11;3819,2899999999995
2025-11-06;CPC;28,0;Esforço;HUMANO;Nov;4;Q4;11;7463,670000000001
2025-11-06;CPC;0,0;Esforço;HUMANO;Nov;4;Q4;11;0,0
2025-11-06;CPC;115,0;Esforço;HUMANO;Nov;4;Q4;11;35996,96000000001
2025-11-06;CPC;0,0;Esforço;HUMANO;Nov;4;Q4;11;0,0
2025-11-06;CPC;0,0;Esforço;HUMANO;Nov;4;Q4;11;0,0
2025-11-06;CPC;0,0;Esforço;HUMANO;Nov;4;Q4;11;0,0
2025-11-06;CPC;0,0;Esforço;HUMANO;Nov;4;Q4;11;0,0
2025-11-06;CPC;0,0;Esforço;HUMANO;Nov;4;Q4;11;0,0
2025-11-06;CPC;0,0;Esforço;HUMANO;Nov;4;Q4;11;0,0
2025-11-06;CPC;0,0;Esforço;HUMANO;Nov;4;Q4;11;0,0
2025-11-06;CPC;0,0;Esforço;HUMANO;Nov;4;Q4;11;0,0
2025-11-06;CPC;0,0;Esforço;HUMANO;Nov;4;Q4;11;0,0
2025-11-06;CPC;0,0;Esforço;HUMANO;Nov;4;Q4;11;0,0
2025-11-06;CPC;0,0;Esforço;HUMANO;Nov;4;Q4;11;0,0
2025-11-06;CPC;1,0;Esforço;Robô;Nov;4;Q4;11;65,12
2025-11-06;CPC;1418,0;Esforço;Robô;Nov;4;Q4;11;84381,22
2025-11-06;CPC;416,0;Esforço;Robô;Nov;4;Q4;11;26646,18
2025-11-06;CPC;170,0;Esforço;Robô;Nov;4;Q4;11;21821,11
2025-11-06;CPC;255,0;Esforço;Robô;Nov;4;Q4;11;19123,57
2025-11-06;CPC;80,0;Esforço;Robô;Nov;4;Q4;11;10526,94
2025-11-06;CPC;55,0;Esforço;Robô;Nov;4;Q4;11;8269,380000000001
2025-11-06;CPC;0,0;Esforço;Robô;Nov;4;Q4;11;0,0
2025-11-06;CPC;2,0;Esforço;Robô;Nov;4;Q4;11;0,0
2025-11-06;CPC;0,0;Esforço;Robô;Nov;4;Q4;11;0,0
2025-11-06;CPCA;5,0;Esforço;HUMANO;Nov;4;Q4;11;505,16999999999996
2025-11-06;CPCA;37,0;Esforço;HUMANO;Nov;4;Q4;11;2986,620000000001
2025-11-06;CPCA;21,0;Esforço;HUMANO;Nov;4;Q4;11;3595,9500000000007
2025-11-06;CPCA;43,0;Esforço;HUMANO;Nov;4;Q4;11;8419,939999999999
2025-11-06;CPCA;27,0;Esforço;HUMANO;Nov;4;Q4;11;4811,85
2025-11-06;CPCA;7,0;Esforço;HUMANO;Nov;4;Q4;11;1784,18
2025-11-06;CPCA;16,0;Esforço;HUMANO;Nov;4;Q4;11;4288,16
2025-11-06;CPCA;0,0;Esforço;HUMANO;Nov;4;Q4;11;0,0
2025-11-06;CPCA;82,0;Esforço;HUMANO;Nov;4;Q4;11;26122,3
2025-11-06;CPCA;0,0;Esforço;HUMANO;Nov;4;Q4;11;0,0
2025-11-06;CPCA;0,0;Esforço;HUMANO;Nov;4;Q4;11;0,0
2025-11-06;CPCA;0,0;Esforço;HUMANO;Nov;4;Q4;11;0,0
2025-11-06;CPCA;0,0;Esforço;HUMANO;Nov;4;Q4;11;0,0
2025-11-06;CPCA;0,0;Esforço;HUMANO;Nov;4;Q4;11;0,0
2025-11-06;CPCA;0,0;Esforço;HUMANO;Nov;4;Q4;11;0,0
2025-11-06;CPCA;0,0;Esforço;HUMANO;Nov;4;Q4;11;0,0
2025-11-06;CPCA;0,0;Esforço;HUMANO;Nov;4;Q4;11;0,0
2025-11-06;CPCA;0,0;Esforço;HUMANO;Nov;4;Q4;11;0,0
2025-11-06;CPCA;0,0;Esforço;HUMANO;Nov;4;Q4;11;0,0
2025-11-06;CPCA;0,0;Esforço;HUMANO;Nov;4;Q4;11;0,0
2025-11-06;CPCA;1,0;Esforço;Robô;Nov;4;Q4;11;65,12
2025-11-06;CPCA;1359,0;Esforço;Robô;Nov;4;Q4;11;81939,4
2025-11-06;CPCA;374,0;Esforço;Robô;Nov;4;Q4;11;25149,0
2025-11-06;CPCA;157,0;Esforço;Robô;Nov;4;Q4;11;20352,96
2025-11-06;CPCA;234,0;Esforço;Robô;Nov;4;Q4;11;17372,3
2025-11-06;CPCA;76,0;Esforço;Robô;Nov;4;Q4;11;10345,899999999998
2025-11-06;CPCA;51,0;Esforço;Robô;Nov;4;Q4;11;7585,9800000000005
2025-11-06;CPCA;0,0;Esforço;Robô;Nov;4;Q4;11;0,0
2025-11-06;CPCA;2,0;Esforço;Robô;Nov;4;Q4;11;0,0
2025-11-06;CPCA;0,0;Esforço;Robô;Nov;4;Q4;11;0,0
2025-11-06;PROMESSA;1,0;Esforço;HUMANO;Nov;4;Q4;11;79,9
2025-11-06;PROMESSA;27,0;Esforço;HUMANO;Nov;4;Q4;11;1799,1200000000001
2025-11-06;PROMESSA;14,0;Esforço;HUMANO;Nov;4;Q4;11;2262,8399999999997
2025-11-06;PROMESSA;13,0;Esforço;HUMANO;Nov;4;Q4;11;2068,36
2025-11-06;PROMESSA;11,0;Esforço;HUMANO;Nov;4;Q4;11;2068,96
2025-11-06;PROMESSA;3,0;Esforço;HUMANO;Nov;4;Q4;11;759,73
2025-11-06;PROMESSA;5,0;Esforço;HUMANO;Nov;4;Q4;11;1507,8700000000001
2025-11-06;PROMESSA;0,0;Esforço;HUMANO;Nov;4;Q4;11;0,0
2025-11-06;PROMESSA;47,0;Esforço;HUMANO;Nov;4;Q4;11;8472,769999999999
2025-11-06;PROMESSA;0,0;Esforço;HUMANO;Nov;4;Q4;11;0,0
2025-11-06;PROMESSA;0,0;Esforço;HUMANO;Nov;4;Q4;11;0,0
2025-11-06;PROMESSA;0,0;Esforço;HUMANO;Nov;4;Q4;11;0,0
2025-11-06;PROMESSA;0,0;Esforço;HUMANO;Nov;4;Q4;11;0,0
2025-11-06;PROMESSA;0,0;Esforço;HUMANO;Nov;4;Q4;11;0,0
2025-11-06;PROMESSA;0,0;Esforço;HUMANO;Nov;4;Q4;11;0,0
2025-11-06;PROMESSA;0,0;Esforço;HUMANO;Nov;4;Q4;11;0,0
2025-11-06;PROMESSA;0,0;Esforço;HUMANO;Nov;4;Q4;11;0,0
2025-11-06;PROMESSA;0,0;Esforço;HUMANO;Nov;4;Q4;11;0,0
2025-11-06;PROMESSA;0,0;Esforço;HUMANO;Nov;4;Q4;11;0,0
2025-11-06;PROMESSA;0,0;Esforço;HUMANO;Nov;4;Q4;11;0,0
2025-11-06;PROMESSA;0,0;Esforço;Robô;Nov;4;Q4;11;0,0
2025-11-06;PROMESSA;305,0;Esforço;Robô;Nov;4;Q4;11;18958,239999999998
2025-11-06;PROMESSA;58,0;Esforço;Robô;Nov;4;Q4;11;4928,43
2025-11-06;PROMESSA;23,0;Esforço;Robô;Nov;4;Q4;11;3665,04
2025-11-06;PROMESSA;48,0;Esforço;Robô;Nov;4;Q4;11;3397,37
2025-11-06;PROMESSA;16,0;Esforço;Robô;Nov;4;Q4;11;1854,19
2025-11-06;PROMESSA;7,0;Esforço;Robô;Nov;4;Q4;11;711,7899999999998
2025-11-06;PROMESSA;0,0;Esforço;Robô;Nov;4;Q4;11;0,0
2025-11-06;PROMESSA;0,0;Esforço;Robô;Nov;4;Q4;11;0,0
2025-11-06;PROMESSA;0,0;Esforço;Robô;Nov;4;Q4;11;0,0
2025-11-06;TRABALHADO;0,0;Esforço;HUMANO;Nov;4;Q4;11;0,0
2025-11-06;TRABALHADO;0,0;Esforço;HUMANO;Nov;4;Q4;11;0,0
2025-11-06;TRABALHADO;0,0;Esforço;HUMANO;Nov;4;Q4;11;0,0
2025-11-06;TRABALHADO;0,0;Esforço;HUMANO;Nov;4;Q4;11;0,0
2025-11-06;TRABALHADO;0,0;Esforço;HUMANO;Nov;4;Q4;11;0,0
2025-11-06;TRABALHADO;0,0;Esforço;HUMANO;Nov;4;Q4;11;0,0
2025-11-06;TRABALHADO;0,0;Esforço;HUMANO;Nov;4;Q4;11;0,0
2025-11-06;TRABALHADO;0,0;Esforço;HUMANO;Nov;4;Q4;11;0,0
2025-11-06;TRABALHADO;0,0;Esforço;HUMANO;Nov;4;Q4;11;0,0
2025-11-06;TRABALHADO;0,0;Esforço;HUMANO;Nov;4;Q4;11;0,0
2025-11-06;TRABALHADO;0,0;Esforço;HUMANO;Nov;4;Q4;11;0,0
2025-11-06;TRABALHADO;3936,0;Esforço;HUMANO;Nov;4;Q4;11;778754,3300000001
2025-11-06;TRABALHADO;7449,0;Esforço;HUMANO;Nov;4;Q4;11;1551997,9100000001
2025-11-06;TRABALHADO;18559,0;Esforço;HUMANO;Nov;4;Q4;11;4075304,65
2025-11-06;TRABALHADO;13771,0;Esforço;HUMANO;Nov;4;Q4;11;2520204,67
2025-11-06;TRABALHADO;7424,0;Esforço;HUMANO;Nov;4;Q4;11;1971691,2100000004
2025-11-06;TRABALHADO;9780,0;Esforço;HUMANO;Nov;4;Q4;11;2888054,9000000004
2025-11-06;TRABALHADO;4,0;Esforço;HUMANO;Nov;4;Q4;11;1413,8200000000002
2025-11-06;TRABALHADO;81138,0;Esforço;HUMANO;Nov;4;Q4;11;37639344,61
2025-11-06;TRABALHADO;477,0;Esforço;HUMANO;Nov;4;Q4;11;115896,53000000001
2025-11-06;TRABALHADO;8,0;Esforço;Robô;Nov;4;Q4;11;172,13
2025-11-06;TRABALHADO;880593,0;Esforço;Robô;Nov;4;Q4;11;93992,3
2025-11-06;TRABALHADO;248911,0;Esforço;Robô;Nov;4;Q4;11;152105,06
2025-11-06;TRABALHADO;277374,0;Esforço;Robô;Nov;4;Q4;11;557191,09
2025-11-06;TRABALHADO;321269,0;Esforço;Robô;Nov;4;Q4;11;264407,92
2025-11-06;TRABALHADO;121908,0;Esforço;Robô;Nov;4;Q4;11;186954,09000000003
2025-11-06;TRABALHADO;105603,0;Esforço;Robô;Nov;4;Q4;11;335147,32
2025-11-06;TRABALHADO;803,0;Esforço;Robô;Nov;4;Q4;11;1259,45
2025-11-06;TRABALHADO;1821,0;Esforço;Robô;Nov;4;Q4;11;28663,7
2025-11-06;TRABALHADO;328,0;Esforço;Robô;Nov;4;Q4;11;727,6499999999999
2025-11-06;ACIONAMENTOS;1,0;Maior 720;HUMANO;Nov;4;Q4;11;121,08000000000001
2025-11-06;ACIONAMENTOS;0,0;Maior 720;HUMANO;Nov;4;Q4;11;0,0
2025-11-06;ACIONAMENTOS;0,0;Maior 720;Robô;Nov;4;Q4;11;0,0
2025-11-06;CPC;0,0;Maior 720;HUMANO;Nov;4;Q4;11;0,0
2025-11-06;CPC;0,0;Maior 720;HUMANO;Nov;4;Q4;11;0,0
2025-11-06;CPC;0,0;Maior 720;Robô;Nov;4;Q4;11;0,0
2025-11-06;CPCA;0,0;Maior 720;HUMANO;Nov;4;Q4;11;0,0
2025-11-06;CPCA;0,0;Maior 720;HUMANO;Nov;4;Q4;11;0,0
2025-11-06;CPCA;0,0;Maior 720;Robô;Nov;4;Q4;11;0,0
2025-11-06;PROMESSA;0,0;Maior 720;HUMANO;Nov;4;Q4;11;0,0
2025-11-06;PROMESSA;0,0;Maior 720;HUMANO;Nov;4;Q4;11;0,0
2025-11-06;PROMESSA;0,0;Maior 720;Robô;Nov;4;Q4;11;0,0
2025-11-06;TRABALHADO;0,0;Maior 720;HUMANO;Nov;4;Q4;11;0,0
2025-11-06;TRABALHADO;386,0;Maior 720;HUMANO;Nov;4;Q4;11;94541,09000000001
2025-11-06;TRABALHADO;26,0;Maior 720;Robô;Nov;4;Q4;11;7354,620000000001
2025-11-06;ACIONAMENTOS;5,0;Preventivo;HUMANO;Nov;4;Q4;11;490,39
2025-11-06;ACIONAMENTOS;0,0;Preventivo;HUMANO;Nov;4;Q4;11;0,0
2025-11-06;ACIONAMENTOS;1,0;Preventivo;Robô;Nov;4;Q4;11;65,12
2025-11-06;CPC;5,0;Preventivo;HUMANO;Nov;4;Q4;11;490,39
2025-11-06;CPC;0,0;Preventivo;HUMANO;Nov;4;Q4;11;0,0
2025-11-06;CPC;1,0;Preventivo;Robô;Nov;4;Q4;11;65,12
2025-11-06;CPCA;4,0;Preventivo;HUMANO;Nov;4;Q4;11;425,27
2025-11-06;CPCA;0,0;Preventivo;HUMANO;Nov;4;Q4;11;0,0
2025-11-06;CPCA;1,0;Preventivo;Robô;Nov;4;Q4;11;65,12
2025-11-06;PROMESSA;1,0;Preventivo;HUMANO;Nov;4;Q4;11;79,9
2025-11-06;PROMESSA;0,0;Preventivo;HUMANO;Nov;4;Q4;11;0,0
2025-11-06;PROMESSA;0,0;Preventivo;Robô;Nov;4;Q4;11;0,0
2025-11-06;TRABALHADO;0,0;Preventivo;HUMANO;Nov;4;Q4;11;0,0
2025-11-06;TRABALHADO;0,0;Preventivo;HUMANO;Nov;4;Q4;11;0,0
2025-11-06;TRABALHADO;3,0;Preventivo;Robô;Nov;4;Q4;11;254,82000000000002
2025-11-06;ACIONAMENTOS;5,0;Unique;HUMANO;Nov;4;Q4;11;490,39
2025-11-06;ACIONAMENTOS;131,0;Unique;HUMANO;Nov;4;Q4;11;16524,36
2025-11-06;ACIONAMENTOS;90,0;Unique;HUMANO;Nov;4;Q4;11;17471,829999999998
2025-11-06;ACIONAMENTOS;198,0;Unique;HUMANO;Nov;4;Q4;11;44887,759999999995
2025-11-06;ACIONAMENTOS;154,0;Unique;HUMANO;Nov;4;Q4;11;27140,129999999997
2025-11-06;ACIONAMENTOS;75,0;Unique;HUMANO;Nov;4;Q4;11;20340,529999999995
2025-11-06;ACIONAMENTOS;85,0;Unique;HUMANO;Nov;4;Q4;11;23729,899999999998
2025-11-06;ACIONAMENTOS;0,0;Unique;HUMANO;Nov;4;Q4;11;0,0
2025-11-06;ACIONAMENTOS;288,0;Unique;HUMANO;Nov;4;Q4;11;98790,72
2025-11-06;ACIONAMENTOS;1,0;Unique;HUMANO;Nov;4;Q4;11;121,08000000000001
2025-11-06;ACIONAMENTOS;0,0;Unique;HUMANO;Nov;4;Q4;11;0,0
2025-11-06;ACIONAMENTOS;0,0;Unique;HUMANO;Nov;4;Q4;11;0,0
2025-11-06;ACIONAMENTOS;2,0;Unique;HUMANO;Nov;4;Q4;11;399,5
2025-11-06;ACIONAMENTOS;16,0;Unique;HUMANO;Nov;4;Q4;11;3851,76
2025-11-06;ACIONAMENTOS;1,0;Unique;HUMANO;Nov;4;Q4;11;157,13
2025-11-06;ACIONAMENTOS;3,0;Unique;HUMANO;Nov;4;Q4;11;676,72
2025-11-06;ACIONAMENTOS;6,0;Unique;HUMANO;Nov;4;Q4;11;1575,09
2025-11-06;ACIONAMENTOS;0,0;Unique;HUMANO;Nov;4;Q4;11;0,0
2025-11-06;ACIONAMENTOS;5,0;Unique;HUMANO;Nov;4;Q4;11;2116,7
2025-11-06;ACIONAMENTOS;0,0;Unique;HUMANO;Nov;4;Q4;11;0,0
2025-11-06;ACIONAMENTOS;1,0;Unique;Robô;Nov;4;Q4;11;65,12
2025-11-06;ACIONAMENTOS;1943,0;Unique;Robô;Nov;4;Q4;11;137075,40000000002
2025-11-06;ACIONAMENTOS;452,0;Unique;Robô;Nov;4;Q4;11;48752,58
2025-11-06;ACIONAMENTOS;369,0;Unique;Robô;Nov;4;Q4;11;64195,490000000005
2025-11-06;ACIONAMENTOS;380,0;Unique;Robô;Nov;4;Q4;11;44015,83
2025-11-06;ACIONAMENTOS;177,0;Unique;Robô;Nov;4;Q4;11;35456,03
2025-11-06;ACIONAMENTOS;195,0;Unique;Robô;Nov;4;Q4;11;47598,49
2025-11-06;ACIONAMENTOS;5,0;Unique;Robô;Nov;4;Q4;11;383,52
2025-11-06;ACIONAMENTOS;2,0;Unique;Robô;Nov;4;Q4;11;521,59
2025-11-06;ACIONAMENTOS;0,0;Unique;Robô;Nov;4;Q4;11;0,0
2025-11-06;CPC;5,0;Unique;HUMANO;Nov;4;Q4;11;490,39
2025-11-06;CPC;69,0;Unique;HUMANO;Nov;4;Q4;11;6602,279999999999
2025-11-06;CPC;29,0;Unique;HUMANO;Nov;4;Q4;11;4845,620000000001
2025-11-06;CPC;57,0;Unique;HUMANO;Nov;4;Q4;11;11010,12
2025-11-06;CPC;37,0;Unique;HUMANO;Nov;4;Q4;11;6349,050000000001
2025-11-06;CPC;15,0;Unique;HUMANO;Nov;4;Q4;11;3819,2900000000004
2025-11-06;CPC;28,0;Unique;HUMANO;Nov;4;Q4;11;7463,670000000001
2025-11-06;CPC;0,0;Unique;HUMANO;Nov;4;Q4;11;0,0
2025-11-06;CPC;110,0;Unique;HUMANO;Nov;4;Q4;11;35559,51000000001
2025-11-06;CPC;0,0;Unique;HUMANO;Nov;4;Q4;11;0,0
2025-11-06;CPC;0,0;Unique;HUMANO;Nov;4;Q4;11;0,0
2025-11-06;CPC;0,0;Unique;HUMANO;Nov;4;Q4;11;0,0
2025-11-06;CPC;0,0;Unique;HUMANO;Nov;4;Q4;11;0,0
2025-11-06;CPC;0,0;Unique;HUMANO;Nov;4;Q4;11;0,0
2025-11-06;CPC;0,0;Unique;HUMANO;Nov;4;Q4;11;0,0
2025-11-06;CPC;0,0;Unique;HUMANO;Nov;4;Q4;11;0,0
2025-11-06;CPC;0,0;Unique;HUMANO;Nov;4;Q4;11;0,0
2025-11-06;CPC;0,0;Unique;HUMANO;Nov;4;Q4;11;0,0
2025-11-06;CPC;0,0;Unique;HUMANO;Nov;4;Q4;11;0,0
2025-11-06;CPC;0,0;Unique;HUMANO;Nov;4;Q4;11;0,0
2025-11-06;CPC;1,0;Unique;Robô;Nov;4;Q4;11;65,12
2025-11-06;CPC;1160,0;Unique;Robô;Nov;4;Q4;11;81034,23
2025-11-06;CPC;255,0;Unique;Robô;Nov;4;Q4;11;25027,18
2025-11-06;CPC;142,0;Unique;Robô;Nov;4;Q4;11;22028,479999999996
2025-11-06;CPC;198,0;Unique;Robô;Nov;4;Q4;11;18328,01
2025-11-06;CPC;70,0;Unique;Robô;Nov;4;Q4;11;10666,42
2025-11-06;CPC;45,0;Unique;Robô;Nov;4;Q4;11;8537,439999999999
2025-11-06;CPC;0,0;Unique;Robô;Nov;4;Q4;11;0,0
2025-11-06;CPC;1,0;Unique;Robô;Nov;4;Q4;11;461,79
2025-11-06;CPC;0,0;Unique;Robô;Nov;4;Q4;11;0,0
2025-11-06;CPCA;4,0;Unique;HUMANO;Nov;4;Q4;11;425,27
2025-11-06;CPCA;36,0;Unique;HUMANO;Nov;4;Q4;11;2956,7200000000003
2025-11-06;CPCA;20,0;Unique;HUMANO;Nov;4;Q4;11;3422,1500000000005
2025-11-06;CPCA;42,0;Unique;HUMANO;Nov;4;Q4;11;8390,039999999999
2025-11-06;CPCA;26,0;Unique;HUMANO;Nov;4;Q4;11;4573,130000000001
2025-11-06;CPCA;7,0;Unique;HUMANO;Nov;4;Q4;11;1784,1799999999998
2025-11-06;CPCA;16,0;Unique;HUMANO;Nov;4;Q4;11;4288,16
2025-11-06;CPCA;0,0;Unique;HUMANO;Nov;4;Q4;11;0,0
2025-11-06;CPCA;80,0;Unique;HUMANO;Nov;4;Q4;11;25970,59
2025-11-06;CPCA;0,0;Unique;HUMANO;Nov;4;Q4;11;0,0
2025-11-06;CPCA;0,0;Unique;HUMANO;Nov;4;Q4;11;0,0
2025-11-06;CPCA;0,0;Unique;HUMANO;Nov;4;Q4;11;0,0
2025-11-06;CPCA;0,0;Unique;HUMANO;Nov;4;Q4;11;0,0
2025-11-06;CPCA;0,0;Unique;HUMANO;Nov;4;Q4;11;0,0
2025-11-06;CPCA;0,0;Unique;HUMANO;Nov;4;Q4;11;0,0
2025-11-06;CPCA;0,0;Unique;HUMANO;Nov;4;Q4;11;0,0
2025-11-06;CPCA;0,0;Unique;HUMANO;Nov;4;Q4;11;0,0
2025-11-06;CPCA;0,0;Unique;HUMANO;Nov;4;Q4;11;0,0
2025-11-06;CPCA;0,0;Unique;HUMANO;Nov;4;Q4;11;0,0
2025-11-06;CPCA;0,0;Unique;HUMANO;Nov;4;Q4;11;0,0
2025-11-06;CPCA;1,0;Unique;Robô;Nov;4;Q4;11;65,12
2025-11-06;CPCA;1142,0;Unique;Robô;Nov;4;Q4;11;79686,1
2025-11-06;CPCA;248,0;Unique;Robô;Nov;4;Q4;11;24108,18
2025-11-06;CPCA;137,0;Unique;Robô;Nov;4;Q4;11;20935,29
2025-11-06;CPCA;191,0;Unique;Robô;Nov;4;Q4;11;17355,139999999996
2025-11-06;CPCA;68,0;Unique;Robô;Nov;4;Q4;11;10195,679999999998
2025-11-06;CPCA;42,0;Unique;Robô;Nov;4;Q4;11;7854,040000000001
2025-11-06;CPCA;0,0;Unique;Robô;Nov;4;Q4;11;0,0
2025-11-06;CPCA;1,0;Unique;Robô;Nov;4;Q4;11;461,79
2025-11-06;CPCA;0,0;Unique;Robô;Nov;4;Q4;11;0,0
2025-11-06;PROMESSA;1,0;Unique;HUMANO;Nov;4;Q4;11;79,9
2025-11-06;PROMESSA;26,0;Unique;HUMANO;Nov;4;Q4;11;1769,22
2025-11-06;PROMESSA;13,0;Unique;HUMANO;Nov;4;Q4;11;2089,04
2025-11-06;PROMESSA;12,0;Unique;HUMANO;Nov;4;Q4;11;2038,46
2025-11-06;PROMESSA;11,0;Unique;HUMANO;Nov;4;Q4;11;2068,96
2025-11-06;PROMESSA;3,0;Unique;HUMANO;Nov;4;Q4;11;759,73
2025-11-06;PROMESSA;5,0;Unique;HUMANO;Nov;4;Q4;11;1507,87
2025-11-06;PROMESSA;0,0;Unique;HUMANO;Nov;4;Q4;11;0,0
2025-11-06;PROMESSA;45,0;Unique;HUMANO;Nov;4;Q4;11;8321,06
2025-11-06;PROMESSA;0,0;Unique;HUMANO;Nov;4;Q4;11;0,0
2025-11-06;PROMESSA;0,0;Unique;HUMANO;Nov;4;Q4;11;0,0
2025-11-06;PROMESSA;0,0;Unique;HUMANO;Nov;4;Q4;11;0,0
2025-11-06;PROMESSA;0,0;Unique;HUMANO;Nov;4;Q4;11;0,0
2025-11-06;PROMESSA;0,0;Unique;HUMANO;Nov;4;Q4;11;0,0
2025-11-06;PROMESSA;0,0;Unique;HUMANO;Nov;4;Q4;11;0,0
2025-11-06;PROMESSA;0,0;Unique;HUMANO;Nov;4;Q4;11;0,0
2025-11-06;PROMESSA;0,0;Unique;HUMANO;Nov;4;Q4;11;0,0
2025-11-06;PROMESSA;0,0;Unique;HUMANO;Nov;4;Q4;11;0,0
2025-11-06;PROMESSA;0,0;Unique;HUMANO;Nov;4;Q4;11;0,0
2025-11-06;PROMESSA;0,0;Unique;HUMANO;Nov;4;Q4;11;0,0
2025-11-06;PROMESSA;0,0;Unique;Robô;Nov;4;Q4;11;0,0
2025-11-06;PROMESSA;304,0;Unique;Robô;Nov;4;Q4;11;18878,339999999997
2025-11-06;PROMESSA;55,0;Unique;Robô;Nov;4;Q4;11;4668,629999999999
2025-11-06;PROMESSA;23,0;Unique;Robô;Nov;4;Q4;11;3665,04
2025-11-06;PROMESSA;48,0;Unique;Robô;Nov;4;Q4;11;3397,37
2025-11-06;PROMESSA;16,0;Unique;Robô;Nov;4;Q4;11;1854,19
2025-11-06;PROMESSA;7,0;Unique;Robô;Nov;4;Q4;11;711,79
2025-11-06;PROMESSA;0,0;Unique;Robô;Nov;4;Q4;11;0,0
2025-11-06;PROMESSA;0,0;Unique;Robô;Nov;4;Q4;11;0,0
2025-11-06;PROMESSA;0,0;Unique;Robô;Nov;4;Q4;11;0,0
2025-11-06;TRABALHADO;0,0;Unique;HUMANO;Nov;4;Q4;11;0,0
2025-11-06;TRABALHADO;0,0;Unique;HUMANO;Nov;4;Q4;11;0,0
2025-11-06;TRABALHADO;0,0;Unique;HUMANO;Nov;4;Q4;11;0,0
2025-11-06;TRABALHADO;0,0;Unique;HUMANO;Nov;4;Q4;11;0,0
2025-11-06;TRABALHADO;0,0;Unique;HUMANO;Nov;4;Q4;11;0,0
2025-11-06;TRABALHADO;0,0;Unique;HUMANO;Nov;4;Q4;11;0,0
2025-11-06;TRABALHADO;0,0;Unique;HUMANO;Nov;4;Q4;11;0,0
2025-11-06;TRABALHADO;0,0;Unique;HUMANO;Nov;4;Q4;11;0,0
2025-11-06;TRABALHADO;0,0;Unique;HUMANO;Nov;4;Q4;11;0,0
2025-11-06;TRABALHADO;0,0;Unique;HUMANO;Nov;4;Q4;11;0,0
2025-11-06;TRABALHADO;0,0;Unique;HUMANO;Nov;4;Q4;11;0,0
2025-11-06;TRABALHADO;1741,0;Unique;HUMANO;Nov;4;Q4;11;300980,78
2025-11-06;TRABALHADO;1689,0;Unique;HUMANO;Nov;4;Q4;11;367063,15
2025-11-06;TRABALHADO;4518,0;Unique;HUMANO;Nov;4;Q4;11;1032468,1399999999
2025-11-06;TRABALHADO;2985,0;Unique;HUMANO;Nov;4;Q4;11;585122,18
2025-11-06;TRABALHADO;2221,0;Unique;HUMANO;Nov;4;Q4;11;603578,98
2025-11-06;TRABALHADO;2475,0;Unique;HUMANO;Nov;4;Q4;11;733656,53
2025-11-06;TRABALHADO;3,0;Unique;HUMANO;Nov;4;Q4;11;925,8800000000001
2025-11-06;TRABALHADO;21829,0;Unique;HUMANO;Nov;4;Q4;11;9861718,100000001
2025-11-06;TRABALHADO;386,0;Unique;HUMANO;Nov;4;Q4;11;94541,09000000001
2025-11-06;TRABALHADO;1,0;Unique;Robô;Nov;4;Q4;11;65,12
2025-11-06;TRABALHADO;24620,0;Unique;Robô;Nov;4;Q4;11;1637064,3399999999
2025-11-06;TRABALHADO;6572,0;Unique;Robô;Nov;4;Q4;11;693773,66
2025-11-06;TRABALHADO;7554,0;Unique;Robô;Nov;4;Q4;11;1250377,72
2025-11-06;TRABALHADO;8686,0;Unique;Robô;Nov;4;Q4;11;978251,13
2025-11-06;TRABALHADO;3749,0;Unique;Robô;Nov;4;Q4;11;745464,56
2025-11-06;TRABALHADO;3976,0;Unique;Robô;Nov;4;Q4;11;868375,79
2025-11-06;TRABALHADO;50,0;Unique;Robô;Nov;4;Q4;11;8907,42
2025-11-06;TRABALHADO;161,0;Unique;Robô;Nov;4;Q4;11;70560,63
2025-11-06;TRABALHADO;24,0;Unique;Robô;Nov;4;Q4;11;7050,639999999999
2025-11-07;ACIONAMENTOS;164,0;0-30;HUMANO;Nov;5;Q4;11;20385,61
2025-11-07;ACIONAMENTOS;0,0;0-30;HUMANO;Nov;5;Q4;11;0,0
2025-11-07;ACIONAMENTOS;5369,0;0-30;Robô;Nov;5;Q4;11;360197,1
2025-11-07;CPC;86,0;0-30;HUMANO;Nov;5;Q4;11;8570,739999999996
2025-11-07;CPC;0,0;0-30;HUMANO;Nov;5;Q4;11;0,0
2025-11-07;CPC;1585,0;0-30;Robô;Nov;5;Q4;11;116406,04999999999
2025-11-07;CPCA;43,0;0-30;HUMANO;Nov;5;Q4;11;3939,9900000000002
2025-11-07;CPCA;0,0;0-30;HUMANO;Nov;5;Q4;11;0,0
2025-11-07;CPCA;1537,0;0-30;Robô;Nov;5;Q4;11;113710,98999999999
2025-11-07;PROMESSA;32,0;0-30;HUMANO;Nov;5;Q4;11;2273,09
2025-11-07;PROMESSA;0,0;0-30;HUMANO;Nov;5;Q4;11;0,0
2025-11-07;PROMESSA;409,0;0-30;Robô;Nov;5;Q4;11;24857,84
2025-11-07;TRABALHADO;0,0;0-30;HUMANO;Nov;5;Q4;11;0,0
2025-11-07;TRABALHADO;1999,0;0-30;HUMANO;Nov;5;Q4;11;347151,15
2025-11-07;TRABALHADO;25044,0;0-30;Robô;Nov;5;Q4;11;1686651,9899999998
2025-11-07;ACIONAMENTOS;81,0;121-150;HUMANO;Nov;5;Q4;11;22249,989999999998
2025-11-07;ACIONAMENTOS;5,0;121-150;HUMANO;Nov;5;Q4;11;1333,1399999999999
2025-11-07;ACIONAMENTOS;445,0;121-150;Robô;Nov;5;Q4;11;87889,53
2025-11-07;CPC;18,0;121-150;HUMANO;Nov;5;Q4;11;4788,97
2025-11-07;CPC;0,0;121-150;HUMANO;Nov;5;Q4;11;0,0
2025-11-07;CPC;91,0;121-150;Robô;Nov;5;Q4;11;15454,0
2025-11-07;CPCA;9,0;121-150;HUMANO;Nov;5;Q4;11;2440,6
2025-11-07;CPCA;0,0;121-150;HUMANO;Nov;5;Q4;11;0,0
2025-11-07;CPCA;87,0;121-150;Robô;Nov;5;Q4;11;14640,099999999999
2025-11-07;PROMESSA;3,0;121-150;HUMANO;Nov;5;Q4;11;759,73
2025-11-07;PROMESSA;0,0;121-150;HUMANO;Nov;5;Q4;11;0,0
2025-11-07;PROMESSA;19,0;121-150;Robô;Nov;5;Q4;11;2560,61
2025-11-07;TRABALHADO;0,0;121-150;HUMANO;Nov;5;Q4;11;0,0
2025-11-07;TRABALHADO;2225,0;121-150;HUMANO;Nov;5;Q4;11;604853,64
2025-11-07;TRABALHADO;4679,0;121-150;Robô;Nov;5;Q4;11;1025105,94
2025-11-07;ACIONAMENTOS;119,0;151-180;HUMANO;Nov;5;Q4;11;33459,630000000005
2025-11-07;ACIONAMENTOS;7,0;151-180;HUMANO;Nov;5;Q4;11;1888,35
2025-11-07;ACIONAMENTOS;691,0;151-180;Robô;Nov;5;Q4;11;136808,33000000002
2025-11-07;CPC;32,0;151-180;HUMANO;Nov;5;Q4;11;8637,05
2025-11-07;CPC;0,0;151-180;HUMANO;Nov;5;Q4;11;0,0
2025-11-07;CPC;86,0;151-180;Robô;Nov;5;Q4;11;15612,119999999997
2025-11-07;CPCA;18,0;151-180;HUMANO;Nov;5;Q4;11;4914,68
2025-11-07;CPCA;0,0;151-180;HUMANO;Nov;5;Q4;11;0,0
2025-11-07;CPCA;83,0;151-180;Robô;Nov;5;Q4;11;14928,720000000001
2025-11-07;PROMESSA;5,0;151-180;HUMANO;Nov;5;Q4;11;1507,87
2025-11-07;PROMESSA;0,0;151-180;HUMANO;Nov;5;Q4;11;0,0
2025-11-07;PROMESSA;15,0;151-180;Robô;Nov;5;Q4;11;1486,7299999999998
2025-11-07;TRABALHADO;0,0;151-180;HUMANO;Nov;5;Q4;11;0,0
2025-11-07;TRABALHADO;3447,0;151-180;HUMANO;Nov;5;Q4;11;964267,6100000001
2025-11-07;TRABALHADO;6500,0;151-180;Robô;Nov;5;Q4;11;1267386,7000000002
2025-11-07;ACIONAMENTOS;0,0;181-360;HUMANO;Nov;5;Q4;11;0,0
2025-11-07;ACIONAMENTOS;0,0;181-360;HUMANO;Nov;5;Q4;11;0,0
2025-11-07;ACIONAMENTOS;7,0;181-360;Robô;Nov;5;Q4;11;573,22
2025-11-07;CPC;0,0;181-360;HUMANO;Nov;5;Q4;11;0,0
2025-11-07;CPC;0,0;181-360;HUMANO;Nov;5;Q4;11;0,0
2025-11-07;CPC;0,0;181-360;Robô;Nov;5;Q4;11;0,0
2025-11-07;CPCA;0,0;181-360;HUMANO;Nov;5;Q4;11;0,0
2025-11-07;CPCA;0,0;181-360;HUMANO;Nov;5;Q4;11;0,0
2025-11-07;CPCA;0,0;181-360;Robô;Nov;5;Q4;11;0,0
2025-11-07;PROMESSA;0,0;181-360;HUMANO;Nov;5;Q4;11;0,0
2025-11-07;PROMESSA;0,0;181-360;HUMANO;Nov;5;Q4;11;0,0
2025-11-07;PROMESSA;0,0;181-360;Robô;Nov;5;Q4;11;0,0
2025-11-07;TRABALHADO;0,0;181-360;HUMANO;Nov;5;Q4;11;0,0
2025-11-07;TRABALHADO;3,0;181-360;HUMANO;Nov;5;Q4;11;925,8800000000001
2025-11-07;TRABALHADO;61,0;181-360;Robô;Nov;5;Q4;11;11161,63
2025-11-07;ACIONAMENTOS;113,0;31-60;HUMANO;Nov;5;Q4;11;21683,37
2025-11-07;ACIONAMENTOS;2,0;31-60;HUMANO;Nov;5;Q4;11;399,5
2025-11-07;ACIONAMENTOS;1388,0;31-60;Robô;Nov;5;Q4;11;141699,03999999998
2025-11-07;CPC;39,0;31-60;HUMANO;Nov;5;Q4;11;5762,410000000001
2025-11-07;CPC;0,0;31-60;HUMANO;Nov;5;Q4;11;0,0
2025-11-07;CPC;389,0;31-60;Robô;Nov;5;Q4;11;39107,19
2025-11-07;CPCA;29,0;31-60;HUMANO;Nov;5;Q4;11;4309,040000000001
2025-11-07;CPCA;0,0;31-60;HUMANO;Nov;5;Q4;11;0,0
2025-11-07;CPCA;374,0;31-60;Robô;Nov;5;Q4;11;37538,89
2025-11-07;PROMESSA;18,0;31-60;HUMANO;Nov;5;Q4;11;2715,47
2025-11-07;PROMESSA;0,0;31-60;HUMANO;Nov;5;Q4;11;0,0
2025-11-07;PROMESSA;89,0;31-60;Robô;Nov;5;Q4;11;7200,970000000001
2025-11-07;TRABALHADO;0,0;31-60;HUMANO;Nov;5;Q4;11;0,0
2025-11-07;TRABALHADO;1832,0;31-60;HUMANO;Nov;5;Q4;11;393803,2
2025-11-07;TRABALHADO;7136,0;31-60;Robô;Nov;5;Q4;11;767033,4600000001
2025-11-07;ACIONAMENTOS;314,0;361-720;HUMANO;Nov;5;Q4;11;107046,42000000001
2025-11-07;ACIONAMENTOS;6,0;361-720;HUMANO;Nov;5;Q4;11;2158,36
2025-11-07;ACIONAMENTOS;8,0;361-720;Robô;Nov;5;Q4;11;3064,6200000000003
2025-11-07;CPC;118,0;361-720;HUMANO;Nov;5;Q4;11;37591,16000000001
2025-11-07;CPC;0,0;361-720;HUMANO;Nov;5;Q4;11;0,0
2025-11-07;CPC;1,0;361-720;Robô;Nov;5;Q4;11;461,79
2025-11-07;CPCA;86,0;361-720;HUMANO;Nov;5;Q4;11;27885,840000000004
2025-11-07;CPCA;0,0;361-720;HUMANO;Nov;5;Q4;11;0,0
2025-11-07;CPCA;1,0;361-720;Robô;Nov;5;Q4;11;461,79
2025-11-07;PROMESSA;47,0;361-720;HUMANO;Nov;5;Q4;11;8519,49
2025-11-07;PROMESSA;0,0;361-720;HUMANO;Nov;5;Q4;11;0,0
2025-11-07;PROMESSA;0,0;361-720;Robô;Nov;5;Q4;11;0,0
2025-11-07;TRABALHADO;0,0;361-720;HUMANO;Nov;5;Q4;11;0,0
2025-11-07;TRABALHADO;21858,0;361-720;HUMANO;Nov;5;Q4;11;9876222,23
2025-11-07;TRABALHADO;198,0;361-720;Robô;Nov;5;Q4;11;86241,26000000001
2025-11-07;ACIONAMENTOS;231,0;61-90;HUMANO;Nov;5;Q4;11;52746,56
2025-11-07;ACIONAMENTOS;22,0;61-90;HUMANO;Nov;5;Q4;11;5169,68
2025-11-07;ACIONAMENTOS;947,0;61-90;Robô;Nov;5;Q4;11;164539,43
2025-11-07;CPC;65,0;61-90;HUMANO;Nov;5;Q4;11;12706,179999999998
2025-11-07;CPC;0,0;61-90;HUMANO;Nov;5;Q4;11;0,0
2025-11-07;CPC;198,0;61-90;Robô;Nov;5;Q4;11;34827,200000000004
2025-11-07;CPCA;49,0;61-90;HUMANO;Nov;5;Q4;11;10056,2
2025-11-07;CPCA;0,0;61-90;HUMANO;Nov;5;Q4;11;0,0
2025-11-07;CPCA;189,0;61-90;Robô;Nov;5;Q4;11;33388,23000000001
2025-11-07;PROMESSA;12,0;61-90;HUMANO;Nov;5;Q4;11;2038,46
2025-11-07;PROMESSA;0,0;61-90;HUMANO;Nov;5;Q4;11;0,0
2025-11-07;PROMESSA;30,0;61-90;Robô;Nov;5;Q4;11;5097,759999999999
2025-11-07;TRABALHADO;0,0;61-90;HUMANO;Nov;5;Q4;11;0,0
2025-11-07;TRABALHADO;4541,0;61-90;HUMANO;Nov;5;Q4;11;1039250,02
2025-11-07;TRABALHADO;7663,0;61-90;Robô;Nov;5;Q4;11;1265607,51
2025-11-07;ACIONAMENTOS;223,0;91-120;HUMANO;Nov;5;Q4;11;38672,64
2025-11-07;ACIONAMENTOS;2,0;91-120;HUMANO;Nov;5;Q4;11;316,93
2025-11-07;ACIONAMENTOS;1812,0;91-120;Robô;Nov;5;Q4;11;188190,16999999998
2025-11-07;CPC;51,0;91-120;HUMANO;Nov;5;Q4;11;8508,59
2025-11-07;CPC;0,0;91-120;HUMANO;Nov;5;Q4;11;0,0
2025-11-07;CPC;356,0;91-120;Robô;Nov;5;Q4;11;35174,34999999999
2025-11-07;CPCA;33,0;91-120;HUMANO;Nov;5;Q4;11;5660,700000000001
2025-11-07;CPCA;0,0;91-120;HUMANO;Nov;5;Q4;11;0,0
2025-11-07;CPCA;336,0;91-120;Robô;Nov;5;Q4;11;32994,42
2025-11-07;PROMESSA;14,0;91-120;HUMANO;Nov;5;Q4;11;2548,36
2025-11-07;PROMESSA;0,0;91-120;HUMANO;Nov;5;Q4;11;0,0
2025-11-07;PROMESSA;72,0;91-120;Robô;Nov;5;Q4;11;5317,629999999999
2025-11-07;TRABALHADO;0,0;91-120;HUMANO;Nov;5;Q4;11;0,0
2025-11-07;TRABALHADO;3827,0;91-120;HUMANO;Nov;5;Q4;11;734462,1400000001
2025-11-07;TRABALHADO;12270,0;91-120;Robô;Nov;5;Q4;11;1321099,19
2025-11-07;ACIONAMENTOS;6,0;Esforço;HUMANO;Nov;5;Q4;11;570,29
2025-11-07;ACIONAMENTOS;179,0;Esforço;HUMANO;Nov;5;Q4;11;22342,28
2025-11-07;ACIONAMENTOS;133,0;Esforço;HUMANO;Nov;5;Q4;11;25946,42
2025-11-07;ACIONAMENTOS;266,0;Esforço;HUMANO;Nov;5;Q4;11;60062,340000000004
2025-11-07;ACIONAMENTOS;247,0;Esforço;HUMANO;Nov;5;Q4;11;42375,97
2025-11-07;ACIONAMENTOS;93,0;Esforço;HUMANO;Nov;5;Q4;11;25454,66
2025-11-07;ACIONAMENTOS;126,0;Esforço;HUMANO;Nov;5;Q4;11;35448,99000000002
2025-11-07;ACIONAMENTOS;0,0;Esforço;HUMANO;Nov;5;Q4;11;0,0
2025-11-07;ACIONAMENTOS;379,0;Esforço;HUMANO;Nov;5;Q4;11;121958,37
2025-11-07;ACIONAMENTOS;1,0;Esforço;HUMANO;Nov;5;Q4;11;121,08000000000001
2025-11-07;ACIONAMENTOS;0,0;Esforço;HUMANO;Nov;5;Q4;11;0,0
2025-11-07;ACIONAMENTOS;0,0;Esforço;HUMANO;Nov;5;Q4;11;0,0
2025-11-07;ACIONAMENTOS;2,0;Esforço;HUMANO;Nov;5;Q4;11;399,5
2025-11-07;ACIONAMENTOS;22,0;Esforço;HUMANO;Nov;5;Q4;11;5169,68
2025-11-07;ACIONAMENTOS;2,0;Esforço;HUMANO;Nov;5;Q4;11;316,93
2025-11-07;ACIONAMENTOS;5,0;Esforço;HUMANO;Nov;5;Q4;11;1333,1399999999999
2025-11-07;ACIONAMENTOS;7,0;Esforço;HUMANO;Nov;5;Q4;11;1888,35
2025-11-07;ACIONAMENTOS;0,0;Esforço;HUMANO;Nov;5;Q4;11;0,0
2025-11-07;ACIONAMENTOS;6,0;Esforço;HUMANO;Nov;5;Q4;11;2158,3599999999997
2025-11-07;ACIONAMENTOS;0,0;Esforço;HUMANO;Nov;5;Q4;11;0,0
2025-11-07;ACIONAMENTOS;2,0;Esforço;Robô;Nov;5;Q4;11;285,07
2025-11-07;ACIONAMENTOS;10626,0;Esforço;Robô;Nov;5;Q4;11;408908,48
2025-11-07;ACIONAMENTOS;2770,0;Esforço;Robô;Nov;5;Q4;11;151108,99
2025-11-07;ACIONAMENTOS;1963,0;Esforço;Robô;Nov;5;Q4;11;148957,77000000002
2025-11-07;ACIONAMENTOS;3155,0;Esforço;Robô;Nov;5;Q4;11;174695,13
2025-11-07;ACIONAMENTOS;856,0;Esforço;Robô;Nov;5;Q4;11;77261,18000000001
2025-11-07;ACIONAMENTOS;1141,0;Esforço;Robô;Nov;5;Q4;11;108507,92000000001
2025-11-07;ACIONAMENTOS;15,0;Esforço;Robô;Nov;5;Q4;11;1522,7199999999998
2025-11-07;ACIONAMENTOS;11,0;Esforço;Robô;Nov;5;Q4;11;2980,0600000000004
2025-11-07;ACIONAMENTOS;2,0;Esforço;Robô;Nov;5;Q4;11;50,699999999999996
2025-11-07;CPC;6,0;Esforço;HUMANO;Nov;5;Q4;11;570,29
2025-11-07;CPC;91,0;Esforço;HUMANO;Nov;5;Q4;11;8802,279999999999
2025-11-07;CPC;41,0;Esforço;HUMANO;Nov;5;Q4;11;6169,129999999999
2025-11-07;CPC;68,0;Esforço;HUMANO;Nov;5;Q4;11;13069,999999999998
2025-11-07;CPC;52,0;Esforço;HUMANO;Nov;5;Q4;11;8747,31
2025-11-07;CPC;18,0;Esforço;HUMANO;Nov;5;Q4;11;4788,97
2025-11-07;CPC;32,0;Esforço;HUMANO;Nov;5;Q4;11;8637,05
2025-11-07;CPC;0,0;Esforço;HUMANO;Nov;5;Q4;11;0,0
2025-11-07;CPC;124,0;Esforço;HUMANO;Nov;5;Q4;11;38058,51000000001
2025-11-07;CPC;0,0;Esforço;HUMANO;Nov;5;Q4;11;0,0
2025-11-07;CPC;0,0;Esforço;HUMANO;Nov;5;Q4;11;0,0
2025-11-07;CPC;0,0;Esforço;HUMANO;Nov;5;Q4;11;0,0
2025-11-07;CPC;0,0;Esforço;HUMANO;Nov;5;Q4;11;0,0
2025-11-07;CPC;0,0;Esforço;HUMANO;Nov;5;Q4;11;0,0
2025-11-07;CPC;0,0;Esforço;HUMANO;Nov;5;Q4;11;0,0
2025-11-07;CPC;0,0;Esforço;HUMANO;Nov;5;Q4;11;0,0
2025-11-07;CPC;0,0;Esforço;HUMANO;Nov;5;Q4;11;0,0
2025-11-07;CPC;0,0;Esforço;HUMANO;Nov;5;Q4;11;0,0
2025-11-07;CPC;0,0;Esforço;HUMANO;Nov;5;Q4;11;0,0
2025-11-07;CPC;0,0;Esforço;HUMANO;Nov;5;Q4;11;0,0
2025-11-07;CPC;1,0;Esforço;Robô;Nov;5;Q4;11;65,12
2025-11-07;CPC;1867,0;Esforço;Robô;Nov;5;Q4;11;117329,18
2025-11-07;CPC;572,0;Esforço;Robô;Nov;5;Q4;11;39338,76
2025-11-07;CPC;230,0;Esforço;Robô;Nov;5;Q4;11;33722,64
2025-11-07;CPC;419,0;Esforço;Robô;Nov;5;Q4;11;34990,92999999999
2025-11-07;CPC;101,0;Esforço;Robô;Nov;5;Q4;11;14971,359999999999
2025-11-07;CPC;98,0;Esforço;Robô;Nov;5;Q4;11;15256,619999999999
2025-11-07;CPC;0,0;Esforço;Robô;Nov;5;Q4;11;0,0
2025-11-07;CPC;2,0;Esforço;Robô;Nov;5;Q4;11;0,0
2025-11-07;CPC;0,0;Esforço;Robô;Nov;5;Q4;11;0,0
2025-11-07;CPCA;5,0;Esforço;HUMANO;Nov;5;Q4;11;505,16999999999996
2025-11-07;CPCA;46,0;Esforço;HUMANO;Nov;5;Q4;11;4061,7300000000014
2025-11-07;CPCA;31,0;Esforço;HUMANO;Nov;5;Q4;11;4715,759999999999
2025-11-07;CPCA;50,0;Esforço;HUMANO;Nov;5;Q4;11;10086,099999999999
2025-11-07;CPCA;34,0;Esforço;HUMANO;Nov;5;Q4;11;5899,420000000001
2025-11-07;CPCA;9,0;Esforço;HUMANO;Nov;5;Q4;11;2440,6000000000004
2025-11-07;CPCA;18,0;Esforço;HUMANO;Nov;5;Q4;11;4914,680000000001
2025-11-07;CPCA;0,0;Esforço;HUMANO;Nov;5;Q4;11;0,0
2025-11-07;CPCA;89,0;Esforço;HUMANO;Nov;5;Q4;11;28067,449999999997
2025-11-07;CPCA;0,0;Esforço;HUMANO;Nov;5;Q4;11;0,0
2025-11-07;CPCA;0,0;Esforço;HUMANO;Nov;5;Q4;11;0,0
2025-11-07;CPCA;0,0;Esforço;HUMANO;Nov;5;Q4;11;0,0
2025-11-07;CPCA;0,0;Esforço;HUMANO;Nov;5;Q4;11;0,0
2025-11-07;CPCA;0,0;Esforço;HUMANO;Nov;5;Q4;11;0,0
2025-11-07;CPCA;0,0;Esforço;HUMANO;Nov;5;Q4;11;0,0
2025-11-07;CPCA;0,0;Esforço;HUMANO;Nov;5;Q4;11;0,0
2025-11-07;CPCA;0,0;Esforço;HUMANO;Nov;5;Q4;11;0,0
2025-11-07;CPCA;0,0;Esforço;HUMANO;Nov;5;Q4;11;0,0
2025-11-07;CPCA;0,0;Esforço;HUMANO;Nov;5;Q4;11;0,0
2025-11-07;CPCA;0,0;Esforço;HUMANO;Nov;5;Q4;11;0,0
2025-11-07;CPCA;1,0;Esforço;Robô;Nov;5;Q4;11;65,12
2025-11-07;CPCA;1794,0;Esforço;Robô;Nov;5;Q4;11;114482,06999999999
2025-11-07;CPCA;524,0;Esforço;Robô;Nov;5;Q4;11;37451,81
2025-11-07;CPCA;216,0;Esforço;Robô;Nov;5;Q4;11;32224,59
2025-11-07;CPCA;389,0;Esforço;Robô;Nov;5;Q4;11;32591,4
2025-11-07;CPCA;96,0;Esforço;Robô;Nov;5;Q4;11;14477,060000000001
2025-11-07;CPCA;93,0;Esforço;Robô;Nov;5;Q4;11;14733,019999999999
2025-11-07;CPCA;0,0;Esforço;Robô;Nov;5;Q4;11;0,0
2025-11-07;CPCA;2,0;Esforço;Robô;Nov;5;Q4;11;0,0
2025-11-07;CPCA;0,0;Esforço;Robô;Nov;5;Q4;11;0,0
2025-11-07;PROMESSA;1,0;Esforço;HUMANO;Nov;5;Q4;11;79,9
2025-11-07;PROMESSA;35,0;Esforço;HUMANO;Nov;5;Q4;11;2394,8300000000004
2025-11-07;PROMESSA;20,0;Esforço;HUMANO;Nov;5;Q4;11;3122,19
2025-11-07;PROMESSA;13,0;Esforço;HUMANO;Nov;5;Q4;11;2068,36
2025-11-07;PROMESSA;14,0;Esforço;HUMANO;Nov;5;Q4;11;2548,36
2025-11-07;PROMESSA;3,0;Esforço;HUMANO;Nov;5;Q4;11;759,73
2025-11-07;PROMESSA;5,0;Esforço;HUMANO;Nov;5;Q4;11;1507,8700000000001
2025-11-07;PROMESSA;0,0;Esforço;HUMANO;Nov;5;Q4;11;0,0
2025-11-07;PROMESSA;50,0;Esforço;HUMANO;Nov;5;Q4;11;8701,099999999999
2025-11-07;PROMESSA;0,0;Esforço;HUMANO;Nov;5;Q4;11;0,0
2025-11-07;PROMESSA;0,0;Esforço;HUMANO;Nov;5;Q4;11;0,0
2025-11-07;PROMESSA;0,0;Esforço;HUMANO;Nov;5;Q4;11;0,0
2025-11-07;PROMESSA;0,0;Esforço;HUMANO;Nov;5;Q4;11;0,0
2025-11-07;PROMESSA;0,0;Esforço;HUMANO;Nov;5;Q4;11;0,0
2025-11-07;PROMESSA;0,0;Esforço;HUMANO;Nov;5;Q4;11;0,0
2025-11-07;PROMESSA;0,0;Esforço;HUMANO;Nov;5;Q4;11;0,0
2025-11-07;PROMESSA;0,0;Esforço;HUMANO;Nov;5;Q4;11;0,0
2025-11-07;PROMESSA;0,0;Esforço;HUMANO;Nov;5;Q4;11;0,0
2025-11-07;PROMESSA;0,0;Esforço;HUMANO;Nov;5;Q4;11;0,0
2025-11-07;PROMESSA;0,0;Esforço;HUMANO;Nov;5;Q4;11;0,0
2025-11-07;PROMESSA;0,0;Esforço;Robô;Nov;5;Q4;11;0,0
2025-11-07;PROMESSA;410,0;Esforço;Robô;Nov;5;Q4;11;24937,739999999998
2025-11-07;PROMESSA;92,0;Esforço;Robô;Nov;5;Q4;11;7460,7699999999995
2025-11-07;PROMESSA;30,0;Esforço;Robô;Nov;5;Q4;11;5097,76
2025-11-07;PROMESSA;72,0;Esforço;Robô;Nov;5;Q4;11;5317,63
2025-11-07;PROMESSA;19,0;Esforço;Robô;Nov;5;Q4;11;2560,61
2025-11-07;PROMESSA;15,0;Esforço;Robô;Nov;5;Q4;11;1486,7299999999998
2025-11-07;PROMESSA;0,0;Esforço;Robô;Nov;5;Q4;11;0,0
2025-11-07;PROMESSA;0,0;Esforço;Robô;Nov;5;Q4;11;0,0
2025-11-07;PROMESSA;0,0;Esforço;Robô;Nov;5;Q4;11;0,0
2025-11-07;TRABALHADO;0,0;Esforço;HUMANO;Nov;5;Q4;11;0,0
2025-11-07;TRABALHADO;0,0;Esforço;HUMANO;Nov;5;Q4;11;0,0
2025-11-07;TRABALHADO;0,0;Esforço;HUMANO;Nov;5;Q4;11;0,0
2025-11-07;TRABALHADO;0,0;Esforço;HUMANO;Nov;5;Q4;11;0,0
2025-11-07;TRABALHADO;0,0;Esforço;HUMANO;Nov;5;Q4;11;0,0
2025-11-07;TRABALHADO;0,0;Esforço;HUMANO;Nov;5;Q4;11;0,0
2025-11-07;TRABALHADO;0,0;Esforço;HUMANO;Nov;5;Q4;11;0,0
2025-11-07;TRABALHADO;0,0;Esforço;HUMANO;Nov;5;Q4;11;0,0
2025-11-07;TRABALHADO;0,0;Esforço;HUMANO;Nov;5;Q4;11;0,0
2025-11-07;TRABALHADO;0,0;Esforço;HUMANO;Nov;5;Q4;11;0,0
2025-11-07;TRABALHADO;1,0;Esforço;HUMANO;Nov;5;Q4;11;79,9
2025-11-07;TRABALHADO;5288,0;Esforço;HUMANO;Nov;5;Q4;11;1026571,5499999999
2025-11-07;TRABALHADO;9217,0;Esforço;HUMANO;Nov;5;Q4;11;1895657,2999999998
2025-11-07;TRABALHADO;21602,0;Esforço;HUMANO;Nov;5;Q4;11;4827011,49
2025-11-07;TRABALHADO;19256,0;Esforço;HUMANO;Nov;5;Q4;11;3456605,8899999997
2025-11-07;TRABALHADO;8182,0;Esforço;HUMANO;Nov;5;Q4;11;2209607,1000000006
2025-11-07;TRABALHADO;12571,0;Esforço;HUMANO;Nov;5;Q4;11;3695173,0500000007
2025-11-07;TRABALHADO;4,0;Esforço;HUMANO;Nov;5;Q4;11;1413,8200000000002
2025-11-07;TRABALHADO;93314,0;Esforço;HUMANO;Nov;5;Q4;11;43511996,58
2025-11-07;TRABALHADO;478,0;Esforço;HUMANO;Nov;5;Q4;11;116041,07
2025-11-07;TRABALHADO;20,0;Esforço;Robô;Nov;5;Q4;11;252,03
2025-11-07;TRABALHADO;925646,0;Esforço;Robô;Nov;5;Q4;11;598565,0
2025-11-07;TRABALHADO;263569,0;Esforço;Robô;Nov;5;Q4;11;386707,69
2025-11-07;TRABALHADO;287829,0;Esforço;Robô;Nov;5;Q4;11;604776,1199999999
2025-11-07;TRABALHADO;350346,0;Esforço;Robô;Nov;5;Q4;11;675550,09
2025-11-07;TRABALHADO;124501,0;Esforço;Robô;Nov;5;Q4;11;198125,84000000003
2025-11-07;TRABALHADO;117384,0;Esforço;Robô;Nov;5;Q4;11;451896,02
2025-11-07;TRABALHADO;894,0;Esforço;Robô;Nov;5;Q4;11;2800,37
2025-11-07;TRABALHADO;2106,0;Esforço;Robô;Nov;5;Q4;11;49095,69000000001
2025-11-07;TRABALHADO;356,0;Esforço;Robô;Nov;5;Q4;11;1302,32
2025-11-07;ACIONAMENTOS;1,0;Maior 720;HUMANO;Nov;5;Q4;11;121,08000000000001
2025-11-07;ACIONAMENTOS;0,0;Maior 720;HUMANO;Nov;5;Q4;11;0,0
2025-11-07;ACIONAMENTOS;2,0;Maior 720;Robô;Nov;5;Q4;11;50,699999999999996
2025-11-07;CPC;0,0;Maior 720;HUMANO;Nov;5;Q4;11;0,0
2025-11-07;CPC;0,0;Maior 720;HUMANO;Nov;5;Q4;11;0,0
2025-11-07;CPC;0,0;Maior 720;Robô;Nov;5;Q4;11;0,0
2025-11-07;CPCA;0,0;Maior 720;HUMANO;Nov;5;Q4;11;0,0
2025-11-07;CPCA;0,0;Maior 720;HUMANO;Nov;5;Q4;11;0,0
2025-11-07;CPCA;0,0;Maior 720;Robô;Nov;5;Q4;11;0,0
2025-11-07;PROMESSA;0,0;Maior 720;HUMANO;Nov;5;Q4;11;0,0
2025-11-07;PROMESSA;0,0;Maior 720;HUMANO;Nov;5;Q4;11;0,0
2025-11-07;PROMESSA;0,0;Maior 720;Robô;Nov;5;Q4;11;0,0
2025-11-07;TRABALHADO;0,0;Maior 720;HUMANO;Nov;5;Q4;11;0,0
2025-11-07;TRABALHADO;386,0;Maior 720;HUMANO;Nov;5;Q4;11;94541,09000000001
2025-11-07;TRABALHADO;29,0;Maior 720;Robô;Nov;5;Q4;11;7465,119999999999
2025-11-07;ACIONAMENTOS;5,0;Preventivo;HUMANO;Nov;5;Q4;11;490,39
2025-11-07;ACIONAMENTOS;0,0;Preventivo;HUMANO;Nov;5;Q4;11;0,0
2025-11-07;ACIONAMENTOS;2,0;Preventivo;Robô;Nov;5;Q4;11;285,07
2025-11-07;CPC;5,0;Preventivo;HUMANO;Nov;5;Q4;11;490,39
2025-11-07;CPC;0,0;Preventivo;HUMANO;Nov;5;Q4;11;0,0
2025-11-07;CPC;1,0;Preventivo;Robô;Nov;5;Q4;11;65,12
2025-11-07;CPCA;4,0;Preventivo;HUMANO;Nov;5;Q4;11;425,27
2025-11-07;CPCA;0,0;Preventivo;HUMANO;Nov;5;Q4;11;0,0
2025-11-07;CPCA;1,0;Preventivo;Robô;Nov;5;Q4;11;65,12
2025-11-07;PROMESSA;1,0;Preventivo;HUMANO;Nov;5;Q4;11;79,9
2025-11-07;PROMESSA;0,0;Preventivo;HUMANO;Nov;5;Q4;11;0,0
2025-11-07;PROMESSA;0,0;Preventivo;Robô;Nov;5;Q4;11;0,0
2025-11-07;TRABALHADO;0,0;Preventivo;HUMANO;Nov;5;Q4;11;0,0
2025-11-07;TRABALHADO;1,0;Preventivo;HUMANO;Nov;5;Q4;11;79,9
2025-11-07;TRABALHADO;7,0;Preventivo;Robô;Nov;5;Q4;11;1287,6000000000001
2025-11-07;ACIONAMENTOS;5,0;Unique;HUMANO;Nov;5;Q4;11;490,39
2025-11-07;ACIONAMENTOS;159,0;Unique;HUMANO;Nov;5;Q4;11;19244,729999999996
2025-11-07;ACIONAMENTOS;113,0;Unique;HUMANO;Nov;5;Q4;11;21683,37
2025-11-07;ACIONAMENTOS;229,0;Unique;HUMANO;Nov;5;Q4;11;52203,829999999994
2025-11-07;ACIONAMENTOS;221,0;Unique;HUMANO;Nov;5;Q4;11;38386,07
2025-11-07;ACIONAMENTOS;81,0;Unique;HUMANO;Nov;5;Q4;11;22249,989999999998
2025-11-07;ACIONAMENTOS;116,0;Unique;HUMANO;Nov;5;Q4;11;32702,969999999998
2025-11-07;ACIONAMENTOS;0,0;Unique;HUMANO;Nov;5;Q4;11;0,0
2025-11-07;ACIONAMENTOS;312,0;Unique;HUMANO;Nov;5;Q4;11;106452,95
2025-11-07;ACIONAMENTOS;1,0;Unique;HUMANO;Nov;5;Q4;11;121,08000000000001
2025-11-07;ACIONAMENTOS;0,0;Unique;HUMANO;Nov;5;Q4;11;0,0
2025-11-07;ACIONAMENTOS;0,0;Unique;HUMANO;Nov;5;Q4;11;0,0
2025-11-07;ACIONAMENTOS;2,0;Unique;HUMANO;Nov;5;Q4;11;399,5
2025-11-07;ACIONAMENTOS;22,0;Unique;HUMANO;Nov;5;Q4;11;5169,68
2025-11-07;ACIONAMENTOS;2,0;Unique;HUMANO;Nov;5;Q4;11;316,93
2025-11-07;ACIONAMENTOS;5,0;Unique;HUMANO;Nov;5;Q4;11;1333,1399999999999
2025-11-07;ACIONAMENTOS;7,0;Unique;HUMANO;Nov;5;Q4;11;1888,35
2025-11-07;ACIONAMENTOS;0,0;Unique;HUMANO;Nov;5;Q4;11;0,0
2025-11-07;ACIONAMENTOS;6,0;Unique;HUMANO;Nov;5;Q4;11;2158,36
2025-11-07;ACIONAMENTOS;0,0;Unique;HUMANO;Nov;5;Q4;11;0,0
2025-11-07;ACIONAMENTOS;1,0;Unique;Robô;Nov;5;Q4;11;65,12
2025-11-07;ACIONAMENTOS;2356,0;Unique;Robô;Nov;5;Q4;11;174520,72999999998
2025-11-07;ACIONAMENTOS;565,0;Unique;Robô;Nov;5;Q4;11;60248,02
2025-11-07;ACIONAMENTOS;427,0;Unique;Robô;Nov;5;Q4;11;78243,36000000002
2025-11-07;ACIONAMENTOS;531,0;Unique;Robô;Nov;5;Q4;11;61194,31
2025-11-07;ACIONAMENTOS;197,0;Unique;Robô;Nov;5;Q4;11;40623,770000000004
2025-11-07;ACIONAMENTOS;247,0;Unique;Robô;Nov;5;Q4;11;57483,45
2025-11-07;ACIONAMENTOS;4,0;Unique;Robô;Nov;5;Q4;11;179,5
2025-11-07;ACIONAMENTOS;4,0;Unique;Robô;Nov;5;Q4;11;1043,18
2025-11-07;ACIONAMENTOS;2,0;Unique;Robô;Nov;5;Q4;11;50,699999999999996
2025-11-07;CPC;5,0;Unique;HUMANO;Nov;5;Q4;11;490,39
2025-11-07;CPC;85,0;Unique;HUMANO;Nov;5;Q4;11;8385,169999999998
2025-11-07;CPC;39,0;Unique;HUMANO;Nov;5;Q4;11;5762,410000000001
2025-11-07;CPC;65,0;Unique;HUMANO;Nov;5;Q4;11;12706,179999999998
2025-11-07;CPC;51,0;Unique;HUMANO;Nov;5;Q4;11;8508,59
2025-11-07;CPC;18,0;Unique;HUMANO;Nov;5;Q4;11;4788,97
2025-11-07;CPC;31,0;Unique;HUMANO;Nov;5;Q4;11;8433,349999999999
2025-11-07;CPC;0,0;Unique;HUMANO;Nov;5;Q4;11;0,0
2025-11-07;CPC;118,0;Unique;HUMANO;Nov;5;Q4;11;37591,16000000001
2025-11-07;CPC;0,0;Unique;HUMANO;Nov;5;Q4;11;0,0
2025-11-07;CPC;0,0;Unique;HUMANO;Nov;5;Q4;11;0,0
2025-11-07;CPC;0,0;Unique;HUMANO;Nov;5;Q4;11;0,0
2025-11-07;CPC;0,0;Unique;HUMANO;Nov;5;Q4;11;0,0
2025-11-07;CPC;0,0;Unique;HUMANO;Nov;5;Q4;11;0,0
2025-11-07;CPC;0,0;Unique;HUMANO;Nov;5;Q4;11;0,0
2025-11-07;CPC;0,0;Unique;HUMANO;Nov;5;Q4;11;0,0
2025-11-07;CPC;0,0;Unique;HUMANO;Nov;5;Q4;11;0,0
2025-11-07;CPC;0,0;Unique;HUMANO;Nov;5;Q4;11;0,0
2025-11-07;CPC;0,0;Unique;HUMANO;Nov;5;Q4;11;0,0
2025-11-07;CPC;0,0;Unique;HUMANO;Nov;5;Q4;11;0,0
2025-11-07;CPC;1,0;Unique;Robô;Nov;5;Q4;11;65,12
2025-11-07;CPC;1535,0;Unique;Robô;Nov;5;Q4;11;111590,56
2025-11-07;CPC;369,0;Unique;Robô;Nov;5;Q4;11;36811,380000000005
2025-11-07;CPC;192,0;Unique;Robô;Nov;5;Q4;11;34292,439999999995
2025-11-07;CPC;340,0;Unique;Robô;Nov;5;Q4;11;33525,71
2025-11-07;CPC;88,0;Unique;Robô;Nov;5;Q4;11;15207,640000000001
2025-11-07;CPC;85,0;Unique;Robô;Nov;5;Q4;11;15527,289999999999
2025-11-07;CPC;0,0;Unique;Robô;Nov;5;Q4;11;0,0
2025-11-07;CPC;1,0;Unique;Robô;Nov;5;Q4;11;461,79
2025-11-07;CPC;0,0;Unique;Robô;Nov;5;Q4;11;0,0
2025-11-07;CPCA;4,0;Unique;HUMANO;Nov;5;Q4;11;425,27
2025-11-07;CPCA;43,0;Unique;HUMANO;Nov;5;Q4;11;3939,9900000000002
2025-11-07;CPCA;29,0;Unique;HUMANO;Nov;5;Q4;11;4309,040000000001
2025-11-07;CPCA;49,0;Unique;HUMANO;Nov;5;Q4;11;10056,2
2025-11-07;CPCA;33,0;Unique;HUMANO;Nov;5;Q4;11;5660,700000000001
2025-11-07;CPCA;9,0;Unique;HUMANO;Nov;5;Q4;11;2440,6
2025-11-07;CPCA;18,0;Unique;HUMANO;Nov;5;Q4;11;4914,68
2025-11-07;CPCA;0,0;Unique;HUMANO;Nov;5;Q4;11;0,0
2025-11-07;CPCA;86,0;Unique;HUMANO;Nov;5;Q4;11;27885,840000000004
2025-11-07;CPCA;0,0;Unique;HUMANO;Nov;5;Q4;11;0,0
2025-11-07;CPCA;0,0;Unique;HUMANO;Nov;5;Q4;11;0,0
2025-11-07;CPCA;0,0;Unique;HUMANO;Nov;5;Q4;11;0,0
2025-11-07;CPCA;0,0;Unique;HUMANO;Nov;5;Q4;11;0,0
2025-11-07;CPCA;0,0;Unique;HUMANO;Nov;5;Q4;11;0,0
2025-11-07;CPCA;0,0;Unique;HUMANO;Nov;5;Q4;11;0,0
2025-11-07;CPCA;0,0;Unique;HUMANO;Nov;5;Q4;11;0,0
2025-11-07;CPCA;0,0;Unique;HUMANO;Nov;5;Q4;11;0,0
2025-11-07;CPCA;0,0;Unique;HUMANO;Nov;5;Q4;11;0,0
2025-11-07;CPCA;0,0;Unique;HUMANO;Nov;5;Q4;11;0,0
2025-11-07;CPCA;0,0;Unique;HUMANO;Nov;5;Q4;11;0,0
2025-11-07;CPCA;1,0;Unique;Robô;Nov;5;Q4;11;65,12
2025-11-07;CPCA;1518,0;Unique;Robô;Nov;5;Q4;11;110462,97
2025-11-07;CPCA;364,0;Unique;Robô;Nov;5;Q4;11;36162,08
2025-11-07;CPCA;187,0;Unique;Robô;Nov;5;Q4;11;33199,25
2025-11-07;CPCA;333,0;Unique;Robô;Nov;5;Q4;11;32552,84
2025-11-07;CPCA;85,0;Unique;Robô;Nov;5;Q4;11;14423,64
2025-11-07;CPCA;82,0;Unique;Robô;Nov;5;Q4;11;14843,889999999998
2025-11-07;CPCA;0,0;Unique;Robô;Nov;5;Q4;11;0,0
2025-11-07;CPCA;1,0;Unique;Robô;Nov;5;Q4;11;461,79
2025-11-07;CPCA;0,0;Unique;Robô;Nov;5;Q4;11;0,0
2025-11-07;PROMESSA;1,0;Unique;HUMANO;Nov;5;Q4;11;79,9
2025-11-07;PROMESSA;32,0;Unique;HUMANO;Nov;5;Q4;11;2273,09
2025-11-07;PROMESSA;18,0;Unique;HUMANO;Nov;5;Q4;11;2715,47
2025-11-07;PROMESSA;12,0;Unique;HUMANO;Nov;5;Q4;11;2038,46
2025-11-07;PROMESSA;14,0;Unique;HUMANO;Nov;5;Q4;11;2548,36
2025-11-07;PROMESSA;3,0;Unique;HUMANO;Nov;5;Q4;11;759,73
2025-11-07;PROMESSA;5,0;Unique;HUMANO;Nov;5;Q4;11;1507,87
2025-11-07;PROMESSA;0,0;Unique;HUMANO;Nov;5;Q4;11;0,0
2025-11-07;PROMESSA;47,0;Unique;HUMANO;Nov;5;Q4;11;8519,49
2025-11-07;PROMESSA;0,0;Unique;HUMANO;Nov;5;Q4;11;0,0
2025-11-07;PROMESSA;0,0;Unique;HUMANO;Nov;5;Q4;11;0,0
2025-11-07;PROMESSA;0,0;Unique;HUMANO;Nov;5;Q4;11;0,0
2025-11-07;PROMESSA;0,0;Unique;HUMANO;Nov;5;Q4;11;0,0
2025-11-07;PROMESSA;0,0;Unique;HUMANO;Nov;5;Q4;11;0,0
2025-11-07;PROMESSA;0,0;Unique;HUMANO;Nov;5;Q4;11;0,0
2025-11-07;PROMESSA;0,0;Unique;HUMANO;Nov;5;Q4;11;0,0
2025-11-07;PROMESSA;0,0;Unique;HUMANO;Nov;5;Q4;11;0,0
2025-11-07;PROMESSA;0,0;Unique;HUMANO;Nov;5;Q4;11;0,0
2025-11-07;PROMESSA;0,0;Unique;HUMANO;Nov;5;Q4;11;0,0
2025-11-07;PROMESSA;0,0;Unique;HUMANO;Nov;5;Q4;11;0,0
2025-11-07;PROMESSA;0,0;Unique;Robô;Nov;5;Q4;11;0,0
2025-11-07;PROMESSA;409,0;Unique;Robô;Nov;5;Q4;11;24857,84
2025-11-07;PROMESSA;89,0;Unique;Robô;Nov;5;Q4;11;7200,970000000001
2025-11-07;PROMESSA;30,0;Unique;Robô;Nov;5;Q4;11;5097,759999999999
2025-11-07;PROMESSA;72,0;Unique;Robô;Nov;5;Q4;11;5317,629999999999
2025-11-07;PROMESSA;19,0;Unique;Robô;Nov;5;Q4;11;2560,61
2025-11-07;PROMESSA;15,0;Unique;Robô;Nov;5;Q4;11;1486,7299999999998
2025-11-07;PROMESSA;0,0;Unique;Robô;Nov;5;Q4;11;0,0
2025-11-07;PROMESSA;0,0;Unique;Robô;Nov;5;Q4;11;0,0
2025-11-07;PROMESSA;0,0;Unique;Robô;Nov;5;Q4;11;0,0
2025-11-07;TRABALHADO;0,0;Unique;HUMANO;Nov;5;Q4;11;0,0
2025-11-07;TRABALHADO;0,0;Unique;HUMANO;Nov;5;Q4;11;0,0
2025-11-07;TRABALHADO;0,0;Unique;HUMANO;Nov;5;Q4;11;0,0
2025-11-07;TRABALHADO;0,0;Unique;HUMANO;Nov;5;Q4;11;0,0
2025-11-07;TRABALHADO;0,0;Unique;HUMANO;Nov;5;Q4;11;0,0
2025-11-07;TRABALHADO;0,0;Unique;HUMANO;Nov;5;Q4;11;0,0
2025-11-07;TRABALHADO;0,0;Unique;HUMANO;Nov;5;Q4;11;0,0
2025-11-07;TRABALHADO;0,0;Unique;HUMANO;Nov;5;Q4;11;0,0
2025-11-07;TRABALHADO;0,0;Unique;HUMANO;Nov;5;Q4;11;0,0
2025-11-07;TRABALHADO;0,0;Unique;HUMANO;Nov;5;Q4;11;0,0
2025-11-07;TRABALHADO;0,0;Unique;HUMANO;Nov;5;Q4;11;0,0
2025-11-07;TRABALHADO;1831,0;Unique;HUMANO;Nov;5;Q4;11;311449,0
2025-11-07;TRABALHADO;1797,0;Unique;HUMANO;Nov;5;Q4;11;386724,6
2025-11-07;TRABALHADO;4524,0;Unique;HUMANO;Nov;5;Q4;11;1034032,26
2025-11-07;TRABALHADO;3012,0;Unique;HUMANO;Nov;5;Q4;11;591272,95
2025-11-07;TRABALHADO;2222,0;Unique;HUMANO;Nov;5;Q4;11;603892,6299999999
2025-11-07;TRABALHADO;2484,0;Unique;HUMANO;Nov;5;Q4;11;736229,91
2025-11-07;TRABALHADO;3,0;Unique;HUMANO;Nov;5;Q4;11;925,8800000000001
2025-11-07;TRABALHADO;21850,0;Unique;HUMANO;Nov;5;Q4;11;9873887,07
2025-11-07;TRABALHADO;386,0;Unique;HUMANO;Nov;5;Q4;11;94541,09000000001
2025-11-07;TRABALHADO;1,0;Unique;Robô;Nov;5;Q4;11;65,12
2025-11-07;TRABALHADO;24738,0;Unique;Robô;Nov;5;Q4;11;1645829,5
2025-11-07;TRABALHADO;6591,0;Unique;Robô;Nov;5;Q4;11;696741,6900000001
2025-11-07;TRABALHADO;7489,0;Unique;Robô;Nov;5;Q4;11;1241334,27
2025-11-07;TRABALHADO;8759,0;Unique;Robô;Nov;5;Q4;11;988547,4299999999
2025-11-07;TRABALHADO;3713,0;Unique;Robô;Nov;5;Q4;11;740071,5900000001
2025-11-07;TRABALHADO;4019,0;Unique;Robô;Nov;5;Q4;11;874981,1800000002
2025-11-07;TRABALHADO;58,0;Unique;Robô;Nov;5;Q4;11;9570,310000000001
2025-11-07;TRABALHADO;197,0;Unique;Robô;Nov;5;Q4;11;86108,09000000001
2025-11-07;TRABALHADO;27,0;Unique;Robô;Nov;5;Q4;11;7161,14
2025-11-10;ACIONAMENTOS;167,0;0-30;HUMANO;Nov;6;Q4;11;20754,619999999995
2025-11-10;ACIONAMENTOS;0,0;0-30;HUMANO;Nov;6;Q4;11;0,0
2025-11-10;ACIONAMENTOS;5416,0;0-30;Robô;Nov;6;Q4;11;363039,88
2025-11-10;CPC;88,0;0-30;HUMANO;Nov;6;Q4;11;8779,95
2025-11-10;CPC;0,0;0-30;HUMANO;Nov;6;Q4;11;0,0
2025-11-10;CPC;1597,0;0-30;Robô;Nov;6;Q4;11;117266,13
2025-11-10;CPCA;44,0;0-30;HUMANO;Nov;6;Q4;11;3991,53
2025-11-10;CPCA;0,0;0-30;HUMANO;Nov;6;Q4;11;0,0
2025-11-10;CPCA;1547,0;0-30;Robô;Nov;6;Q4;11;114532,07999999999
2025-11-10;PROMESSA;33,0;0-30;HUMANO;Nov;6;Q4;11;2324,63
2025-11-10;PROMESSA;0,0;0-30;HUMANO;Nov;6;Q4;11;0,0
2025-11-10;PROMESSA;412,0;0-30;Robô;Nov;6;Q4;11;24978,96
2025-11-10;TRABALHADO;0,0;0-30;HUMANO;Nov;6;Q4;11;0,0
2025-11-10;TRABALHADO;2008,0;0-30;HUMANO;Nov;6;Q4;11;348676,45000000007
2025-11-10;TRABALHADO;25144,0;0-30;Robô;Nov;6;Q4;11;1693597,2599999998
2025-11-10;ACIONAMENTOS;149,0;121-150;HUMANO;Nov;6;Q4;11;35183,619999999995
2025-11-10;ACIONAMENTOS;5,0;121-150;HUMANO;Nov;6;Q4;11;1333,1399999999999
2025-11-10;ACIONAMENTOS;1237,0;121-150;Robô;Nov;6;Q4;11;166294,09
2025-11-10;CPC;33,0;121-150;HUMANO;Nov;6;Q4;11;7612,89
2025-11-10;CPC;0,0;121-150;HUMANO;Nov;6;Q4;11;0,0
2025-11-10;CPC;189,0;121-150;Robô;Nov;6;Q4;11;24577,03
2025-11-10;CPCA;21,0;121-150;HUMANO;Nov;6;Q4;11;4739,850000000001
2025-11-10;CPCA;0,0;121-150;HUMANO;Nov;6;Q4;11;0,0
2025-11-10;CPCA;180,0;121-150;Robô;Nov;6;Q4;11;23371,09
2025-11-10;PROMESSA;9,0;121-150;HUMANO;Nov;6;Q4;11;1943,59
2025-11-10;PROMESSA;0,0;121-150;HUMANO;Nov;6;Q4;11;0,0
2025-11-10;PROMESSA;32,0;121-150;Robô;Nov;6;Q4;11;3393,6099999999997
2025-11-10;TRABALHADO;0,0;121-150;HUMANO;Nov;6;Q4;11;0,0
2025-11-10;TRABALHADO;4481,0;121-150;HUMANO;Nov;6;Q4;11;1020343,76
2025-11-10;TRABALHADO;12734,0;121-150;Robô;Nov;6;Q4;11;1867586,2000000002
2025-11-10;ACIONAMENTOS;167,0;151-180;HUMANO;Nov;6;Q4;11;46431,39
2025-11-10;ACIONAMENTOS;11,0;151-180;HUMANO;Nov;6;Q4;11;2971,0299999999997
2025-11-10;ACIONAMENTOS;922,0;151-180;Robô;Nov;6;Q4;11;179441,96000000002
2025-11-10;CPC;46,0;151-180;HUMANO;Nov;6;Q4;11;12075,289999999999
2025-11-10;CPC;0,0;151-180;HUMANO;Nov;6;Q4;11;0,0
2025-11-10;CPC;139,0;151-180;Robô;Nov;6;Q4;11;24624,089999999997
2025-11-10;CPCA;26,0;151-180;HUMANO;Nov;6;Q4;11;6780,25
2025-11-10;CPCA;0,0;151-180;HUMANO;Nov;6;Q4;11;0,0
2025-11-10;CPCA;134,0;151-180;Robô;Nov;6;Q4;11;23554,129999999997
2025-11-10;PROMESSA;9,0;151-180;HUMANO;Nov;6;Q4;11;2290,76
2025-11-10;PROMESSA;0,0;151-180;HUMANO;Nov;6;Q4;11;0,0
2025-11-10;PROMESSA;24,0;151-180;Robô;Nov;6;Q4;11;2671,2799999999997
2025-11-10;TRABALHADO;0,0;151-180;HUMANO;Nov;6;Q4;11;0,0
2025-11-10;TRABALHADO;3903,0;151-180;HUMANO;Nov;6;Q4;11;1088621,5100000002
2025-11-10;TRABALHADO;7049,0;151-180;Robô;Nov;6;Q4;11;1404926,04
2025-11-10;ACIONAMENTOS;0,0;181-360;HUMANO;Nov;6;Q4;11;0,0
2025-11-10;ACIONAMENTOS;0,0;181-360;HUMANO;Nov;6;Q4;11;0,0
2025-11-10;ACIONAMENTOS;7,0;181-360;Robô;Nov;6;Q4;11;573,22
2025-11-10;CPC;0,0;181-360;HUMANO;Nov;6;Q4;11;0,0
2025-11-10;CPC;0,0;181-360;HUMANO;Nov;6;Q4;11;0,0
2025-11-10;CPC;0,0;181-360;Robô;Nov;6;Q4;11;0,0
2025-11-10;CPCA;0,0;181-360;HUMANO;Nov;6;Q4;11;0,0
2025-11-10;CPCA;0,0;181-360;HUMANO;Nov;6;Q4;11;0,0
2025-11-10;CPCA;0,0;181-360;Robô;Nov;6;Q4;11;0,0
2025-11-10;PROMESSA;0,0;181-360;HUMANO;Nov;6;Q4;11;0,0
2025-11-10;PROMESSA;0,0;181-360;HUMANO;Nov;6;Q4;11;0,0
2025-11-10;PROMESSA;0,0;181-360;Robô;Nov;6;Q4;11;0,0
2025-11-10;TRABALHADO;0,0;181-360;HUMANO;Nov;6;Q4;11;0,0
2025-11-10;TRABALHADO;3,0;181-360;HUMANO;Nov;6;Q4;11;925,8800000000001
2025-11-10;TRABALHADO;62,0;181-360;Robô;Nov;6;Q4;11;11191,529999999999
2025-11-10;ACIONAMENTOS;168,0;31-60;HUMANO;Nov;6;Q4;11;32169,96
2025-11-10;ACIONAMENTOS;3,0;31-60;HUMANO;Nov;6;Q4;11;830,9599999999999
2025-11-10;ACIONAMENTOS;3743,0;31-60;Robô;Nov;6;Q4;11;296488,68
2025-11-10;CPC;60,0;31-60;HUMANO;Nov;6;Q4;11;9358,859999999997
2025-11-10;CPC;0,0;31-60;HUMANO;Nov;6;Q4;11;0,0
2025-11-10;CPC;790,0;31-60;Robô;Nov;6;Q4;11;66294,42
2025-11-10;CPCA;42,0;31-60;HUMANO;Nov;6;Q4;11;6701,27
2025-11-10;CPCA;0,0;31-60;HUMANO;Nov;6;Q4;11;0,0
2025-11-10;CPCA;764,0;31-60;Robô;Nov;6;Q4;11;64173,13999999999
2025-11-10;PROMESSA;24,0;31-60;HUMANO;Nov;6;Q4;11;3917,52
2025-11-10;PROMESSA;0,0;31-60;HUMANO;Nov;6;Q4;11;0,0
2025-11-10;PROMESSA;178,0;31-60;Robô;Nov;6;Q4;11;13030,919999999998
2025-11-10;TRABALHADO;0,0;31-60;HUMANO;Nov;6;Q4;11;0,0
2025-11-10;TRABALHADO;2475,0;31-60;HUMANO;Nov;6;Q4;11;531241,1599999999
2025-11-10;TRABALHADO;25610,0;31-60;Robô;Nov;6;Q4;11;1955926,2799999998
2025-11-10;ACIONAMENTOS;408,0;361-720;HUMANO;Nov;6;Q4;11;140342,66999999998
2025-11-10;ACIONAMENTOS;11,0;361-720;HUMANO;Nov;6;Q4;11;3260,88
2025-11-10;ACIONAMENTOS;12,0;361-720;Robô;Nov;6;Q4;11;5230,42
2025-11-10;CPC;159,0;361-720;HUMANO;Nov;6;Q4;11;47947,78
2025-11-10;CPC;0,0;361-720;HUMANO;Nov;6;Q4;11;0,0
2025-11-10;CPC;1,0;361-720;Robô;Nov;6;Q4;11;461,79
2025-11-10;CPCA;115,0;361-720;HUMANO;Nov;6;Q4;11;36342,22000000001
2025-11-10;CPCA;0,0;361-720;HUMANO;Nov;6;Q4;11;0,0
2025-11-10;CPCA;1,0;361-720;Robô;Nov;6;Q4;11;461,79
2025-11-10;PROMESSA;59,0;361-720;HUMANO;Nov;6;Q4;11;11607,369999999999
2025-11-10;PROMESSA;0,0;361-720;HUMANO;Nov;6;Q4;11;0,0
2025-11-10;PROMESSA;0,0;361-720;Robô;Nov;6;Q4;11;0,0
2025-11-10;TRABALHADO;0,0;361-720;HUMANO;Nov;6;Q4;11;0,0
2025-11-10;TRABALHADO;22599,0;361-720;HUMANO;Nov;6;Q4;11;10157003,530000001
2025-11-10;TRABALHADO;207,0;361-720;Robô;Nov;6;Q4;11;87429,23000000003
2025-11-10;ACIONAMENTOS;304,0;61-90;HUMANO;Nov;6;Q4;11;70407,33
2025-11-10;ACIONAMENTOS;27,0;61-90;HUMANO;Nov;6;Q4;11;6524,37
2025-11-10;ACIONAMENTOS;1614,0;61-90;Robô;Nov;6;Q4;11;232735,84999999998
2025-11-10;CPC;90,0;61-90;HUMANO;Nov;6;Q4;11;18204,59
2025-11-10;CPC;0,0;61-90;HUMANO;Nov;6;Q4;11;0,0
2025-11-10;CPC;311,0;61-90;Robô;Nov;6;Q4;11;46880,74
2025-11-10;CPCA;66,0;61-90;HUMANO;Nov;6;Q4;11;13571,910000000002
2025-11-10;CPCA;0,0;61-90;HUMANO;Nov;6;Q4;11;0,0
2025-11-10;CPCA;296,0;61-90;Robô;Nov;6;Q4;11;44924,36
2025-11-10;PROMESSA;18,0;61-90;HUMANO;Nov;6;Q4;11;2875,7500000000005
2025-11-10;PROMESSA;0,0;61-90;HUMANO;Nov;6;Q4;11;0,0
2025-11-10;PROMESSA;51,0;61-90;Robô;Nov;6;Q4;11;6979,5199999999995
2025-11-10;TRABALHADO;0,0;61-90;HUMANO;Nov;6;Q4;11;0,0
2025-11-10;TRABALHADO;5137,0;61-90;HUMANO;Nov;6;Q4;11;1158947,9500000002
2025-11-10;TRABALHADO;12169,0;61-90;Robô;Nov;6;Q4;11;1648878,83
2025-11-10;ACIONAMENTOS;258,0;91-120;HUMANO;Nov;6;Q4;11;45625,17
2025-11-10;ACIONAMENTOS;4,0;91-120;HUMANO;Nov;6;Q4;11;650,85
2025-11-10;ACIONAMENTOS;2157,0;91-120;Robô;Nov;6;Q4;11;218883,31
2025-11-10;CPC;62,0;91-120;HUMANO;Nov;6;Q4;11;10578,489999999996
2025-11-10;CPC;0,0;91-120;HUMANO;Nov;6;Q4;11;0,0
2025-11-10;CPC;414,0;91-120;Robô;Nov;6;Q4;11;41476,03999999999
2025-11-10;CPCA;40,0;91-120;HUMANO;Nov;6;Q4;11;6982,860000000001
2025-11-10;CPCA;0,0;91-120;HUMANO;Nov;6;Q4;11;0,0
2025-11-10;CPCA;393,0;91-120;Robô;Nov;6;Q4;11;39257,45
2025-11-10;PROMESSA;16,0;91-120;HUMANO;Nov;6;Q4;11;2929,8
2025-11-10;PROMESSA;0,0;91-120;HUMANO;Nov;6;Q4;11;0,0
2025-11-10;PROMESSA;79,0;91-120;Robô;Nov;6;Q4;11;6184,149999999999
2025-11-10;TRABALHADO;0,0;91-120;HUMANO;Nov;6;Q4;11;0,0
2025-11-10;TRABALHADO;4482,0;91-120;HUMANO;Nov;6;Q4;11;876511,32
2025-11-10;TRABALHADO;13994,0;91-120;Robô;Nov;6;Q4;11;1551386,02
2025-11-10;ACIONAMENTOS;6,0;Esforço;HUMANO;Nov;6;Q4;11;570,29
2025-11-10;ACIONAMENTOS;182,0;Esforço;HUMANO;Nov;6;Q4;11;22711,29
2025-11-10;ACIONAMENTOS;193,0;Esforço;HUMANO;Nov;6;Q4;11;37279,42
2025-11-10;ACIONAMENTOS;349,0;Esforço;HUMANO;Nov;6;Q4;11;80299,15
2025-11-10;ACIONAMENTOS;284,0;Esforço;HUMANO;Nov;6;Q4;11;49709,94
2025-11-10;ACIONAMENTOS;171,0;Esforço;HUMANO;Nov;6;Q4;11;40368,69
2025-11-10;ACIONAMENTOS;179,0;Esforço;HUMANO;Nov;6;Q4;11;49813,3
2025-11-10;ACIONAMENTOS;0,0;Esforço;HUMANO;Nov;6;Q4;11;0,0
2025-11-10;ACIONAMENTOS;512,0;Esforço;HUMANO;Nov;6;Q4;11;160885,93000000002
2025-11-10;ACIONAMENTOS;2,0;Esforço;HUMANO;Nov;6;Q4;11;150,98000000000002
2025-11-10;ACIONAMENTOS;0,0;Esforço;HUMANO;Nov;6;Q4;11;0,0
2025-11-10;ACIONAMENTOS;0,0;Esforço;HUMANO;Nov;6;Q4;11;0,0
2025-11-10;ACIONAMENTOS;3,0;Esforço;HUMANO;Nov;6;Q4;11;830,96
2025-11-10;ACIONAMENTOS;27,0;Esforço;HUMANO;Nov;6;Q4;11;6524,37
2025-11-10;ACIONAMENTOS;4,0;Esforço;HUMANO;Nov;6;Q4;11;650,85
2025-11-10;ACIONAMENTOS;5,0;Esforço;HUMANO;Nov;6;Q4;11;1333,1399999999999
2025-11-10;ACIONAMENTOS;11,0;Esforço;HUMANO;Nov;6;Q4;11;2971,03
2025-11-10;ACIONAMENTOS;0,0;Esforço;HUMANO;Nov;6;Q4;11;0,0
2025-11-10;ACIONAMENTOS;11,0;Esforço;HUMANO;Nov;6;Q4;11;3260,88
2025-11-10;ACIONAMENTOS;0,0;Esforço;HUMANO;Nov;6;Q4;11;0,0
2025-11-10;ACIONAMENTOS;3,0;Esforço;Robô;Nov;6;Q4;11;361,31
2025-11-10;ACIONAMENTOS;10780,0;Esforço;Robô;Nov;6;Q4;11;413504,0299999999
2025-11-10;ACIONAMENTOS;6147,0;Esforço;Robô;Nov;6;Q4;11;308976,83999999997
2025-11-10;ACIONAMENTOS;2989,0;Esforço;Robô;Nov;6;Q4;11;226476,71000000002
2025-11-10;ACIONAMENTOS;3831,0;Esforço;Robô;Nov;6;Q4;11;215305,21
2025-11-10;ACIONAMENTOS;1936,0;Esforço;Robô;Nov;6;Q4;11;154386,2
2025-11-10;ACIONAMENTOS;1629,0;Esforço;Robô;Nov;6;Q4;11;166615,74
2025-11-10;ACIONAMENTOS;19,0;Esforço;Robô;Nov;6;Q4;11;2061,0200000000004
2025-11-10;ACIONAMENTOS;16,0;Esforço;Robô;Nov;6;Q4;11;5607,650000000001
2025-11-10;ACIONAMENTOS;3,0;Esforço;Robô;Nov;6;Q4;11;110,5
2025-11-10;CPC;6,0;Esforço;HUMANO;Nov;6;Q4;11;570,29
2025-11-10;CPC;93,0;Esforço;HUMANO;Nov;6;Q4;11;9011,489999999998
2025-11-10;CPC;63,0;Esforço;HUMANO;Nov;6;Q4;11;9825,379999999996
2025-11-10;CPC;94,0;Esforço;HUMANO;Nov;6;Q4;11;18742,53
2025-11-10;CPC;64,0;Esforço;HUMANO;Nov;6;Q4;11;11038,85
2025-11-10;CPC;33,0;Esforço;HUMANO;Nov;6;Q4;11;7612,89
2025-11-10;CPC;46,0;Esforço;HUMANO;Nov;6;Q4;11;12075,29
2025-11-10;CPC;0,0;Esforço;HUMANO;Nov;6;Q4;11;0,0
2025-11-10;CPC;170,0;Esforço;HUMANO;Nov;6;Q4;11;49501,25
2025-11-10;CPC;0,0;Esforço;HUMANO;Nov;6;Q4;11;0,0
2025-11-10;CPC;0,0;Esforço;HUMANO;Nov;6;Q4;11;0,0
2025-11-10;CPC;0,0;Esforço;HUMANO;Nov;6;Q4;11;0,0
2025-11-10;CPC;0,0;Esforço;HUMANO;Nov;6;Q4;11;0,0
2025-11-10;CPC;0,0;Esforço;HUMANO;Nov;6;Q4;11;0,0
2025-11-10;CPC;0,0;Esforço;HUMANO;Nov;6;Q4;11;0,0
2025-11-10;CPC;0,0;Esforço;HUMANO;Nov;6;Q4;11;0,0
2025-11-10;CPC;0,0;Esforço;HUMANO;Nov;6;Q4;11;0,0
2025-11-10;CPC;0,0;Esforço;HUMANO;Nov;6;Q4;11;0,0
2025-11-10;CPC;0,0;Esforço;HUMANO;Nov;6;Q4;11;0,0
2025-11-10;CPC;0,0;Esforço;HUMANO;Nov;6;Q4;11;0,0
2025-11-10;CPC;1,0;Esforço;Robô;Nov;6;Q4;11;65,12
2025-11-10;CPC;1883,0;Esforço;Robô;Nov;6;Q4;11;118644,23999999999
2025-11-10;CPC;1000,0;Esforço;Robô;Nov;6;Q4;11;66733,78
2025-11-10;CPC;351,0;Esforço;Robô;Nov;6;Q4;11;45595,6
2025-11-10;CPC;481,0;Esforço;Robô;Nov;6;Q4;11;41680,770000000004
2025-11-10;CPC;204,0;Esforço;Robô;Nov;6;Q4;11;24561,11
2025-11-10;CPC;156,0;Esforço;Robô;Nov;6;Q4;11;23769,96
2025-11-10;CPC;0,0;Esforço;Robô;Nov;6;Q4;11;0,0
2025-11-10;CPC;3,0;Esforço;Robô;Nov;6;Q4;11;461,79
2025-11-10;CPC;0,0;Esforço;Robô;Nov;6;Q4;11;0,0
2025-11-10;CPCA;5,0;Esforço;HUMANO;Nov;6;Q4;11;505,16999999999996
2025-11-10;CPCA;47,0;Esforço;HUMANO;Nov;6;Q4;11;4113,270000000001
2025-11-10;CPCA;44,0;Esforço;HUMANO;Nov;6;Q4;11;7107,990000000002
2025-11-10;CPCA;67,0;Esforço;HUMANO;Nov;6;Q4;11;13601,81
2025-11-10;CPCA;42,0;Esforço;HUMANO;Nov;6;Q4;11;7443,22
2025-11-10;CPCA;21,0;Esforço;HUMANO;Nov;6;Q4;11;4739,85
2025-11-10;CPCA;26,0;Esforço;HUMANO;Nov;6;Q4;11;6780,249999999999
2025-11-10;CPCA;0,0;Esforço;HUMANO;Nov;6;Q4;11;0,0
2025-11-10;CPCA;120,0;Esforço;HUMANO;Nov;6;Q4;11;36802,66
2025-11-10;CPCA;0,0;Esforço;HUMANO;Nov;6;Q4;11;0,0
2025-11-10;CPCA;0,0;Esforço;HUMANO;Nov;6;Q4;11;0,0
2025-11-10;CPCA;0,0;Esforço;HUMANO;Nov;6;Q4;11;0,0
2025-11-10;CPCA;0,0;Esforço;HUMANO;Nov;6;Q4;11;0,0
2025-11-10;CPCA;0,0;Esforço;HUMANO;Nov;6;Q4;11;0,0
2025-11-10;CPCA;0,0;Esforço;HUMANO;Nov;6;Q4;11;0,0
2025-11-10;CPCA;0,0;Esforço;HUMANO;Nov;6;Q4;11;0,0
2025-11-10;CPCA;0,0;Esforço;HUMANO;Nov;6;Q4;11;0,0
2025-11-10;CPCA;0,0;Esforço;HUMANO;Nov;6;Q4;11;0,0
2025-11-10;CPCA;0,0;Esforço;HUMANO;Nov;6;Q4;11;0,0
2025-11-10;CPCA;0,0;Esforço;HUMANO;Nov;6;Q4;11;0,0
2025-11-10;CPCA;1,0;Esforço;Robô;Nov;6;Q4;11;65,12
2025-11-10;CPCA;1808,0;Esforço;Robô;Nov;6;Q4;11;115758,13999999998
2025-11-10;CPCA;939,0;Esforço;Robô;Nov;6;Q4;11;64203,009999999995
2025-11-10;CPCA;330,0;Esforço;Robô;Nov;6;Q4;11;43626,52
2025-11-10;CPCA;450,0;Esforço;Robô;Nov;6;Q4;11;39242,58
2025-11-10;CPCA;191,0;Esforço;Robô;Nov;6;Q4;11;23361,510000000002
2025-11-10;CPCA;147,0;Esforço;Robô;Nov;6;Q4;11;23486,32
2025-11-10;CPCA;0,0;Esforço;Robô;Nov;6;Q4;11;0,0
2025-11-10;CPCA;3,0;Esforço;Robô;Nov;6;Q4;11;461,79
2025-11-10;CPCA;0,0;Esforço;Robô;Nov;6;Q4;11;0,0
2025-11-10;PROMESSA;1,0;Esforço;HUMANO;Nov;6;Q4;11;79,9
2025-11-10;PROMESSA;36,0;Esforço;HUMANO;Nov;6;Q4;11;2446,3700000000003
2025-11-10;PROMESSA;26,0;Esforço;HUMANO;Nov;6;Q4;11;4324,240000000001
2025-11-10;PROMESSA;19,0;Esforço;HUMANO;Nov;6;Q4;11;2905,65
2025-11-10;PROMESSA;17,0;Esforço;HUMANO;Nov;6;Q4;11;3151,44
2025-11-10;PROMESSA;9,0;Esforço;HUMANO;Nov;6;Q4;11;1943,5900000000001
2025-11-10;PROMESSA;9,0;Esforço;HUMANO;Nov;6;Q4;11;2290,76
2025-11-10;PROMESSA;0,0;Esforço;HUMANO;Nov;6;Q4;11;0,0
2025-11-10;PROMESSA;62,0;Esforço;HUMANO;Nov;6;Q4;11;11788,979999999998
2025-11-10;PROMESSA;0,0;Esforço;HUMANO;Nov;6;Q4;11;0,0
2025-11-10;PROMESSA;0,0;Esforço;HUMANO;Nov;6;Q4;11;0,0
2025-11-10;PROMESSA;0,0;Esforço;HUMANO;Nov;6;Q4;11;0,0
2025-11-10;PROMESSA;0,0;Esforço;HUMANO;Nov;6;Q4;11;0,0
2025-11-10;PROMESSA;0,0;Esforço;HUMANO;Nov;6;Q4;11;0,0
2025-11-10;PROMESSA;0,0;Esforço;HUMANO;Nov;6;Q4;11;0,0
2025-11-10;PROMESSA;0,0;Esforço;HUMANO;Nov;6;Q4;11;0,0
2025-11-10;PROMESSA;0,0;Esforço;HUMANO;Nov;6;Q4;11;0,0
2025-11-10;PROMESSA;0,0;Esforço;HUMANO;Nov;6;Q4;11;0,0
2025-11-10;PROMESSA;0,0;Esforço;HUMANO;Nov;6;Q4;11;0,0
2025-11-10;PROMESSA;0,0;Esforço;HUMANO;Nov;6;Q4;11;0,0
2025-11-10;PROMESSA;0,0;Esforço;Robô;Nov;6;Q4;11;0,0
2025-11-10;PROMESSA;413,0;Esforço;Robô;Nov;6;Q4;11;25058,86
2025-11-10;PROMESSA;183,0;Esforço;Robô;Nov;6;Q4;11;13290,72
2025-11-10;PROMESSA;51,0;Esforço;Robô;Nov;6;Q4;11;6979,519999999999
2025-11-10;PROMESSA;79,0;Esforço;Robô;Nov;6;Q4;11;6184,150000000001
2025-11-10;PROMESSA;32,0;Esforço;Robô;Nov;6;Q4;11;3393,61
2025-11-10;PROMESSA;24,0;Esforço;Robô;Nov;6;Q4;11;2671,2799999999997
2025-11-10;PROMESSA;0,0;Esforço;Robô;Nov;6;Q4;11;0,0
2025-11-10;PROMESSA;0,0;Esforço;Robô;Nov;6;Q4;11;0,0
2025-11-10;PROMESSA;0,0;Esforço;Robô;Nov;6;Q4;11;0,0
2025-11-10;TRABALHADO;0,0;Esforço;HUMANO;Nov;6;Q4;11;0,0
2025-11-10;TRABALHADO;0,0;Esforço;HUMANO;Nov;6;Q4;11;0,0
2025-11-10;TRABALHADO;0,0;Esforço;HUMANO;Nov;6;Q4;11;0,0
2025-11-10;TRABALHADO;0,0;Esforço;HUMANO;Nov;6;Q4;11;0,0
2025-11-10;TRABALHADO;0,0;Esforço;HUMANO;Nov;6;Q4;11;0,0
2025-11-10;TRABALHADO;0,0;Esforço;HUMANO;Nov;6;Q4;11;0,0
2025-11-10;TRABALHADO;0,0;Esforço;HUMANO;Nov;6;Q4;11;0,0
2025-11-10;TRABALHADO;0,0;Esforço;HUMANO;Nov;6;Q4;11;0,0
2025-11-10;TRABALHADO;0,0;Esforço;HUMANO;Nov;6;Q4;11;0,0
2025-11-10;TRABALHADO;0,0;Esforço;HUMANO;Nov;6;Q4;11;0,0
2025-11-10;TRABALHADO;1,0;Esforço;HUMANO;Nov;6;Q4;11;79,9
2025-11-10;TRABALHADO;5354,0;Esforço;HUMANO;Nov;6;Q4;11;1037243,16
2025-11-10;TRABALHADO;12104,0;Esforço;HUMANO;Nov;6;Q4;11;2528297,15
2025-11-10;TRABALHADO;27846,0;Esforço;HUMANO;Nov;6;Q4;11;6323805,01
2025-11-10;TRABALHADO;22352,0;Esforço;HUMANO;Nov;6;Q4;11;4056097,6399999997
2025-11-10;TRABALHADO;14834,0;Esforço;HUMANO;Nov;6;Q4;11;3539501,72
2025-11-10;TRABALHADO;18093,0;Esforço;HUMANO;Nov;6;Q4;11;5236167,37
2025-11-10;TRABALHADO;4,0;Esforço;HUMANO;Nov;6;Q4;11;1413,8200000000002
2025-11-10;TRABALHADO;114875,0;Esforço;HUMANO;Nov;6;Q4;11;52889522,41
2025-11-10;TRABALHADO;949,0;Esforço;HUMANO;Nov;6;Q4;11;243895,82
2025-11-10;TRABALHADO;33,0;Esforço;Robô;Nov;6;Q4;11;252,03
2025-11-10;TRABALHADO;932903,0;Esforço;Robô;Nov;6;Q4;11;601820,9299999999
2025-11-10;TRABALHADO;561314,0;Esforço;Robô;Nov;6;Q4;11;716888,94
2025-11-10;TRABALHADO;382932,0;Esforço;Robô;Nov;6;Q4;11;700020,74
2025-11-10;TRABALHADO;426044,0;Esforço;Robô;Nov;6;Q4;11;750159,0599999999
2025-11-10;TRABALHADO;243964,0;Esforço;Robô;Nov;6;Q4;11;322681,61000000004
2025-11-10;TRABALHADO;175846,0;Esforço;Robô;Nov;6;Q4;11;505341,18
2025-11-10;TRABALHADO;1174,0;Esforço;Robô;Nov;6;Q4;11;4535,589999999998
2025-11-10;TRABALHADO;3153,0;Esforço;Robô;Nov;6;Q4;11;79089,97
2025-11-10;TRABALHADO;482,0;Esforço;Robô;Nov;6;Q4;11;4705,76
2025-11-10;ACIONAMENTOS;2,0;Maior 720;HUMANO;Nov;6;Q4;11;150,98000000000002
2025-11-10;ACIONAMENTOS;0,0;Maior 720;HUMANO;Nov;6;Q4;11;0,0
2025-11-10;ACIONAMENTOS;3,0;Maior 720;Robô;Nov;6;Q4;11;110,5
2025-11-10;CPC;0,0;Maior 720;HUMANO;Nov;6;Q4;11;0,0
2025-11-10;CPC;0,0;Maior 720;HUMANO;Nov;6;Q4;11;0,0
2025-11-10;CPC;0,0;Maior 720;Robô;Nov;6;Q4;11;0,0
2025-11-10;CPCA;0,0;Maior 720;HUMANO;Nov;6;Q4;11;0,0
2025-11-10;CPCA;0,0;Maior 720;HUMANO;Nov;6;Q4;11;0,0
2025-11-10;CPCA;0,0;Maior 720;Robô;Nov;6;Q4;11;0,0
2025-11-10;PROMESSA;0,0;Maior 720;HUMANO;Nov;6;Q4;11;0,0
2025-11-10;PROMESSA;0,0;Maior 720;HUMANO;Nov;6;Q4;11;0,0
2025-11-10;PROMESSA;0,0;Maior 720;Robô;Nov;6;Q4;11;0,0
2025-11-10;TRABALHADO;0,0;Maior 720;HUMANO;Nov;6;Q4;11;0,0
2025-11-10;TRABALHADO;856,0;Maior 720;HUMANO;Nov;6;Q4;11;222251,30000000002
2025-11-10;TRABALHADO;29,0;Maior 720;Robô;Nov;6;Q4;11;7465,119999999999
2025-11-10;ACIONAMENTOS;5,0;Preventivo;HUMANO;Nov;6;Q4;11;490,39
2025-11-10;ACIONAMENTOS;0,0;Preventivo;HUMANO;Nov;6;Q4;11;0,0
2025-11-10;ACIONAMENTOS;3,0;Preventivo;Robô;Nov;6;Q4;11;361,31
2025-11-10;CPC;5,0;Preventivo;HUMANO;Nov;6;Q4;11;490,39
2025-11-10;CPC;0,0;Preventivo;HUMANO;Nov;6;Q4;11;0,0
2025-11-10;CPC;1,0;Preventivo;Robô;Nov;6;Q4;11;65,12
2025-11-10;CPCA;4,0;Preventivo;HUMANO;Nov;6;Q4;11;425,27
2025-11-10;CPCA;0,0;Preventivo;HUMANO;Nov;6;Q4;11;0,0
2025-11-10;CPCA;1,0;Preventivo;Robô;Nov;6;Q4;11;65,12
2025-11-10;PROMESSA;1,0;Preventivo;HUMANO;Nov;6;Q4;11;79,9
2025-11-10;PROMESSA;0,0;Preventivo;HUMANO;Nov;6;Q4;11;0,0
2025-11-10;PROMESSA;0,0;Preventivo;Robô;Nov;6;Q4;11;0,0
2025-11-10;TRABALHADO;0,0;Preventivo;HUMANO;Nov;6;Q4;11;0,0
2025-11-10;TRABALHADO;1,0;Preventivo;HUMANO;Nov;6;Q4;11;79,9
2025-11-10;TRABALHADO;8,0;Preventivo;Robô;Nov;6;Q4;11;1363,8400000000001
2025-11-10;ACIONAMENTOS;5,0;Unique;HUMANO;Nov;6;Q4;11;490,39
2025-11-10;ACIONAMENTOS;159,0;Unique;HUMANO;Nov;6;Q4;11;19187,699999999997
2025-11-10;ACIONAMENTOS;160,0;Unique;HUMANO;Nov;6;Q4;11;31287,89
2025-11-10;ACIONAMENTOS;289,0;Unique;HUMANO;Nov;6;Q4;11;67382,19
2025-11-10;ACIONAMENTOS;246,0;Unique;HUMANO;Nov;6;Q4;11;43402,640000000014
2025-11-10;ACIONAMENTOS;134,0;Unique;HUMANO;Nov;6;Q4;11;32639,44
2025-11-10;ACIONAMENTOS;162,0;Unique;HUMANO;Nov;6;Q4;11;45301,119999999995
2025-11-10;ACIONAMENTOS;0,0;Unique;HUMANO;Nov;6;Q4;11;0,0
2025-11-10;ACIONAMENTOS;406,0;Unique;HUMANO;Nov;6;Q4;11;139644,09000000003
2025-11-10;ACIONAMENTOS;2,0;Unique;HUMANO;Nov;6;Q4;11;150,98000000000002
2025-11-10;ACIONAMENTOS;0,0;Unique;HUMANO;Nov;6;Q4;11;0,0
2025-11-10;ACIONAMENTOS;0,0;Unique;HUMANO;Nov;6;Q4;11;0,0
2025-11-10;ACIONAMENTOS;3,0;Unique;HUMANO;Nov;6;Q4;11;830,9599999999999
2025-11-10;ACIONAMENTOS;27,0;Unique;HUMANO;Nov;6;Q4;11;6524,37
2025-11-10;ACIONAMENTOS;4,0;Unique;HUMANO;Nov;6;Q4;11;650,85
2025-11-10;ACIONAMENTOS;5,0;Unique;HUMANO;Nov;6;Q4;11;1333,1399999999999
2025-11-10;ACIONAMENTOS;11,0;Unique;HUMANO;Nov;6;Q4;11;2971,0299999999997
2025-11-10;ACIONAMENTOS;0,0;Unique;HUMANO;Nov;6;Q4;11;0,0
2025-11-10;ACIONAMENTOS;11,0;Unique;HUMANO;Nov;6;Q4;11;3260,88
2025-11-10;ACIONAMENTOS;0,0;Unique;HUMANO;Nov;6;Q4;11;0,0
2025-11-10;ACIONAMENTOS;1,0;Unique;Robô;Nov;6;Q4;11;65,12
2025-11-10;ACIONAMENTOS;2274,0;Unique;Robô;Nov;6;Q4;11;165992,68
2025-11-10;ACIONAMENTOS;940,0;Unique;Robô;Nov;6;Q4;11;87595,53
2025-11-10;ACIONAMENTOS;523,0;Unique;Robô;Nov;6;Q4;11;89432,92
2025-11-10;ACIONAMENTOS;637,0;Unique;Robô;Nov;6;Q4;11;69608,23999999999
2025-11-10;ACIONAMENTOS;303,0;Unique;Robô;Nov;6;Q4;11;49786,479999999996
2025-11-10;ACIONAMENTOS;343,0;Unique;Robô;Nov;6;Q4;11;76531,91
2025-11-10;ACIONAMENTOS;3,0;Unique;Robô;Nov;6;Q4;11;149,6
2025-11-10;ACIONAMENTOS;6,0;Unique;Robô;Nov;6;Q4;11;2285,4
2025-11-10;ACIONAMENTOS;3,0;Unique;Robô;Nov;6;Q4;11;110,5
2025-11-10;CPC;5,0;Unique;HUMANO;Nov;6;Q4;11;490,39
2025-11-10;CPC;85,0;Unique;HUMANO;Nov;6;Q4;11;8404,679999999998
2025-11-10;CPC;59,0;Unique;HUMANO;Nov;6;Q4;11;9328,96
2025-11-10;CPC;88,0;Unique;HUMANO;Nov;6;Q4;11;18000,57
2025-11-10;CPC;61,0;Unique;HUMANO;Nov;6;Q4;11;10418,689999999999
2025-11-10;CPC;33,0;Unique;HUMANO;Nov;6;Q4;11;7612,89
2025-11-10;CPC;45,0;Unique;HUMANO;Nov;6;Q4;11;11871,589999999998
2025-11-10;CPC;0,0;Unique;HUMANO;Nov;6;Q4;11;0,0
2025-11-10;CPC;159,0;Unique;HUMANO;Nov;6;Q4;11;47947,78
2025-11-10;CPC;0,0;Unique;HUMANO;Nov;6;Q4;11;0,0
2025-11-10;CPC;0,0;Unique;HUMANO;Nov;6;Q4;11;0,0
2025-11-10;CPC;0,0;Unique;HUMANO;Nov;6;Q4;11;0,0
2025-11-10;CPC;0,0;Unique;HUMANO;Nov;6;Q4;11;0,0
2025-11-10;CPC;0,0;Unique;HUMANO;Nov;6;Q4;11;0,0
2025-11-10;CPC;0,0;Unique;HUMANO;Nov;6;Q4;11;0,0
2025-11-10;CPC;0,0;Unique;HUMANO;Nov;6;Q4;11;0,0
2025-11-10;CPC;0,0;Unique;HUMANO;Nov;6;Q4;11;0,0
2025-11-10;CPC;0,0;Unique;HUMANO;Nov;6;Q4;11;0,0
2025-11-10;CPC;0,0;Unique;HUMANO;Nov;6;Q4;11;0,0
2025-11-10;CPC;0,0;Unique;HUMANO;Nov;6;Q4;11;0,0
2025-11-10;CPC;1,0;Unique;Robô;Nov;6;Q4;11;65,12
2025-11-10;CPC;1492,0;Unique;Robô;Nov;6;Q4;11;109432,78
2025-11-10;CPC;720,0;Unique;Robô;Nov;6;Q4;11;60569,71
2025-11-10;CPC;278,0;Unique;Robô;Nov;6;Q4;11;43111,84
2025-11-10;CPC;386,0;Unique;Robô;Nov;6;Q4;11;38505,03
2025-11-10;CPC;172,0;Unique;Robô;Nov;6;Q4;11;22661,809999999998
2025-11-10;CPC;136,0;Unique;Robô;Nov;6;Q4;11;24008,32
2025-11-10;CPC;0,0;Unique;Robô;Nov;6;Q4;11;0,0
2025-11-10;CPC;1,0;Unique;Robô;Nov;6;Q4;11;461,79
2025-11-10;CPC;0,0;Unique;Robô;Nov;6;Q4;11;0,0
2025-11-10;CPCA;4,0;Unique;HUMANO;Nov;6;Q4;11;425,27
2025-11-10;CPCA;43,0;Unique;HUMANO;Nov;6;Q4;11;3961,63
2025-11-10;CPCA;41,0;Unique;HUMANO;Nov;6;Q4;11;6671,37
2025-11-10;CPCA;66,0;Unique;HUMANO;Nov;6;Q4;11;13571,910000000002
2025-11-10;CPCA;40,0;Unique;HUMANO;Nov;6;Q4;11;6982,860000000001
2025-11-10;CPCA;21,0;Unique;HUMANO;Nov;6;Q4;11;4739,850000000001
2025-11-10;CPCA;26,0;Unique;HUMANO;Nov;6;Q4;11;6780,25
2025-11-10;CPCA;0,0;Unique;HUMANO;Nov;6;Q4;11;0,0
2025-11-10;CPCA;115,0;Unique;HUMANO;Nov;6;Q4;11;36342,22000000001
2025-11-10;CPCA;0,0;Unique;HUMANO;Nov;6;Q4;11;0,0
2025-11-10;CPCA;0,0;Unique;HUMANO;Nov;6;Q4;11;0,0
2025-11-10;CPCA;0,0;Unique;HUMANO;Nov;6;Q4;11;0,0
2025-11-10;CPCA;0,0;Unique;HUMANO;Nov;6;Q4;11;0,0
2025-11-10;CPCA;0,0;Unique;HUMANO;Nov;6;Q4;11;0,0
2025-11-10;CPCA;0,0;Unique;HUMANO;Nov;6;Q4;11;0,0
2025-11-10;CPCA;0,0;Unique;HUMANO;Nov;6;Q4;11;0,0
2025-11-10;CPCA;0,0;Unique;HUMANO;Nov;6;Q4;11;0,0
2025-11-10;CPCA;0,0;Unique;HUMANO;Nov;6;Q4;11;0,0
2025-11-10;CPCA;0,0;Unique;HUMANO;Nov;6;Q4;11;0,0
2025-11-10;CPCA;0,0;Unique;HUMANO;Nov;6;Q4;11;0,0
2025-11-10;CPCA;1,0;Unique;Robô;Nov;6;Q4;11;65,12
2025-11-10;CPCA;1476,0;Unique;Robô;Nov;6;Q4;11;108373,94
2025-11-10;CPCA;712,0;Unique;Robô;Nov;6;Q4;11;59966,33
2025-11-10;CPCA;273,0;Unique;Robô;Nov;6;Q4;11;42302,01
2025-11-10;CPCA;379,0;Unique;Robô;Nov;6;Q4;11;37532,159999999996
2025-11-10;CPCA;169,0;Unique;Robô;Nov;6;Q4;11;22375,29
2025-11-10;CPCA;132,0;Unique;Robô;Nov;6;Q4;11;23011,659999999996
2025-11-10;CPCA;0,0;Unique;Robô;Nov;6;Q4;11;0,0
2025-11-10;CPCA;1,0;Unique;Robô;Nov;6;Q4;11;461,79
2025-11-10;CPCA;0,0;Unique;Robô;Nov;6;Q4;11;0,0
2025-11-10;PROMESSA;1,0;Unique;HUMANO;Nov;6;Q4;11;79,9
2025-11-10;PROMESSA;33,0;Unique;HUMANO;Nov;6;Q4;11;2324,63
2025-11-10;PROMESSA;24,0;Unique;HUMANO;Nov;6;Q4;11;3917,52
2025-11-10;PROMESSA;18,0;Unique;HUMANO;Nov;6;Q4;11;2875,7500000000005
2025-11-10;PROMESSA;16,0;Unique;HUMANO;Nov;6;Q4;11;2929,8
2025-11-10;PROMESSA;9,0;Unique;HUMANO;Nov;6;Q4;11;1943,59
2025-11-10;PROMESSA;9,0;Unique;HUMANO;Nov;6;Q4;11;2290,76
2025-11-10;PROMESSA;0,0;Unique;HUMANO;Nov;6;Q4;11;0,0
2025-11-10;PROMESSA;59,0;Unique;HUMANO;Nov;6;Q4;11;11607,369999999999
2025-11-10;PROMESSA;0,0;Unique;HUMANO;Nov;6;Q4;11;0,0
2025-11-10;PROMESSA;0,0;Unique;HUMANO;Nov;6;Q4;11;0,0
2025-11-10;PROMESSA;0,0;Unique;HUMANO;Nov;6;Q4;11;0,0
2025-11-10;PROMESSA;0,0;Unique;HUMANO;Nov;6;Q4;11;0,0
2025-11-10;PROMESSA;0,0;Unique;HUMANO;Nov;6;Q4;11;0,0
2025-11-10;PROMESSA;0,0;Unique;HUMANO;Nov;6;Q4;11;0,0
2025-11-10;PROMESSA;0,0;Unique;HUMANO;Nov;6;Q4;11;0,0
2025-11-10;PROMESSA;0,0;Unique;HUMANO;Nov;6;Q4;11;0,0
2025-11-10;PROMESSA;0,0;Unique;HUMANO;Nov;6;Q4;11;0,0
2025-11-10;PROMESSA;0,0;Unique;HUMANO;Nov;6;Q4;11;0,0
2025-11-10;PROMESSA;0,0;Unique;HUMANO;Nov;6;Q4;11;0,0
2025-11-10;PROMESSA;0,0;Unique;Robô;Nov;6;Q4;11;0,0
2025-11-10;PROMESSA;412,0;Unique;Robô;Nov;6;Q4;11;24978,96
2025-11-10;PROMESSA;178,0;Unique;Robô;Nov;6;Q4;11;13030,919999999998
2025-11-10;PROMESSA;51,0;Unique;Robô;Nov;6;Q4;11;6979,5199999999995
2025-11-10;PROMESSA;79,0;Unique;Robô;Nov;6;Q4;11;6184,149999999999
2025-11-10;PROMESSA;32,0;Unique;Robô;Nov;6;Q4;11;3393,6099999999997
2025-11-10;PROMESSA;24,0;Unique;Robô;Nov;6;Q4;11;2671,2799999999997
2025-11-10;PROMESSA;0,0;Unique;Robô;Nov;6;Q4;11;0,0
2025-11-10;PROMESSA;0,0;Unique;Robô;Nov;6;Q4;11;0,0
2025-11-10;PROMESSA;0,0;Unique;Robô;Nov;6;Q4;11;0,0
2025-11-10;TRABALHADO;0,0;Unique;HUMANO;Nov;6;Q4;11;0,0
2025-11-10;TRABALHADO;0,0;Unique;HUMANO;Nov;6;Q4;11;0,0
2025-11-10;TRABALHADO;0,0;Unique;HUMANO;Nov;6;Q4;11;0,0
2025-11-10;TRABALHADO;0,0;Unique;HUMANO;Nov;6;Q4;11;0,0
2025-11-10;TRABALHADO;0,0;Unique;HUMANO;Nov;6;Q4;11;0,0
2025-11-10;TRABALHADO;0,0;Unique;HUMANO;Nov;6;Q4;11;0,0
2025-11-10;TRABALHADO;0,0;Unique;HUMANO;Nov;6;Q4;11;0,0
2025-11-10;TRABALHADO;0,0;Unique;HUMANO;Nov;6;Q4;11;0,0
2025-11-10;TRABALHADO;0,0;Unique;HUMANO;Nov;6;Q4;11;0,0
2025-11-10;TRABALHADO;0,0;Unique;HUMANO;Nov;6;Q4;11;0,0
2025-11-10;TRABALHADO;0,0;Unique;HUMANO;Nov;6;Q4;11;0,0
2025-11-10;TRABALHADO;1833,0;Unique;HUMANO;Nov;6;Q4;11;311949,66000000003
2025-11-10;TRABALHADO;1864,0;Unique;HUMANO;Nov;6;Q4;11;401200,4800000001
2025-11-10;TRABALHADO;4551,0;Unique;HUMANO;Nov;6;Q4;11;1039586,78
2025-11-10;TRABALHADO;3048,0;Unique;HUMANO;Nov;6;Q4;11;598228,31
2025-11-10;TRABALHADO;2332,0;Unique;HUMANO;Nov;6;Q4;11;622205,28
2025-11-10;TRABALHADO;2529,0;Unique;HUMANO;Nov;6;Q4;11;745839,68
2025-11-10;TRABALHADO;3,0;Unique;HUMANO;Nov;6;Q4;11;925,8800000000001
2025-11-10;TRABALHADO;22583,0;Unique;HUMANO;Nov;6;Q4;11;10152676,63
2025-11-10;TRABALHADO;856,0;Unique;HUMANO;Nov;6;Q4;11;222251,30000000002
2025-11-10;TRABALHADO;1,0;Unique;Robô;Nov;6;Q4;11;65,12
2025-11-10;TRABALHADO;23973,0;Unique;Robô;Nov;6;Q4;11;1541201,89
2025-11-10;TRABALHADO;7326,0;Unique;Robô;Nov;6;Q4;11;784987,4299999999
2025-11-10;TRABALHADO;7436,0;Unique;Robô;Nov;6;Q4;11;1215836,97
2025-11-10;TRABALHADO;9369,0;Unique;Robô;Nov;6;Q4;11;1005544,5299999999
2025-11-10;TRABALHADO;4054,0;Unique;Robô;Nov;6;Q4;11;728799,6300000001
2025-11-10;TRABALHADO;4643,0;Unique;Robô;Nov;6;Q4;11;1027967,53
2025-11-10;TRABALHADO;48,0;Unique;Robô;Nov;6;Q4;11;8165,0
2025-11-10;TRABALHADO;203,0;Unique;Robô;Nov;6;Q4;11;87045,56
2025-11-10;TRABALHADO;26,0;Unique;Robô;Nov;6;Q4;11;7066,43
2025-11-11;ACIONAMENTOS;173,0;0-30;HUMANO;Nov;7;Q4;11;21685,699999999997
2025-11-11;ACIONAMENTOS;0,0;0-30;HUMANO;Nov;7;Q4;11;0,0
2025-11-11;ACIONAMENTOS;5435,0;0-30;Robô;Nov;7;Q4;11;364931,61
2025-11-11;CPC;92,0;0-30;HUMANO;Nov;7;Q4;11;9391,429999999998
2025-11-11;CPC;0,0;0-30;HUMANO;Nov;7;Q4;11;0,0
2025-11-11;CPC;1600,0;0-30;Robô;Nov;7;Q4;11;117487,77999999998
2025-11-11;CPCA;46,0;0-30;HUMANO;Nov;7;Q4;11;4311,13
2025-11-11;CPCA;0,0;0-30;HUMANO;Nov;7;Q4;11;0,0
2025-11-11;CPCA;1549,0;0-30;Robô;Nov;7;Q4;11;114717,65
2025-11-11;PROMESSA;33,0;0-30;HUMANO;Nov;7;Q4;11;2324,63
2025-11-11;PROMESSA;0,0;0-30;HUMANO;Nov;7;Q4;11;0,0
2025-11-11;PROMESSA;413,0;0-30;Robô;Nov;7;Q4;11;24999,179999999997
2025-11-11;TRABALHADO;0,0;0-30;HUMANO;Nov;7;Q4;11;0,0
2025-11-11;TRABALHADO;2024,0;0-30;HUMANO;Nov;7;Q4;11;351714,27
2025-11-11;TRABALHADO;25174,0;0-30;Robô;Nov;7;Q4;11;1698652,2899999998
2025-11-11;ACIONAMENTOS;186,0;121-150;HUMANO;Nov;7;Q4;11;42389,60999999999
2025-11-11;ACIONAMENTOS;6,0;121-150;HUMANO;Nov;7;Q4;11;1646,3999999999999
2025-11-11;ACIONAMENTOS;1417,0;121-150;Robô;Nov;7;Q4;11;185547,89
2025-11-11;CPC;45,0;121-150;HUMANO;Nov;7;Q4;11;9795,039999999997
2025-11-11;CPC;0,0;121-150;HUMANO;Nov;7;Q4;11;0,0
2025-11-11;CPC;237,0;121-150;Robô;Nov;7;Q4;11;29017,68
2025-11-11;CPCA;33,0;121-150;HUMANO;Nov;7;Q4;11;6922,0
2025-11-11;CPCA;0,0;121-150;HUMANO;Nov;7;Q4;11;0,0
2025-11-11;CPCA;228,0;121-150;Robô;Nov;7;Q4;11;27811,739999999998
2025-11-11;PROMESSA;16,0;121-150;HUMANO;Nov;7;Q4;11;3139,7799999999997
2025-11-11;PROMESSA;0,0;121-150;HUMANO;Nov;7;Q4;11;0,0
2025-11-11;PROMESSA;44,0;121-150;Robô;Nov;7;Q4;11;4309,94
2025-11-11;TRABALHADO;0,0;121-150;HUMANO;Nov;7;Q4;11;0,0
2025-11-11;TRABALHADO;4711,0;121-150;HUMANO;Nov;7;Q4;11;1069500,7799999998
2025-11-11;TRABALHADO;12804,0;121-150;Robô;Nov;7;Q4;11;1883887,9700000002
2025-11-11;ACIONAMENTOS;209,0;151-180;HUMANO;Nov;7;Q4;11;58164,61
2025-11-11;ACIONAMENTOS;16,0;151-180;HUMANO;Nov;7;Q4;11;4474,68
2025-11-11;ACIONAMENTOS;997,0;151-180;Robô;Nov;7;Q4;11;196515,25000000003
2025-11-11;CPC;58,0;151-180;HUMANO;Nov;7;Q4;11;15280,0
2025-11-11;CPC;0,0;151-180;HUMANO;Nov;7;Q4;11;0,0
2025-11-11;CPC;156,0;151-180;Robô;Nov;7;Q4;11;28105,53
2025-11-11;CPCA;34,0;151-180;HUMANO;Nov;7;Q4;11;8794,57
2025-11-11;CPCA;0,0;151-180;HUMANO;Nov;7;Q4;11;0,0
2025-11-11;CPCA;150,0;151-180;Robô;Nov;7;Q4;11;27005,67
2025-11-11;PROMESSA;11,0;151-180;HUMANO;Nov;7;Q4;11;2579,34
2025-11-11;PROMESSA;0,0;151-180;HUMANO;Nov;7;Q4;11;0,0
2025-11-11;PROMESSA;27,0;151-180;Robô;Nov;7;Q4;11;3069,33
2025-11-11;TRABALHADO;0,0;151-180;HUMANO;Nov;7;Q4;11;0,0
2025-11-11;TRABALHADO;4136,0;151-180;HUMANO;Nov;7;Q4;11;1160631,12
2025-11-11;TRABALHADO;7138,0;151-180;Robô;Nov;7;Q4;11;1432812,52
2025-11-11;ACIONAMENTOS;36,0;181-360;HUMANO;Nov;7;Q4;11;7293,399999999999
2025-11-11;ACIONAMENTOS;1,0;181-360;HUMANO;Nov;7;Q4;11;342,33
2025-11-11;ACIONAMENTOS;7,0;181-360;Robô;Nov;7;Q4;11;573,22
2025-11-11;CPC;24,0;181-360;HUMANO;Nov;7;Q4;11;3220,1499999999996
2025-11-11;CPC;0,0;181-360;HUMANO;Nov;7;Q4;11;0,0
2025-11-11;CPC;0,0;181-360;Robô;Nov;7;Q4;11;0,0
2025-11-11;CPCA;20,0;181-360;HUMANO;Nov;7;Q4;11;2735,36
2025-11-11;CPCA;0,0;181-360;HUMANO;Nov;7;Q4;11;0,0
2025-11-11;CPCA;0,0;181-360;Robô;Nov;7;Q4;11;0,0
2025-11-11;PROMESSA;14,0;181-360;HUMANO;Nov;7;Q4;11;1734,1200000000001
2025-11-11;PROMESSA;0,0;181-360;HUMANO;Nov;7;Q4;11;0,0
2025-11-11;PROMESSA;0,0;181-360;Robô;Nov;7;Q4;11;0,0
2025-11-11;TRABALHADO;0,0;181-360;HUMANO;Nov;7;Q4;11;0,0
2025-11-11;TRABALHADO;13764,0;181-360;HUMANO;Nov;7;Q4;11;2822419,24
2025-11-11;TRABALHADO;63,0;181-360;Robô;Nov;7;Q4;11;11451,329999999998
2025-11-11;ACIONAMENTOS;193,0;31-60;HUMANO;Nov;7;Q4;11;37536,159999999996
2025-11-11;ACIONAMENTOS;3,0;31-60;HUMANO;Nov;7;Q4;11;830,9599999999999
2025-11-11;ACIONAMENTOS;4217,0;31-60;Robô;Nov;7;Q4;11;331802,77
2025-11-11;CPC;69,0;31-60;HUMANO;Nov;7;Q4;11;11091,46
2025-11-11;CPC;0,0;31-60;HUMANO;Nov;7;Q4;11;0,0
2025-11-11;CPC;952,0;31-60;Robô;Nov;7;Q4;11;78394,98000000001
2025-11-11;CPCA;48,0;31-60;HUMANO;Nov;7;Q4;11;7757,77
2025-11-11;CPCA;0,0;31-60;HUMANO;Nov;7;Q4;11;0,0
2025-11-11;CPCA;920,0;31-60;Robô;Nov;7;Q4;11;75914,4
2025-11-11;PROMESSA;25,0;31-60;HUMANO;Nov;7;Q4;11;4077,32
2025-11-11;PROMESSA;0,0;31-60;HUMANO;Nov;7;Q4;11;0,0
2025-11-11;PROMESSA;220,0;31-60;Robô;Nov;7;Q4;11;16285,239999999998
2025-11-11;TRABALHADO;0,0;31-60;HUMANO;Nov;7;Q4;11;0,0
2025-11-11;TRABALHADO;2610,0;31-60;HUMANO;Nov;7;Q4;11;559977,5700000001
2025-11-11;TRABALHADO;25766,0;31-60;Robô;Nov;7;Q4;11;1975046,26
2025-11-11;ACIONAMENTOS;411,0;361-720;HUMANO;Nov;7;Q4;11;143262,84
2025-11-11;ACIONAMENTOS;11,0;361-720;HUMANO;Nov;7;Q4;11;3260,88
2025-11-11;ACIONAMENTOS;17,0;361-720;Robô;Nov;7;Q4;11;7778,59
2025-11-11;CPC;160,0;361-720;HUMANO;Nov;7;Q4;11;48728,69
2025-11-11;CPC;0,0;361-720;HUMANO;Nov;7;Q4;11;0,0
2025-11-11;CPC;1,0;361-720;Robô;Nov;7;Q4;11;461,79
2025-11-11;CPCA;116,0;361-720;HUMANO;Nov;7;Q4;11;37123,130000000005
2025-11-11;CPCA;0,0;361-720;HUMANO;Nov;7;Q4;11;0,0
2025-11-11;CPCA;1,0;361-720;Robô;Nov;7;Q4;11;461,79
2025-11-11;PROMESSA;60,0;361-720;HUMANO;Nov;7;Q4;11;12388,279999999999
2025-11-11;PROMESSA;0,0;361-720;HUMANO;Nov;7;Q4;11;0,0
2025-11-11;PROMESSA;0,0;361-720;Robô;Nov;7;Q4;11;0,0
2025-11-11;TRABALHADO;0,0;361-720;HUMANO;Nov;7;Q4;11;0,0
2025-11-11;TRABALHADO;22599,0;361-720;HUMANO;Nov;7;Q4;11;10157003,530000001
2025-11-11;TRABALHADO;213,0;361-720;Robô;Nov;7;Q4;11;89299,04000000001
2025-11-11;ACIONAMENTOS;344,0;61-90;HUMANO;Nov;7;Q4;11;79351,07999999999
2025-11-11;ACIONAMENTOS;32,0;61-90;HUMANO;Nov;7;Q4;11;7812,39
2025-11-11;ACIONAMENTOS;1741,0;61-90;Robô;Nov;7;Q4;11;250236,74
2025-11-11;CPC;108,0;61-90;HUMANO;Nov;7;Q4;11;22131,1
2025-11-11;CPC;0,0;61-90;HUMANO;Nov;7;Q4;11;0,0
2025-11-11;CPC;353,0;61-90;Robô;Nov;7;Q4;11;52441,759999999995
2025-11-11;CPCA;82,0;61-90;HUMANO;Nov;7;Q4;11;17259,219999999998
2025-11-11;CPCA;0,0;61-90;HUMANO;Nov;7;Q4;11;0,0
2025-11-11;CPCA;337,0;61-90;Robô;Nov;7;Q4;11;50458,380000000005
2025-11-11;PROMESSA;23,0;61-90;HUMANO;Nov;7;Q4;11;3790,590000000001
2025-11-11;PROMESSA;0,0;61-90;HUMANO;Nov;7;Q4;11;0,0
2025-11-11;PROMESSA;61,0;61-90;Robô;Nov;7;Q4;11;8189,259999999998
2025-11-11;TRABALHADO;0,0;61-90;HUMANO;Nov;7;Q4;11;0,0
2025-11-11;TRABALHADO;5257,0;61-90;HUMANO;Nov;7;Q4;11;1183627,5699999998
2025-11-11;TRABALHADO;12259,0;61-90;Robô;Nov;7;Q4;11;1665064,9
2025-11-11;ACIONAMENTOS;283,0;91-120;HUMANO;Nov;7;Q4;11;50735,2
2025-11-11;ACIONAMENTOS;4,0;91-120;HUMANO;Nov;7;Q4;11;650,85
2025-11-11;ACIONAMENTOS;2254,0;91-120;Robô;Nov;7;Q4;11;230806,86
2025-11-11;CPC;64,0;91-120;HUMANO;Nov;7;Q4;11;11073,73
2025-11-11;CPC;0,0;91-120;HUMANO;Nov;7;Q4;11;0,0
2025-11-11;CPC;444,0;91-120;Robô;Nov;7;Q4;11;44937,15
2025-11-11;CPCA;41,0;91-120;HUMANO;Nov;7;Q4;11;7142,660000000001
2025-11-11;CPCA;0,0;91-120;HUMANO;Nov;7;Q4;11;0,0
2025-11-11;CPCA;423,0;91-120;Robô;Nov;7;Q4;11;42718,56
2025-11-11;PROMESSA;16,0;91-120;HUMANO;Nov;7;Q4;11;2929,8
2025-11-11;PROMESSA;0,0;91-120;HUMANO;Nov;7;Q4;11;0,0
2025-11-11;PROMESSA;91,0;91-120;Robô;Nov;7;Q4;11;7071,589999999999
2025-11-11;TRABALHADO;0,0;91-120;HUMANO;Nov;7;Q4;11;0,0
2025-11-11;TRABALHADO;4732,0;91-120;HUMANO;Nov;7;Q4;11;930994,0499999999
2025-11-11;TRABALHADO;14165,0;91-120;Robô;Nov;7;Q4;11;1590440,9100000001
2025-11-11;ACIONAMENTOS;6,0;Esforço;HUMANO;Nov;7;Q4;11;570,29
2025-11-11;ACIONAMENTOS;188,0;Esforço;HUMANO;Nov;7;Q4;11;23642,370000000003
2025-11-11;ACIONAMENTOS;222,0;Esforço;HUMANO;Nov;7;Q4;11;43178,09000000001
2025-11-11;ACIONAMENTOS;397,0;Esforço;HUMANO;Nov;7;Q4;11;91388,56
2025-11-11;ACIONAMENTOS;313,0;Esforço;HUMANO;Nov;7;Q4;11;55641,39
2025-11-11;ACIONAMENTOS;214,0;Esforço;HUMANO;Nov;7;Q4;11;48630,19
2025-11-11;ACIONAMENTOS;226,0;Esforço;HUMANO;Nov;7;Q4;11;62959,360000000015
2025-11-11;ACIONAMENTOS;36,0;Esforço;HUMANO;Nov;7;Q4;11;7293,399999999998
2025-11-11;ACIONAMENTOS;515,0;Esforço;HUMANO;Nov;7;Q4;11;163806,10000000003
2025-11-11;ACIONAMENTOS;2,0;Esforço;HUMANO;Nov;7;Q4;11;150,98000000000002
2025-11-11;ACIONAMENTOS;0,0;Esforço;HUMANO;Nov;7;Q4;11;0,0
2025-11-11;ACIONAMENTOS;0,0;Esforço;HUMANO;Nov;7;Q4;11;0,0
2025-11-11;ACIONAMENTOS;3,0;Esforço;HUMANO;Nov;7;Q4;11;830,96
2025-11-11;ACIONAMENTOS;32,0;Esforço;HUMANO;Nov;7;Q4;11;7812,389999999999
2025-11-11;ACIONAMENTOS;4,0;Esforço;HUMANO;Nov;7;Q4;11;650,85
2025-11-11;ACIONAMENTOS;6,0;Esforço;HUMANO;Nov;7;Q4;11;1646,3999999999999
2025-11-11;ACIONAMENTOS;16,0;Esforço;HUMANO;Nov;7;Q4;11;4474,68
2025-11-11;ACIONAMENTOS;1,0;Esforço;HUMANO;Nov;7;Q4;11;342,33
2025-11-11;ACIONAMENTOS;11,0;Esforço;HUMANO;Nov;7;Q4;11;3260,88
2025-11-11;ACIONAMENTOS;0,0;Esforço;HUMANO;Nov;7;Q4;11;0,0
2025-11-11;ACIONAMENTOS;3,0;Esforço;Robô;Nov;7;Q4;11;361,31
2025-11-11;ACIONAMENTOS;10838,0;Esforço;Robô;Nov;7;Q4;11;415255,67999999993
2025-11-11;ACIONAMENTOS;7470,0;Esforço;Robô;Nov;7;Q4;11;361546,6
2025-11-11;ACIONAMENTOS;3354,0;Esforço;Robô;Nov;7;Q4;11;251439,52000000002
2025-11-11;ACIONAMENTOS;4159,0;Esforço;Robô;Nov;7;Q4;11;231259,48
2025-11-11;ACIONAMENTOS;2351,0;Esforço;Robô;Nov;7;Q4;11;175042,11
2025-11-11;ACIONAMENTOS;1851,0;Esforço;Robô;Nov;7;Q4;11;189022,18
2025-11-11;ACIONAMENTOS;19,0;Esforço;Robô;Nov;7;Q4;11;2061,0200000000004
2025-11-11;ACIONAMENTOS;22,0;Esforço;Robô;Nov;7;Q4;11;8617,61
2025-11-11;ACIONAMENTOS;5,0;Esforço;Robô;Nov;7;Q4;11;178,37
2025-11-11;CPC;6,0;Esforço;HUMANO;Nov;7;Q4;11;570,29
2025-11-11;CPC;97,0;Esforço;HUMANO;Nov;7;Q4;11;9622,970000000001
2025-11-11;CPC;73,0;Esforço;HUMANO;Nov;7;Q4;11;11717,779999999999
2025-11-11;CPC;113,0;Esforço;HUMANO;Nov;7;Q4;11;22843,160000000003
2025-11-11;CPC;66,0;Esforço;HUMANO;Nov;7;Q4;11;11534,089999999998
2025-11-11;CPC;45,0;Esforço;HUMANO;Nov;7;Q4;11;9795,04
2025-11-11;CPC;58,0;Esforço;HUMANO;Nov;7;Q4;11;15280,0
2025-11-11;CPC;24,0;Esforço;HUMANO;Nov;7;Q4;11;3220,15
2025-11-11;CPC;171,0;Esforço;HUMANO;Nov;7;Q4;11;50282,16
2025-11-11;CPC;0,0;Esforço;HUMANO;Nov;7;Q4;11;0,0
2025-11-11;CPC;0,0;Esforço;HUMANO;Nov;7;Q4;11;0,0
2025-11-11;CPC;0,0;Esforço;HUMANO;Nov;7;Q4;11;0,0
2025-11-11;CPC;0,0;Esforço;HUMANO;Nov;7;Q4;11;0,0
2025-11-11;CPC;0,0;Esforço;HUMANO;Nov;7;Q4;11;0,0
2025-11-11;CPC;0,0;Esforço;HUMANO;Nov;7;Q4;11;0,0
2025-11-11;CPC;0,0;Esforço;HUMANO;Nov;7;Q4;11;0,0
2025-11-11;CPC;0,0;Esforço;HUMANO;Nov;7;Q4;11;0,0
2025-11-11;CPC;0,0;Esforço;HUMANO;Nov;7;Q4;11;0,0
2025-11-11;CPC;0,0;Esforço;HUMANO;Nov;7;Q4;11;0,0
2025-11-11;CPC;0,0;Esforço;HUMANO;Nov;7;Q4;11;0,0
2025-11-11;CPC;1,0;Esforço;Robô;Nov;7;Q4;11;65,12
2025-11-11;CPC;1888,0;Esforço;Robô;Nov;7;Q4;11;118946,10999999999
2025-11-11;CPC;1199,0;Esforço;Robô;Nov;7;Q4;11;79249,32
2025-11-11;CPC;406,0;Esforço;Robô;Nov;7;Q4;11;52149,200000000004
2025-11-11;CPC;519,0;Esforço;Robô;Nov;7;Q4;11;45468,81
2025-11-11;CPC;265,0;Esforço;Robô;Nov;7;Q4;11;28719,82
2025-11-11;CPC;174,0;Esforço;Robô;Nov;7;Q4;11;26938,14
2025-11-11;CPC;0,0;Esforço;Robô;Nov;7;Q4;11;0,0
2025-11-11;CPC;3,0;Esforço;Robô;Nov;7;Q4;11;461,79
2025-11-11;CPC;0,0;Esforço;Robô;Nov;7;Q4;11;0,0
2025-11-11;CPCA;5,0;Esforço;HUMANO;Nov;7;Q4;11;505,16999999999996
2025-11-11;CPCA;49,0;Esforço;HUMANO;Nov;7;Q4;11;4432,87
2025-11-11;CPCA;50,0;Esforço;HUMANO;Nov;7;Q4;11;8164,490000000001
2025-11-11;CPCA;84,0;Esforço;HUMANO;Nov;7;Q4;11;17463,24
2025-11-11;CPCA;43,0;Esforço;HUMANO;Nov;7;Q4;11;7603,02
2025-11-11;CPCA;33,0;Esforço;HUMANO;Nov;7;Q4;11;6922,000000000001
2025-11-11;CPCA;34,0;Esforço;HUMANO;Nov;7;Q4;11;8794,57
2025-11-11;CPCA;20,0;Esforço;HUMANO;Nov;7;Q4;11;2735,36
2025-11-11;CPCA;121,0;Esforço;HUMANO;Nov;7;Q4;11;37583,57
2025-11-11;CPCA;0,0;Esforço;HUMANO;Nov;7;Q4;11;0,0
2025-11-11;CPCA;0,0;Esforço;HUMANO;Nov;7;Q4;11;0,0
2025-11-11;CPCA;0,0;Esforço;HUMANO;Nov;7;Q4;11;0,0
2025-11-11;CPCA;0,0;Esforço;HUMANO;Nov;7;Q4;11;0,0
2025-11-11;CPCA;0,0;Esforço;HUMANO;Nov;7;Q4;11;0,0
2025-11-11;CPCA;0,0;Esforço;HUMANO;Nov;7;Q4;11;0,0
2025-11-11;CPCA;0,0;Esforço;HUMANO;Nov;7;Q4;11;0,0
2025-11-11;CPCA;0,0;Esforço;HUMANO;Nov;7;Q4;11;0,0
2025-11-11;CPCA;0,0;Esforço;HUMANO;Nov;7;Q4;11;0,0
2025-11-11;CPCA;0,0;Esforço;HUMANO;Nov;7;Q4;11;0,0
2025-11-11;CPCA;0,0;Esforço;HUMANO;Nov;7;Q4;11;0,0
2025-11-11;CPCA;1,0;Esforço;Robô;Nov;7;Q4;11;65,12
2025-11-11;CPCA;1812,0;Esforço;Robô;Nov;7;Q4;11;116023,93
2025-11-11;CPCA;1129,0;Esforço;Robô;Nov;7;Q4;11;76439,15
2025-11-11;CPCA;382,0;Esforço;Robô;Nov;7;Q4;11;49780,06
2025-11-11;CPCA;488,0;Esforço;Robô;Nov;7;Q4;11;43030,619999999995
2025-11-11;CPCA;252,0;Esforço;Robô;Nov;7;Q4;11;27520,22
2025-11-11;CPCA;164,0;Esforço;Robô;Nov;7;Q4;11;26624,6
2025-11-11;CPCA;0,0;Esforço;Robô;Nov;7;Q4;11;0,0
2025-11-11;CPCA;3,0;Esforço;Robô;Nov;7;Q4;11;461,79
2025-11-11;CPCA;0,0;Esforço;Robô;Nov;7;Q4;11;0,0
2025-11-11;PROMESSA;1,0;Esforço;HUMANO;Nov;7;Q4;11;79,9
2025-11-11;PROMESSA;36,0;Esforço;HUMANO;Nov;7;Q4;11;2446,3700000000003
2025-11-11;PROMESSA;27,0;Esforço;HUMANO;Nov;7;Q4;11;4484,040000000001
2025-11-11;PROMESSA;24,0;Esforço;HUMANO;Nov;7;Q4;11;3820,4900000000002
2025-11-11;PROMESSA;17,0;Esforço;HUMANO;Nov;7;Q4;11;3151,44
2025-11-11;PROMESSA;16,0;Esforço;HUMANO;Nov;7;Q4;11;3139,78
2025-11-11;PROMESSA;11,0;Esforço;HUMANO;Nov;7;Q4;11;2579,3400000000006
2025-11-11;PROMESSA;14,0;Esforço;HUMANO;Nov;7;Q4;11;1734,12
2025-11-11;PROMESSA;63,0;Esforço;HUMANO;Nov;7;Q4;11;12569,89
2025-11-11;PROMESSA;0,0;Esforço;HUMANO;Nov;7;Q4;11;0,0
2025-11-11;PROMESSA;0,0;Esforço;HUMANO;Nov;7;Q4;11;0,0
2025-11-11;PROMESSA;0,0;Esforço;HUMANO;Nov;7;Q4;11;0,0
2025-11-11;PROMESSA;0,0;Esforço;HUMANO;Nov;7;Q4;11;0,0
2025-11-11;PROMESSA;0,0;Esforço;HUMANO;Nov;7;Q4;11;0,0
2025-11-11;PROMESSA;0,0;Esforço;HUMANO;Nov;7;Q4;11;0,0
2025-11-11;PROMESSA;0,0;Esforço;HUMANO;Nov;7;Q4;11;0,0
2025-11-11;PROMESSA;0,0;Esforço;HUMANO;Nov;7;Q4;11;0,0
2025-11-11;PROMESSA;0,0;Esforço;HUMANO;Nov;7;Q4;11;0,0
2025-11-11;PROMESSA;0,0;Esforço;HUMANO;Nov;7;Q4;11;0,0
2025-11-11;PROMESSA;0,0;Esforço;HUMANO;Nov;7;Q4;11;0,0
2025-11-11;PROMESSA;0,0;Esforço;Robô;Nov;7;Q4;11;0,0
2025-11-11;PROMESSA;414,0;Esforço;Robô;Nov;7;Q4;11;25079,079999999998
2025-11-11;PROMESSA;225,0;Esforço;Robô;Nov;7;Q4;11;16545,04
2025-11-11;PROMESSA;61,0;Esforço;Robô;Nov;7;Q4;11;8189,26
2025-11-11;PROMESSA;91,0;Esforço;Robô;Nov;7;Q4;11;7071,59
2025-11-11;PROMESSA;44,0;Esforço;Robô;Nov;7;Q4;11;4309,9400000000005
2025-11-11;PROMESSA;27,0;Esforço;Robô;Nov;7;Q4;11;3069,3299999999995
2025-11-11;PROMESSA;0,0;Esforço;Robô;Nov;7;Q4;11;0,0
2025-11-11;PROMESSA;0,0;Esforço;Robô;Nov;7;Q4;11;0,0
2025-11-11;PROMESSA;0,0;Esforço;Robô;Nov;7;Q4;11;0,0
2025-11-11;TRABALHADO;0,0;Esforço;HUMANO;Nov;7;Q4;11;0,0
2025-11-11;TRABALHADO;0,0;Esforço;HUMANO;Nov;7;Q4;11;0,0
2025-11-11;TRABALHADO;0,0;Esforço;HUMANO;Nov;7;Q4;11;0,0
2025-11-11;TRABALHADO;0,0;Esforço;HUMANO;Nov;7;Q4;11;0,0
2025-11-11;TRABALHADO;0,0;Esforço;HUMANO;Nov;7;Q4;11;0,0
2025-11-11;TRABALHADO;0,0;Esforço;HUMANO;Nov;7;Q4;11;0,0
2025-11-11;TRABALHADO;0,0;Esforço;HUMANO;Nov;7;Q4;11;0,0
2025-11-11;TRABALHADO;0,0;Esforço;HUMANO;Nov;7;Q4;11;0,0
2025-11-11;TRABALHADO;0,0;Esforço;HUMANO;Nov;7;Q4;11;0,0
2025-11-11;TRABALHADO;0,0;Esforço;HUMANO;Nov;7;Q4;11;0,0
2025-11-11;TRABALHADO;1,0;Esforço;HUMANO;Nov;7;Q4;11;79,9
2025-11-11;TRABALHADO;5400,0;Esforço;HUMANO;Nov;7;Q4;11;1045676,22
2025-11-11;TRABALHADO;13798,0;Esforço;HUMANO;Nov;7;Q4;11;2893647,46
2025-11-11;TRABALHADO;31219,0;Esforço;HUMANO;Nov;7;Q4;11;7134061,68
2025-11-11;TRABALHADO;24595,0;Esforço;HUMANO;Nov;7;Q4;11;4496899,25
2025-11-11;TRABALHADO;18306,0;Esforço;HUMANO;Nov;7;Q4;11;4215762,789999999
2025-11-11;TRABALHADO;21723,0;Esforço;HUMANO;Nov;7;Q4;11;6280048,08
2025-11-11;TRABALHADO;13835,0;Esforço;HUMANO;Nov;7;Q4;11;2844978,21
2025-11-11;TRABALHADO;116218,0;Esforço;HUMANO;Nov;7;Q4;11;54005398,400000006
2025-11-11;TRABALHADO;949,0;Esforço;HUMANO;Nov;7;Q4;11;243895,82
2025-11-11;TRABALHADO;33,0;Esforço;Robô;Nov;7;Q4;11;252,03
2025-11-11;TRABALHADO;935188,0;Esforço;Robô;Nov;7;Q4;11;601820,9299999999
2025-11-11;TRABALHADO;647044,0;Esforço;Robô;Nov;7;Q4;11;718064,23
2025-11-11;TRABALHADO;413094,0;Esforço;Robô;Nov;7;Q4;11;700370,24
2025-11-11;TRABALHADO;450719,0;Esforço;Robô;Nov;7;Q4;11;750228,8
2025-11-11;TRABALHADO;281251,0;Esforço;Robô;Nov;7;Q4;11;323272,58
2025-11-11;TRABALHADO;196128,0;Esforço;Robô;Nov;7;Q4;11;505654,44
2025-11-11;TRABALHADO;1324,0;Esforço;Robô;Nov;7;Q4;11;4615,489999999998
2025-11-11;TRABALHADO;4016,0;Esforço;Robô;Nov;7;Q4;11;89942,33
2025-11-11;TRABALHADO;589,0;Esforço;Robô;Nov;7;Q4;11;5236,17
2025-11-11;ACIONAMENTOS;2,0;Maior 720;HUMANO;Nov;7;Q4;11;150,98000000000002
2025-11-11;ACIONAMENTOS;0,0;Maior 720;HUMANO;Nov;7;Q4;11;0,0
2025-11-11;ACIONAMENTOS;4,0;Maior 720;Robô;Nov;7;Q4;11;170,47
2025-11-11;CPC;0,0;Maior 720;HUMANO;Nov;7;Q4;11;0,0
2025-11-11;CPC;0,0;Maior 720;HUMANO;Nov;7;Q4;11;0,0
2025-11-11;CPC;0,0;Maior 720;Robô;Nov;7;Q4;11;0,0
2025-11-11;CPCA;0,0;Maior 720;HUMANO;Nov;7;Q4;11;0,0
2025-11-11;CPCA;0,0;Maior 720;HUMANO;Nov;7;Q4;11;0,0
2025-11-11;CPCA;0,0;Maior 720;Robô;Nov;7;Q4;11;0,0
2025-11-11;PROMESSA;0,0;Maior 720;HUMANO;Nov;7;Q4;11;0,0
2025-11-11;PROMESSA;0,0;Maior 720;HUMANO;Nov;7;Q4;11;0,0
2025-11-11;PROMESSA;0,0;Maior 720;Robô;Nov;7;Q4;11;0,0
2025-11-11;TRABALHADO;0,0;Maior 720;HUMANO;Nov;7;Q4;11;0,0
2025-11-11;TRABALHADO;856,0;Maior 720;HUMANO;Nov;7;Q4;11;222251,30000000002
2025-11-11;TRABALHADO;33,0;Maior 720;Robô;Nov;7;Q4;11;8506,32
2025-11-11;ACIONAMENTOS;5,0;Preventivo;HUMANO;Nov;7;Q4;11;490,39
2025-11-11;ACIONAMENTOS;0,0;Preventivo;HUMANO;Nov;7;Q4;11;0,0
2025-11-11;ACIONAMENTOS;3,0;Preventivo;Robô;Nov;7;Q4;11;361,31
2025-11-11;CPC;5,0;Preventivo;HUMANO;Nov;7;Q4;11;490,39
2025-11-11;CPC;0,0;Preventivo;HUMANO;Nov;7;Q4;11;0,0
2025-11-11;CPC;1,0;Preventivo;Robô;Nov;7;Q4;11;65,12
2025-11-11;CPCA;4,0;Preventivo;HUMANO;Nov;7;Q4;11;425,27
2025-11-11;CPCA;0,0;Preventivo;HUMANO;Nov;7;Q4;11;0,0
2025-11-11;CPCA;1,0;Preventivo;Robô;Nov;7;Q4;11;65,12
2025-11-11;PROMESSA;1,0;Preventivo;HUMANO;Nov;7;Q4;11;79,9
2025-11-11;PROMESSA;0,0;Preventivo;HUMANO;Nov;7;Q4;11;0,0
2025-11-11;PROMESSA;0,0;Preventivo;Robô;Nov;7;Q4;11;0,0
2025-11-11;TRABALHADO;0,0;Preventivo;HUMANO;Nov;7;Q4;11;0,0
2025-11-11;TRABALHADO;1,0;Preventivo;HUMANO;Nov;7;Q4;11;79,9
2025-11-11;TRABALHADO;8,0;Preventivo;Robô;Nov;7;Q4;11;1363,8400000000001
2025-11-11;ACIONAMENTOS;5,0;Unique;HUMANO;Nov;7;Q4;11;490,39
2025-11-11;ACIONAMENTOS;164,0;Unique;HUMANO;Nov;7;Q4;11;19885,859999999997
2025-11-11;ACIONAMENTOS;181,0;Unique;HUMANO;Nov;7;Q4;11;36094,79
2025-11-11;ACIONAMENTOS;326,0;Unique;HUMANO;Nov;7;Q4;11;75534,62
2025-11-11;ACIONAMENTOS;265,0;Unique;HUMANO;Nov;7;Q4;11;47194,07
2025-11-11;ACIONAMENTOS;165,0;Unique;HUMANO;Nov;7;Q4;11;38413,92999999999
2025-11-11;ACIONAMENTOS;201,0;Unique;HUMANO;Nov;7;Q4;11;56094,56
2025-11-11;ACIONAMENTOS;35,0;Unique;HUMANO;Nov;7;Q4;11;7057,999999999998
2025-11-11;ACIONAMENTOS;409,0;Unique;HUMANO;Nov;7;Q4;11;142564,26
2025-11-11;ACIONAMENTOS;2,0;Unique;HUMANO;Nov;7;Q4;11;150,98000000000002
2025-11-11;ACIONAMENTOS;0,0;Unique;HUMANO;Nov;7;Q4;11;0,0
2025-11-11;ACIONAMENTOS;0,0;Unique;HUMANO;Nov;7;Q4;11;0,0
2025-11-11;ACIONAMENTOS;3,0;Unique;HUMANO;Nov;7;Q4;11;830,9599999999999
2025-11-11;ACIONAMENTOS;32,0;Unique;HUMANO;Nov;7;Q4;11;7812,39
2025-11-11;ACIONAMENTOS;4,0;Unique;HUMANO;Nov;7;Q4;11;650,85
2025-11-11;ACIONAMENTOS;6,0;Unique;HUMANO;Nov;7;Q4;11;1646,3999999999999
2025-11-11;ACIONAMENTOS;16,0;Unique;HUMANO;Nov;7;Q4;11;4474,68
2025-11-11;ACIONAMENTOS;1,0;Unique;HUMANO;Nov;7;Q4;11;342,33
2025-11-11;ACIONAMENTOS;11,0;Unique;HUMANO;Nov;7;Q4;11;3260,88
2025-11-11;ACIONAMENTOS;0,0;Unique;HUMANO;Nov;7;Q4;11;0,0
2025-11-11;ACIONAMENTOS;1,0;Unique;Robô;Nov;7;Q4;11;65,12
2025-11-11;ACIONAMENTOS;2238,0;Unique;Robô;Nov;7;Q4;11;162622,84
2025-11-11;ACIONAMENTOS;1090,0;Unique;Robô;Nov;7;Q4;11;99015,59
2025-11-11;ACIONAMENTOS;556,0;Unique;Robô;Nov;7;Q4;11;94703,98
2025-11-11;ACIONAMENTOS;654,0;Unique;Robô;Nov;7;Q4;11;71888,48
2025-11-11;ACIONAMENTOS;346,0;Unique;Robô;Nov;7;Q4;11;53673,64
2025-11-11;ACIONAMENTOS;367,0;Unique;Robô;Nov;7;Q4;11;82177,29000000001
2025-11-11;ACIONAMENTOS;3,0;Unique;Robô;Nov;7;Q4;11;149,6
2025-11-11;ACIONAMENTOS;7,0;Unique;Robô;Nov;7;Q4;11;2747,1900000000005
2025-11-11;ACIONAMENTOS;4,0;Unique;Robô;Nov;7;Q4;11;170,47
2025-11-11;CPC;5,0;Unique;HUMANO;Nov;7;Q4;11;490,39
2025-11-11;CPC;88,0;Unique;HUMANO;Nov;7;Q4;11;8783,24
2025-11-11;CPC;66,0;Unique;HUMANO;Nov;7;Q4;11;10821,859999999999
2025-11-11;CPC;106,0;Unique;HUMANO;Nov;7;Q4;11;21927,079999999998
2025-11-11;CPC;63,0;Unique;HUMANO;Nov;7;Q4;11;10913,929999999997
2025-11-11;CPC;44,0;Unique;HUMANO;Nov;7;Q4;11;9635,599999999999
2025-11-11;CPC;57,0;Unique;HUMANO;Nov;7;Q4;11;15076,3
2025-11-11;CPC;23,0;Unique;HUMANO;Nov;7;Q4;11;2984,7500000000005
2025-11-11;CPC;160,0;Unique;HUMANO;Nov;7;Q4;11;48728,69
2025-11-11;CPC;0,0;Unique;HUMANO;Nov;7;Q4;11;0,0
2025-11-11;CPC;0,0;Unique;HUMANO;Nov;7;Q4;11;0,0
2025-11-11;CPC;0,0;Unique;HUMANO;Nov;7;Q4;11;0,0
2025-11-11;CPC;0,0;Unique;HUMANO;Nov;7;Q4;11;0,0
2025-11-11;CPC;0,0;Unique;HUMANO;Nov;7;Q4;11;0,0
2025-11-11;CPC;0,0;Unique;HUMANO;Nov;7;Q4;11;0,0
2025-11-11;CPC;0,0;Unique;HUMANO;Nov;7;Q4;11;0,0
2025-11-11;CPC;0,0;Unique;HUMANO;Nov;7;Q4;11;0,0
2025-11-11;CPC;0,0;Unique;HUMANO;Nov;7;Q4;11;0,0
2025-11-11;CPC;0,0;Unique;HUMANO;Nov;7;Q4;11;0,0
2025-11-11;CPC;0,0;Unique;HUMANO;Nov;7;Q4;11;0,0
2025-11-11;CPC;1,0;Unique;Robô;Nov;7;Q4;11;65,12
2025-11-11;CPC;1470,0;Unique;Robô;Nov;7;Q4;11;107773,57999999999
2025-11-11;CPC;862,0;Unique;Robô;Nov;7;Q4;11;71082,88
2025-11-11;CPC;310,0;Unique;Robô;Nov;7;Q4;11;47285,240000000005
2025-11-11;CPC;409,0;Unique;Robô;Nov;7;Q4;11;41234,86
2025-11-11;CPC;212,0;Unique;Robô;Nov;7;Q4;11;26347,339999999997
2025-11-11;CPC;152,0;Unique;Robô;Nov;7;Q4;11;27459,86
2025-11-11;CPC;0,0;Unique;Robô;Nov;7;Q4;11;0,0
2025-11-11;CPC;1,0;Unique;Robô;Nov;7;Q4;11;461,79
2025-11-11;CPC;0,0;Unique;Robô;Nov;7;Q4;11;0,0
2025-11-11;CPCA;4,0;Unique;HUMANO;Nov;7;Q4;11;425,27
2025-11-11;CPCA;45,0;Unique;HUMANO;Nov;7;Q4;11;4281,2300000000005
2025-11-11;CPCA;46,0;Unique;HUMANO;Nov;7;Q4;11;7647,97
2025-11-11;CPCA;82,0;Unique;HUMANO;Nov;7;Q4;11;17259,219999999998
2025-11-11;CPCA;41,0;Unique;HUMANO;Nov;7;Q4;11;7142,660000000001
2025-11-11;CPCA;33,0;Unique;HUMANO;Nov;7;Q4;11;6922,0
2025-11-11;CPCA;34,0;Unique;HUMANO;Nov;7;Q4;11;8794,57
2025-11-11;CPCA;20,0;Unique;HUMANO;Nov;7;Q4;11;2735,36
2025-11-11;CPCA;116,0;Unique;HUMANO;Nov;7;Q4;11;37123,130000000005
2025-11-11;CPCA;0,0;Unique;HUMANO;Nov;7;Q4;11;0,0
2025-11-11;CPCA;0,0;Unique;HUMANO;Nov;7;Q4;11;0,0
2025-11-11;CPCA;0,0;Unique;HUMANO;Nov;7;Q4;11;0,0
2025-11-11;CPCA;0,0;Unique;HUMANO;Nov;7;Q4;11;0,0
2025-11-11;CPCA;0,0;Unique;HUMANO;Nov;7;Q4;11;0,0
2025-11-11;CPCA;0,0;Unique;HUMANO;Nov;7;Q4;11;0,0
2025-11-11;CPCA;0,0;Unique;HUMANO;Nov;7;Q4;11;0,0
2025-11-11;CPCA;0,0;Unique;HUMANO;Nov;7;Q4;11;0,0
2025-11-11;CPCA;0,0;Unique;HUMANO;Nov;7;Q4;11;0,0
2025-11-11;CPCA;0,0;Unique;HUMANO;Nov;7;Q4;11;0,0
2025-11-11;CPCA;0,0;Unique;HUMANO;Nov;7;Q4;11;0,0
2025-11-11;CPCA;1,0;Unique;Robô;Nov;7;Q4;11;65,12
2025-11-11;CPCA;1454,0;Unique;Robô;Nov;7;Q4;11;106714,73999999999
2025-11-11;CPCA;853,0;Unique;Robô;Nov;7;Q4;11;70399,6
2025-11-11;CPCA;305,0;Unique;Robô;Nov;7;Q4;11;46475,409999999996
2025-11-11;CPCA;402,0;Unique;Robô;Nov;7;Q4;11;40261,99
2025-11-11;CPCA;209,0;Unique;Robô;Nov;7;Q4;11;26060,82
2025-11-11;CPCA;148,0;Unique;Robô;Nov;7;Q4;11;26463,2
2025-11-11;CPCA;0,0;Unique;Robô;Nov;7;Q4;11;0,0
2025-11-11;CPCA;1,0;Unique;Robô;Nov;7;Q4;11;461,79
2025-11-11;CPCA;0,0;Unique;Robô;Nov;7;Q4;11;0,0
2025-11-11;PROMESSA;1,0;Unique;HUMANO;Nov;7;Q4;11;79,9
2025-11-11;PROMESSA;33,0;Unique;HUMANO;Nov;7;Q4;11;2324,63
2025-11-11;PROMESSA;25,0;Unique;HUMANO;Nov;7;Q4;11;4077,32
2025-11-11;PROMESSA;23,0;Unique;HUMANO;Nov;7;Q4;11;3790,590000000001
2025-11-11;PROMESSA;16,0;Unique;HUMANO;Nov;7;Q4;11;2929,8
2025-11-11;PROMESSA;16,0;Unique;HUMANO;Nov;7;Q4;11;3139,7799999999997
2025-11-11;PROMESSA;11,0;Unique;HUMANO;Nov;7;Q4;11;2579,34
2025-11-11;PROMESSA;14,0;Unique;HUMANO;Nov;7;Q4;11;1734,1200000000001
2025-11-11;PROMESSA;60,0;Unique;HUMANO;Nov;7;Q4;11;12388,279999999999
2025-11-11;PROMESSA;0,0;Unique;HUMANO;Nov;7;Q4;11;0,0
2025-11-11;PROMESSA;0,0;Unique;HUMANO;Nov;7;Q4;11;0,0
2025-11-11;PROMESSA;0,0;Unique;HUMANO;Nov;7;Q4;11;0,0
2025-11-11;PROMESSA;0,0;Unique;HUMANO;Nov;7;Q4;11;0,0
2025-11-11;PROMESSA;0,0;Unique;HUMANO;Nov;7;Q4;11;0,0
2025-11-11;PROMESSA;0,0;Unique;HUMANO;Nov;7;Q4;11;0,0
2025-11-11;PROMESSA;0,0;Unique;HUMANO;Nov;7;Q4;11;0,0
2025-11-11;PROMESSA;0,0;Unique;HUMANO;Nov;7;Q4;11;0,0
2025-11-11;PROMESSA;0,0;Unique;HUMANO;Nov;7;Q4;11;0,0
2025-11-11;PROMESSA;0,0;Unique;HUMANO;Nov;7;Q4;11;0,0
2025-11-11;PROMESSA;0,0;Unique;HUMANO;Nov;7;Q4;11;0,0
2025-11-11;PROMESSA;0,0;Unique;Robô;Nov;7;Q4;11;0,0
2025-11-11;PROMESSA;413,0;Unique;Robô;Nov;7;Q4;11;24999,179999999997
2025-11-11;PROMESSA;220,0;Unique;Robô;Nov;7;Q4;11;16285,239999999998
2025-11-11;PROMESSA;60,0;Unique;Robô;Nov;7;Q4;11;7929,459999999999
2025-11-11;PROMESSA;91,0;Unique;Robô;Nov;7;Q4;11;7071,589999999999
2025-11-11;PROMESSA;43,0;Unique;Robô;Nov;7;Q4;11;4280,039999999999
2025-11-11;PROMESSA;27,0;Unique;Robô;Nov;7;Q4;11;3069,33
2025-11-11;PROMESSA;0,0;Unique;Robô;Nov;7;Q4;11;0,0
2025-11-11;PROMESSA;0,0;Unique;Robô;Nov;7;Q4;11;0,0
2025-11-11;PROMESSA;0,0;Unique;Robô;Nov;7;Q4;11;0,0
2025-11-11;TRABALHADO;0,0;Unique;HUMANO;Nov;7;Q4;11;0,0
2025-11-11;TRABALHADO;0,0;Unique;HUMANO;Nov;7;Q4;11;0,0
2025-11-11;TRABALHADO;0,0;Unique;HUMANO;Nov;7;Q4;11;0,0
2025-11-11;TRABALHADO;0,0;Unique;HUMANO;Nov;7;Q4;11;0,0
2025-11-11;TRABALHADO;0,0;Unique;HUMANO;Nov;7;Q4;11;0,0
2025-11-11;TRABALHADO;0,0;Unique;HUMANO;Nov;7;Q4;11;0,0
2025-11-11;TRABALHADO;0,0;Unique;HUMANO;Nov;7;Q4;11;0,0
2025-11-11;TRABALHADO;0,0;Unique;HUMANO;Nov;7;Q4;11;0,0
2025-11-11;TRABALHADO;0,0;Unique;HUMANO;Nov;7;Q4;11;0,0
2025-11-11;TRABALHADO;0,0;Unique;HUMANO;Nov;7;Q4;11;0,0
2025-11-11;TRABALHADO;0,0;Unique;HUMANO;Nov;7;Q4;11;0,0
2025-11-11;TRABALHADO;1837,0;Unique;HUMANO;Nov;7;Q4;11;312588,86000000004
2025-11-11;TRABALHADO;1886,0;Unique;HUMANO;Nov;7;Q4;11;406089,54000000004
2025-11-11;TRABALHADO;4561,0;Unique;HUMANO;Nov;7;Q4;11;1041931,99
2025-11-11;TRABALHADO;3053,0;Unique;HUMANO;Nov;7;Q4;11;599207,6300000001
2025-11-11;TRABALHADO;2348,0;Unique;HUMANO;Nov;7;Q4;11;625152,29
2025-11-11;TRABALHADO;2535,0;Unique;HUMANO;Nov;7;Q4;11;747186,47
2025-11-11;TRABALHADO;13270,0;Unique;HUMANO;Nov;7;Q4;11;2696413,24
2025-11-11;TRABALHADO;22583,0;Unique;HUMANO;Nov;7;Q4;11;10152676,63
2025-11-11;TRABALHADO;856,0;Unique;HUMANO;Nov;7;Q4;11;222251,30000000002
2025-11-11;TRABALHADO;1,0;Unique;Robô;Nov;7;Q4;11;65,12
2025-11-11;TRABALHADO;23794,0;Unique;Robô;Nov;7;Q4;11;1523751,7599999998
2025-11-11;TRABALHADO;7570,0;Unique;Robô;Nov;7;Q4;11;806729,0700000001
2025-11-11;TRABALHADO;7433,0;Unique;Robô;Nov;7;Q4;11;1213744,9100000001
2025-11-11;TRABALHADO;9345,0;Unique;Robô;Nov;7;Q4;11;1003642,71
2025-11-11;TRABALHADO;4094,0;Unique;Robô;Nov;7;Q4;11;730793,8500000001
2025-11-11;TRABALHADO;4682,0;Unique;Robô;Nov;7;Q4;11;1037360,3300000001
2025-11-11;TRABALHADO;47,0;Unique;Robô;Nov;7;Q4;11;7781,199999999998
2025-11-11;TRABALHADO;207,0;Unique;Robô;Nov;7;Q4;11;88660,24
2025-11-11;TRABALHADO;30,0;Unique;Robô;Nov;7;Q4;11;8107,63
2025-11-12;ACIONAMENTOS;175,0;0-30;HUMANO;Nov;8;Q4;11;21734,0
2025-11-12;ACIONAMENTOS;0,0;0-30;HUMANO;Nov;8;Q4;11;0,0
2025-11-12;ACIONAMENTOS;5441,0;0-30;Robô;Nov;8;Q4;11;365269,05999999994
2025-11-12;CPC;95,0;0-30;HUMANO;Nov;8;Q4;11;9599,529999999997
2025-11-12;CPC;0,0;0-30;HUMANO;Nov;8;Q4;11;0,0
2025-11-12;CPC;1607,0;0-30;Robô;Nov;8;Q4;11;117784,66999999998
2025-11-12;CPCA;47,0;0-30;HUMANO;Nov;8;Q4;11;4336,240000000001
2025-11-12;CPCA;0,0;0-30;HUMANO;Nov;8;Q4;11;0,0
2025-11-12;CPCA;1555,0;0-30;Robô;Nov;8;Q4;11;114954,54
2025-11-12;PROMESSA;34,0;0-30;HUMANO;Nov;8;Q4;11;2349,74
2025-11-12;PROMESSA;0,0;0-30;HUMANO;Nov;8;Q4;11;0,0
2025-11-12;PROMESSA;415,0;0-30;Robô;Nov;8;Q4;11;25093,839999999997
2025-11-12;TRABALHADO;0,0;0-30;HUMANO;Nov;8;Q4;11;0,0
2025-11-12;TRABALHADO;2042,0;0-30;HUMANO;Nov;8;Q4;11;355666,35000000003
2025-11-12;TRABALHADO;25194,0;0-30;Robô;Nov;8;Q4;11;1701473,6199999999
2025-11-12;ACIONAMENTOS;210,0;121-150;HUMANO;Nov;8;Q4;11;46650,270000000004
2025-11-12;ACIONAMENTOS;6,0;121-150;HUMANO;Nov;8;Q4;11;1646,3999999999999
2025-11-12;ACIONAMENTOS;1525,0;121-150;Robô;Nov;8;Q4;11;199143,92
2025-11-12;CPC;52,0;121-150;HUMANO;Nov;8;Q4;11;10894,409999999996
2025-11-12;CPC;0,0;121-150;HUMANO;Nov;8;Q4;11;0,0
2025-11-12;CPC;264,0;121-150;Robô;Nov;8;Q4;11;32347,55
2025-11-12;CPCA;38,0;121-150;HUMANO;Nov;8;Q4;11;7553,1100000000015
2025-11-12;CPCA;0,0;121-150;HUMANO;Nov;8;Q4;11;0,0
2025-11-12;CPCA;254,0;121-150;Robô;Nov;8;Q4;11;30981,809999999998
2025-11-12;PROMESSA;20,0;121-150;HUMANO;Nov;8;Q4;11;3611,0900000000006
2025-11-12;PROMESSA;0,0;121-150;HUMANO;Nov;8;Q4;11;0,0
2025-11-12;PROMESSA;51,0;121-150;Robô;Nov;8;Q4;11;4742,68
2025-11-12;TRABALHADO;0,0;121-150;HUMANO;Nov;8;Q4;11;0,0
2025-11-12;TRABALHADO;4874,0;121-150;HUMANO;Nov;8;Q4;11;1103121,6
2025-11-12;TRABALHADO;12883,0;121-150;Robô;Nov;8;Q4;11;1900085,43
2025-11-12;ACIONAMENTOS;244,0;151-180;HUMANO;Nov;8;Q4;11;67149,01000000002
2025-11-12;ACIONAMENTOS;16,0;151-180;HUMANO;Nov;8;Q4;11;4474,68
2025-11-12;ACIONAMENTOS;1050,0;151-180;Robô;Nov;8;Q4;11;208351,24000000002
2025-11-12;CPC;67,0;151-180;HUMANO;Nov;8;Q4;11;17410,17
2025-11-12;CPC;0,0;151-180;HUMANO;Nov;8;Q4;11;0,0
2025-11-12;CPC;166,0;151-180;Robô;Nov;8;Q4;11;29955,82
2025-11-12;CPCA;39,0;151-180;HUMANO;Nov;8;Q4;11;9870,069999999998
2025-11-12;CPCA;0,0;151-180;HUMANO;Nov;8;Q4;11;0,0
2025-11-12;CPCA;159,0;151-180;Robô;Nov;8;Q4;11;28542,699999999997
2025-11-12;PROMESSA;14,0;151-180;HUMANO;Nov;8;Q4;11;3028,32
2025-11-12;PROMESSA;0,0;151-180;HUMANO;Nov;8;Q4;11;0,0
2025-11-12;PROMESSA;27,0;151-180;Robô;Nov;8;Q4;11;3069,33
2025-11-12;TRABALHADO;0,0;151-180;HUMANO;Nov;8;Q4;11;0,0
2025-11-12;TRABALHADO;4296,0;151-180;HUMANO;Nov;8;Q4;11;1210512,29
2025-11-12;TRABALHADO;7256,0;151-180;Robô;Nov;8;Q4;11;1467125,46
2025-11-12;ACIONAMENTOS;66,0;181-360;HUMANO;Nov;8;Q4;11;11873,849999999999
2025-11-12;ACIONAMENTOS;3,0;181-360;HUMANO;Nov;8;Q4;11;919,4100000000001
2025-11-12;ACIONAMENTOS;7,0;181-360;Robô;Nov;8;Q4;11;573,22
2025-11-12;CPC;38,0;181-360;HUMANO;Nov;8;Q4;11;4856,399999999998
2025-11-12;CPC;0,0;181-360;HUMANO;Nov;8;Q4;11;0,0
2025-11-12;CPC;0,0;181-360;Robô;Nov;8;Q4;11;0,0
2025-11-12;CPCA;30,0;181-360;HUMANO;Nov;8;Q4;11;3916,36
2025-11-12;CPCA;0,0;181-360;HUMANO;Nov;8;Q4;11;0,0
2025-11-12;CPCA;0,0;181-360;Robô;Nov;8;Q4;11;0,0
2025-11-12;PROMESSA;20,0;181-360;HUMANO;Nov;8;Q4;11;2198,34
2025-11-12;PROMESSA;0,0;181-360;HUMANO;Nov;8;Q4;11;0,0
2025-11-12;PROMESSA;0,0;181-360;Robô;Nov;8;Q4;11;0,0
2025-11-12;TRABALHADO;0,0;181-360;HUMANO;Nov;8;Q4;11;0,0
2025-11-12;TRABALHADO;16242,0;181-360;HUMANO;Nov;8;Q4;11;3213653,21
2025-11-12;TRABALHADO;64,0;181-360;Robô;Nov;8;Q4;11;11531,23
2025-11-12;ACIONAMENTOS;211,0;31-60;HUMANO;Nov;8;Q4;11;41865,770000000004
2025-11-12;ACIONAMENTOS;3,0;31-60;HUMANO;Nov;8;Q4;11;830,9599999999999
2025-11-12;ACIONAMENTOS;4609,0;31-60;Robô;Nov;8;Q4;11;361596,36
2025-11-12;CPC;73,0;31-60;HUMANO;Nov;8;Q4;11;11560,779999999999
2025-11-12;CPC;0,0;31-60;HUMANO;Nov;8;Q4;11;0,0
2025-11-12;CPC;1081,0;31-60;Robô;Nov;8;Q4;11;89690,03000000001
2025-11-12;CPCA;50,0;31-60;HUMANO;Nov;8;Q4;11;8066,570000000001
2025-11-12;CPCA;0,0;31-60;HUMANO;Nov;8;Q4;11;0,0
2025-11-12;CPCA;1045,0;31-60;Robô;Nov;8;Q4;11;86741,4
2025-11-12;PROMESSA;28,0;31-60;HUMANO;Nov;8;Q4;11;4540,96
2025-11-12;PROMESSA;0,0;31-60;HUMANO;Nov;8;Q4;11;0,0
2025-11-12;PROMESSA;242,0;31-60;Robô;Nov;8;Q4;11;18006,809999999998
2025-11-12;TRABALHADO;0,0;31-60;HUMANO;Nov;8;Q4;11;0,0
2025-11-12;TRABALHADO;2715,0;31-60;HUMANO;Nov;8;Q4;11;581934,6100000001
2025-11-12;TRABALHADO;25864,0;31-60;Robô;Nov;8;Q4;11;1990254,63
2025-11-12;ACIONAMENTOS;411,0;361-720;HUMANO;Nov;8;Q4;11;143262,84
2025-11-12;ACIONAMENTOS;11,0;361-720;HUMANO;Nov;8;Q4;11;3260,88
2025-11-12;ACIONAMENTOS;19,0;361-720;Robô;Nov;8;Q4;11;8861,49
2025-11-12;CPC;160,0;361-720;HUMANO;Nov;8;Q4;11;48728,69
2025-11-12;CPC;0,0;361-720;HUMANO;Nov;8;Q4;11;0,0
2025-11-12;CPC;1,0;361-720;Robô;Nov;8;Q4;11;461,79
2025-11-12;CPCA;116,0;361-720;HUMANO;Nov;8;Q4;11;37123,130000000005
2025-11-12;CPCA;0,0;361-720;HUMANO;Nov;8;Q4;11;0,0
2025-11-12;CPCA;1,0;361-720;Robô;Nov;8;Q4;11;461,79
2025-11-12;PROMESSA;60,0;361-720;HUMANO;Nov;8;Q4;11;12388,279999999999
2025-11-12;PROMESSA;0,0;361-720;HUMANO;Nov;8;Q4;11;0,0
2025-11-12;PROMESSA;0,0;361-720;Robô;Nov;8;Q4;11;0,0
2025-11-12;TRABALHADO;0,0;361-720;HUMANO;Nov;8;Q4;11;0,0
2025-11-12;TRABALHADO;22599,0;361-720;HUMANO;Nov;8;Q4;11;10157003,530000001
2025-11-12;TRABALHADO;216,0;361-720;Robô;Nov;8;Q4;11;89902,6
2025-11-12;ACIONAMENTOS;370,0;61-90;HUMANO;Nov;8;Q4;11;85908,09
2025-11-12;ACIONAMENTOS;35,0;61-90;HUMANO;Nov;8;Q4;11;8752,170000000002
2025-11-12;ACIONAMENTOS;1849,0;61-90;Robô;Nov;8;Q4;11;262178,93000000005
2025-11-12;CPC;116,0;61-90;HUMANO;Nov;8;Q4;11;24173,06
2025-11-12;CPC;0,0;61-90;HUMANO;Nov;8;Q4;11;0,0
2025-11-12;CPC;386,0;61-90;Robô;Nov;8;Q4;11;55064,75
2025-11-12;CPCA;88,0;61-90;HUMANO;Nov;8;Q4;11;19061,480000000003
2025-11-12;CPCA;0,0;61-90;HUMANO;Nov;8;Q4;11;0,0
2025-11-12;CPCA;368,0;61-90;Robô;Nov;8;Q4;11;52921,56999999999
2025-11-12;PROMESSA;25,0;61-90;HUMANO;Nov;8;Q4;11;4107,36
2025-11-12;PROMESSA;0,0;61-90;HUMANO;Nov;8;Q4;11;0,0
2025-11-12;PROMESSA;70,0;61-90;Robô;Nov;8;Q4;11;9148,979999999998
2025-11-12;TRABALHADO;0,0;61-90;HUMANO;Nov;8;Q4;11;0,0
2025-11-12;TRABALHADO;5359,0;61-90;HUMANO;Nov;8;Q4;11;1204400,65
2025-11-12;TRABALHADO;12389,0;61-90;Robô;Nov;8;Q4;11;1683307,6800000002
2025-11-12;ACIONAMENTOS;319,0;91-120;HUMANO;Nov;8;Q4;11;59045,71
2025-11-12;ACIONAMENTOS;6,0;91-120;HUMANO;Nov;8;Q4;11;999,0900000000001
2025-11-12;ACIONAMENTOS;2367,0;91-120;Robô;Nov;8;Q4;11;245635,41999999998
2025-11-12;CPC;74,0;91-120;HUMANO;Nov;8;Q4;11;13606,91
2025-11-12;CPC;0,0;91-120;HUMANO;Nov;8;Q4;11;0,0
2025-11-12;CPC;469,0;91-120;Robô;Nov;8;Q4;11;48098,76
2025-11-12;CPCA;49,0;91-120;HUMANO;Nov;8;Q4;11;9328,55
2025-11-12;CPCA;0,0;91-120;HUMANO;Nov;8;Q4;11;0,0
2025-11-12;CPCA;448,0;91-120;Robô;Nov;8;Q4;11;45861,19
2025-11-12;PROMESSA;19,0;91-120;HUMANO;Nov;8;Q4;11;3814,8800000000006
2025-11-12;PROMESSA;0,0;91-120;HUMANO;Nov;8;Q4;11;0,0
2025-11-12;PROMESSA;97,0;91-120;Robô;Nov;8;Q4;11;7629,509999999999
2025-11-12;TRABALHADO;0,0;91-120;HUMANO;Nov;8;Q4;11;0,0
2025-11-12;TRABALHADO;5635,0;91-120;HUMANO;Nov;8;Q4;11;1117473,7999999998
2025-11-12;TRABALHADO;15032,0;91-120;Robô;Nov;8;Q4;11;1771044,13
2025-11-12;ACIONAMENTOS;7,0;Esforço;HUMANO;Nov;8;Q4;11;862,15
2025-11-12;ACIONAMENTOS;191,0;Esforço;HUMANO;Nov;8;Q4;11;23850,47
2025-11-12;ACIONAMENTOS;242,0;Esforço;HUMANO;Nov;8;Q4;11;47822,34000000001
2025-11-12;ACIONAMENTOS;429,0;Esforço;HUMANO;Nov;8;Q4;11;99499,43
2025-11-12;ACIONAMENTOS;357,0;Esforço;HUMANO;Nov;8;Q4;11;65960,42
2025-11-12;ACIONAMENTOS;244,0;Esforço;HUMANO;Nov;8;Q4;11;53880,48
2025-11-12;ACIONAMENTOS;268,0;Esforço;HUMANO;Nov;8;Q4;11;73907,24
2025-11-12;ACIONAMENTOS;67,0;Esforço;HUMANO;Nov;8;Q4;11;12113,549999999997
2025-11-12;ACIONAMENTOS;515,0;Esforço;HUMANO;Nov;8;Q4;11;163806,10000000003
2025-11-12;ACIONAMENTOS;2,0;Esforço;HUMANO;Nov;8;Q4;11;150,98000000000002
2025-11-12;ACIONAMENTOS;0,0;Esforço;HUMANO;Nov;8;Q4;11;0,0
2025-11-12;ACIONAMENTOS;0,0;Esforço;HUMANO;Nov;8;Q4;11;0,0
2025-11-12;ACIONAMENTOS;3,0;Esforço;HUMANO;Nov;8;Q4;11;830,96
2025-11-12;ACIONAMENTOS;35,0;Esforço;HUMANO;Nov;8;Q4;11;8752,17
2025-11-12;ACIONAMENTOS;6,0;Esforço;HUMANO;Nov;8;Q4;11;999,09
2025-11-12;ACIONAMENTOS;6,0;Esforço;HUMANO;Nov;8;Q4;11;1646,3999999999999
2025-11-12;ACIONAMENTOS;16,0;Esforço;HUMANO;Nov;8;Q4;11;4474,68
2025-11-12;ACIONAMENTOS;3,0;Esforço;HUMANO;Nov;8;Q4;11;919,4100000000001
2025-11-12;ACIONAMENTOS;11,0;Esforço;HUMANO;Nov;8;Q4;11;3260,88
2025-11-12;ACIONAMENTOS;0,0;Esforço;HUMANO;Nov;8;Q4;11;0,0
2025-11-12;ACIONAMENTOS;3,0;Esforço;Robô;Nov;8;Q4;11;361,31
2025-11-12;ACIONAMENTOS;10872,0;Esforço;Robô;Nov;8;Q4;11;416734,8
2025-11-12;ACIONAMENTOS;8617,0;Esforço;Robô;Nov;8;Q4;11;412765,04
2025-11-12;ACIONAMENTOS;3691,0;Esforço;Robô;Nov;8;Q4;11;275423,07
2025-11-12;ACIONAMENTOS;4486,0;Esforço;Robô;Nov;8;Q4;11;250276,14
2025-11-12;ACIONAMENTOS;2685,0;Esforço;Robô;Nov;8;Q4;11;195173,84999999998
2025-11-12;ACIONAMENTOS;2006,0;Esforço;Robô;Nov;8;Q4;11;210257,87
2025-11-12;ACIONAMENTOS;19,0;Esforço;Robô;Nov;8;Q4;11;2061,0200000000004
2025-11-12;ACIONAMENTOS;26,0;Esforço;Robô;Nov;8;Q4;11;10624,09
2025-11-12;ACIONAMENTOS;6,0;Esforço;Robô;Nov;8;Q4;11;186,27
2025-11-12;CPC;7,0;Esforço;HUMANO;Nov;8;Q4;11;862,15
2025-11-12;CPC;100,0;Esforço;HUMANO;Nov;8;Q4;11;9831,070000000002
2025-11-12;CPC;78,0;Esforço;HUMANO;Nov;8;Q4;11;12341,939999999997
2025-11-12;CPC;123,0;Esforço;HUMANO;Nov;8;Q4;11;25201,89
2025-11-12;CPC;77,0;Esforço;HUMANO;Nov;8;Q4;11;14456,970000000003
2025-11-12;CPC;53,0;Esforço;HUMANO;Nov;8;Q4;11;11051,539999999997
2025-11-12;CPC;67,0;Esforço;HUMANO;Nov;8;Q4;11;17410,170000000002
2025-11-12;CPC;38,0;Esforço;HUMANO;Nov;8;Q4;11;4856,4
2025-11-12;CPC;171,0;Esforço;HUMANO;Nov;8;Q4;11;50282,16
2025-11-12;CPC;0,0;Esforço;HUMANO;Nov;8;Q4;11;0,0
2025-11-12;CPC;0,0;Esforço;HUMANO;Nov;8;Q4;11;0,0
2025-11-12;CPC;0,0;Esforço;HUMANO;Nov;8;Q4;11;0,0
2025-11-12;CPC;0,0;Esforço;HUMANO;Nov;8;Q4;11;0,0
2025-11-12;CPC;0,0;Esforço;HUMANO;Nov;8;Q4;11;0,0
2025-11-12;CPC;0,0;Esforço;HUMANO;Nov;8;Q4;11;0,0
2025-11-12;CPC;0,0;Esforço;HUMANO;Nov;8;Q4;11;0,0
2025-11-12;CPC;0,0;Esforço;HUMANO;Nov;8;Q4;11;0,0
2025-11-12;CPC;0,0;Esforço;HUMANO;Nov;8;Q4;11;0,0
2025-11-12;CPC;0,0;Esforço;HUMANO;Nov;8;Q4;11;0,0
2025-11-12;CPC;0,0;Esforço;HUMANO;Nov;8;Q4;11;0,0
2025-11-12;CPC;1,0;Esforço;Robô;Nov;8;Q4;11;65,12
2025-11-12;CPC;1895,0;Esforço;Robô;Nov;8;Q4;11;119242,99999999999
2025-11-12;CPC;1363,0;Esforço;Robô;Nov;8;Q4;11;91228,9
2025-11-12;CPC;454,0;Esforço;Robô;Nov;8;Q4;11;55611,119999999995
2025-11-12;CPC;554,0;Esforço;Robô;Nov;8;Q4;11;49000,82
2025-11-12;CPC;308,0;Esforço;Robô;Nov;8;Q4;11;32661,239999999998
2025-11-12;CPC;186,0;Esforço;Robô;Nov;8;Q4;11;28987,46
2025-11-12;CPC;0,0;Esforço;Robô;Nov;8;Q4;11;0,0
2025-11-12;CPC;3,0;Esforço;Robô;Nov;8;Q4;11;461,79
2025-11-12;CPC;0,0;Esforço;Robô;Nov;8;Q4;11;0,0
2025-11-12;CPCA;5,0;Esforço;HUMANO;Nov;8;Q4;11;505,16999999999996
2025-11-12;CPCA;50,0;Esforço;HUMANO;Nov;8;Q4;11;4457,98
2025-11-12;CPCA;53,0;Esforço;HUMANO;Nov;8;Q4;11;8628,130000000001
2025-11-12;CPCA;92,0;Esforço;HUMANO;Nov;8;Q4;11;19582,27
2025-11-12;CPCA;52,0;Esforço;HUMANO;Nov;8;Q4;11;10178,610000000002
2025-11-12;CPCA;39,0;Esforço;HUMANO;Nov;8;Q4;11;7710,24
2025-11-12;CPCA;39,0;Esforço;HUMANO;Nov;8;Q4;11;9870,07
2025-11-12;CPCA;30,0;Esforço;HUMANO;Nov;8;Q4;11;3916,3600000000006
2025-11-12;CPCA;121,0;Esforço;HUMANO;Nov;8;Q4;11;37583,57
2025-11-12;CPCA;0,0;Esforço;HUMANO;Nov;8;Q4;11;0,0
2025-11-12;CPCA;0,0;Esforço;HUMANO;Nov;8;Q4;11;0,0
2025-11-12;CPCA;0,0;Esforço;HUMANO;Nov;8;Q4;11;0,0
2025-11-12;CPCA;0,0;Esforço;HUMANO;Nov;8;Q4;11;0,0
2025-11-12;CPCA;0,0;Esforço;HUMANO;Nov;8;Q4;11;0,0
2025-11-12;CPCA;0,0;Esforço;HUMANO;Nov;8;Q4;11;0,0
2025-11-12;CPCA;0,0;Esforço;HUMANO;Nov;8;Q4;11;0,0
2025-11-12;CPCA;0,0;Esforço;HUMANO;Nov;8;Q4;11;0,0
2025-11-12;CPCA;0,0;Esforço;HUMANO;Nov;8;Q4;11;0,0
2025-11-12;CPCA;0,0;Esforço;HUMANO;Nov;8;Q4;11;0,0
2025-11-12;CPCA;0,0;Esforço;HUMANO;Nov;8;Q4;11;0,0
2025-11-12;CPCA;1,0;Esforço;Robô;Nov;8;Q4;11;65,12
2025-11-12;CPCA;1818,0;Esforço;Robô;Nov;8;Q4;11;116260,81999999998
2025-11-12;CPCA;1287,0;Esforço;Robô;Nov;8;Q4;11;87888,82
2025-11-12;CPCA;427,0;Esforço;Robô;Nov;8;Q4;11;53112,08
2025-11-12;CPCA;521,0;Esforço;Robô;Nov;8;Q4;11;46664,78999999999
2025-11-12;CPCA;294,0;Esforço;Robô;Nov;8;Q4;11;31301,839999999997
2025-11-12;CPCA;174,0;Esforço;Robô;Nov;8;Q4;11;28210,6
2025-11-12;CPCA;0,0;Esforço;Robô;Nov;8;Q4;11;0,0
2025-11-12;CPCA;3,0;Esforço;Robô;Nov;8;Q4;11;461,79
2025-11-12;CPCA;0,0;Esforço;Robô;Nov;8;Q4;11;0,0
2025-11-12;PROMESSA;1,0;Esforço;HUMANO;Nov;8;Q4;11;79,9
2025-11-12;PROMESSA;37,0;Esforço;HUMANO;Nov;8;Q4;11;2471,4800000000005
2025-11-12;PROMESSA;30,0;Esforço;HUMANO;Nov;8;Q4;11;4947,680000000001
2025-11-12;PROMESSA;26,0;Esforço;HUMANO;Nov;8;Q4;11;4137,259999999999
2025-11-12;PROMESSA;21,0;Esforço;HUMANO;Nov;8;Q4;11;4426,22
2025-11-12;PROMESSA;20,0;Esforço;HUMANO;Nov;8;Q4;11;3611,0900000000006
2025-11-12;PROMESSA;14,0;Esforço;HUMANO;Nov;8;Q4;11;3028,3200000000006
2025-11-12;PROMESSA;20,0;Esforço;HUMANO;Nov;8;Q4;11;2198,3400000000006
2025-11-12;PROMESSA;63,0;Esforço;HUMANO;Nov;8;Q4;11;12569,89
2025-11-12;PROMESSA;0,0;Esforço;HUMANO;Nov;8;Q4;11;0,0
2025-11-12;PROMESSA;0,0;Esforço;HUMANO;Nov;8;Q4;11;0,0
2025-11-12;PROMESSA;0,0;Esforço;HUMANO;Nov;8;Q4;11;0,0
2025-11-12;PROMESSA;0,0;Esforço;HUMANO;Nov;8;Q4;11;0,0
2025-11-12;PROMESSA;0,0;Esforço;HUMANO;Nov;8;Q4;11;0,0
2025-11-12;PROMESSA;0,0;Esforço;HUMANO;Nov;8;Q4;11;0,0
2025-11-12;PROMESSA;0,0;Esforço;HUMANO;Nov;8;Q4;11;0,0
2025-11-12;PROMESSA;0,0;Esforço;HUMANO;Nov;8;Q4;11;0,0
2025-11-12;PROMESSA;0,0;Esforço;HUMANO;Nov;8;Q4;11;0,0
2025-11-12;PROMESSA;0,0;Esforço;HUMANO;Nov;8;Q4;11;0,0
2025-11-12;PROMESSA;0,0;Esforço;HUMANO;Nov;8;Q4;11;0,0
2025-11-12;PROMESSA;0,0;Esforço;Robô;Nov;8;Q4;11;0,0
2025-11-12;PROMESSA;416,0;Esforço;Robô;Nov;8;Q4;11;25173,739999999998
2025-11-12;PROMESSA;248,0;Esforço;Robô;Nov;8;Q4;11;18346,510000000002
2025-11-12;PROMESSA;71,0;Esforço;Robô;Nov;8;Q4;11;9408,779999999997
2025-11-12;PROMESSA;97,0;Esforço;Robô;Nov;8;Q4;11;7629,509999999999
2025-11-12;PROMESSA;52,0;Esforço;Robô;Nov;8;Q4;11;4642,079999999999
2025-11-12;PROMESSA;27,0;Esforço;Robô;Nov;8;Q4;11;3069,3299999999995
2025-11-12;PROMESSA;0,0;Esforço;Robô;Nov;8;Q4;11;0,0
2025-11-12;PROMESSA;0,0;Esforço;Robô;Nov;8;Q4;11;0,0
2025-11-12;PROMESSA;0,0;Esforço;Robô;Nov;8;Q4;11;0,0
2025-11-12;TRABALHADO;0,0;Esforço;HUMANO;Nov;8;Q4;11;0,0
2025-11-12;TRABALHADO;0,0;Esforço;HUMANO;Nov;8;Q4;11;0,0
2025-11-12;TRABALHADO;0,0;Esforço;HUMANO;Nov;8;Q4;11;0,0
2025-11-12;TRABALHADO;0,0;Esforço;HUMANO;Nov;8;Q4;11;0,0
2025-11-12;TRABALHADO;0,0;Esforço;HUMANO;Nov;8;Q4;11;0,0
2025-11-12;TRABALHADO;0,0;Esforço;HUMANO;Nov;8;Q4;11;0,0
2025-11-12;TRABALHADO;0,0;Esforço;HUMANO;Nov;8;Q4;11;0,0
2025-11-12;TRABALHADO;0,0;Esforço;HUMANO;Nov;8;Q4;11;0,0
2025-11-12;TRABALHADO;0,0;Esforço;HUMANO;Nov;8;Q4;11;0,0
2025-11-12;TRABALHADO;0,0;Esforço;HUMANO;Nov;8;Q4;11;0,0
2025-11-12;TRABALHADO;1,0;Esforço;HUMANO;Nov;8;Q4;11;79,9
2025-11-12;TRABALHADO;5459,0;Esforço;HUMANO;Nov;8;Q4;11;1056830,47
2025-11-12;TRABALHADO;15753,0;Esforço;HUMANO;Nov;8;Q4;11;3299077,6
2025-11-12;TRABALHADO;33792,0;Esforço;HUMANO;Nov;8;Q4;11;7783759,550000001
2025-11-12;TRABALHADO;28314,0;Esforço;HUMANO;Nov;8;Q4;11;5257326,64
2025-11-12;TRABALHADO;21684,0;Esforço;HUMANO;Nov;8;Q4;11;4861323,24
2025-11-12;TRABALHADO;25300,0;Esforço;HUMANO;Nov;8;Q4;11;7322799,260000001
2025-11-12;TRABALHADO;29309,0;Esforço;HUMANO;Nov;8;Q4;11;5918984,16
2025-11-12;TRABALHADO;116218,0;Esforço;HUMANO;Nov;8;Q4;11;54005398,400000006
2025-11-12;TRABALHADO;949,0;Esforço;HUMANO;Nov;8;Q4;11;243895,82
2025-11-12;TRABALHADO;33,0;Esforço;Robô;Nov;8;Q4;11;252,03
2025-11-12;TRABALHADO;937661,0;Esforço;Robô;Nov;8;Q4;11;601915,59
2025-11-12;TRABALHADO;745886,0;Esforço;Robô;Nov;8;Q4;11;718436,47
2025-11-12;TRABALHADO;443522,0;Esforço;Robô;Nov;8;Q4;11;701300,02
2025-11-12;TRABALHADO;482817,0;Esforço;Robô;Nov;8;Q4;11;750671,74
2025-11-12;TRABALHADO;323208,0;Esforço;Robô;Nov;8;Q4;11;323515,24000000005
2025-11-12;TRABALHADO;219184,0;Esforço;Robô;Nov;8;Q4;11;505654,44
2025-11-12;TRABALHADO;1475,0;Esforço;Robô;Nov;8;Q4;11;4695,389999999998
2025-11-12;TRABALHADO;4796,0;Esforço;Robô;Nov;8;Q4;11;95146,86000000002
2025-11-12;TRABALHADO;675,0;Esforço;Robô;Nov;8;Q4;11;5244,07
2025-11-12;ACIONAMENTOS;2,0;Maior 720;HUMANO;Nov;8;Q4;11;150,98000000000002
2025-11-12;ACIONAMENTOS;0,0;Maior 720;HUMANO;Nov;8;Q4;11;0,0
2025-11-12;ACIONAMENTOS;4,0;Maior 720;Robô;Nov;8;Q4;11;170,47
2025-11-12;CPC;0,0;Maior 720;HUMANO;Nov;8;Q4;11;0,0
2025-11-12;CPC;0,0;Maior 720;HUMANO;Nov;8;Q4;11;0,0
2025-11-12;CPC;0,0;Maior 720;Robô;Nov;8;Q4;11;0,0
2025-11-12;CPCA;0,0;Maior 720;HUMANO;Nov;8;Q4;11;0,0
2025-11-12;CPCA;0,0;Maior 720;HUMANO;Nov;8;Q4;11;0,0
2025-11-12;CPCA;0,0;Maior 720;Robô;Nov;8;Q4;11;0,0
2025-11-12;PROMESSA;0,0;Maior 720;HUMANO;Nov;8;Q4;11;0,0
2025-11-12;PROMESSA;0,0;Maior 720;HUMANO;Nov;8;Q4;11;0,0
2025-11-12;PROMESSA;0,0;Maior 720;Robô;Nov;8;Q4;11;0,0
2025-11-12;TRABALHADO;0,0;Maior 720;HUMANO;Nov;8;Q4;11;0,0
2025-11-12;TRABALHADO;856,0;Maior 720;HUMANO;Nov;8;Q4;11;222251,30000000002
2025-11-12;TRABALHADO;33,0;Maior 720;Robô;Nov;8;Q4;11;8506,32
2025-11-12;ACIONAMENTOS;6,0;Preventivo;HUMANO;Nov;8;Q4;11;782,25
2025-11-12;ACIONAMENTOS;0,0;Preventivo;HUMANO;Nov;8;Q4;11;0,0
2025-11-12;ACIONAMENTOS;3,0;Preventivo;Robô;Nov;8;Q4;11;361,31
2025-11-12;CPC;6,0;Preventivo;HUMANO;Nov;8;Q4;11;782,25
2025-11-12;CPC;0,0;Preventivo;HUMANO;Nov;8;Q4;11;0,0
2025-11-12;CPC;1,0;Preventivo;Robô;Nov;8;Q4;11;65,12
2025-11-12;CPCA;4,0;Preventivo;HUMANO;Nov;8;Q4;11;425,27
2025-11-12;CPCA;0,0;Preventivo;HUMANO;Nov;8;Q4;11;0,0
2025-11-12;CPCA;1,0;Preventivo;Robô;Nov;8;Q4;11;65,12
2025-11-12;PROMESSA;1,0;Preventivo;HUMANO;Nov;8;Q4;11;79,9
2025-11-12;PROMESSA;0,0;Preventivo;HUMANO;Nov;8;Q4;11;0,0
2025-11-12;PROMESSA;0,0;Preventivo;Robô;Nov;8;Q4;11;0,0
2025-11-12;TRABALHADO;0,0;Preventivo;HUMANO;Nov;8;Q4;11;0,0
2025-11-12;TRABALHADO;1,0;Preventivo;HUMANO;Nov;8;Q4;11;79,9
2025-11-12;TRABALHADO;8,0;Preventivo;Robô;Nov;8;Q4;11;1363,8400000000001
2025-11-12;ACIONAMENTOS;5,0;Unique;HUMANO;Nov;8;Q4;11;490,39
2025-11-12;ACIONAMENTOS;165,0;Unique;HUMANO;Nov;8;Q4;11;19544,46
2025-11-12;ACIONAMENTOS;197,0;Unique;HUMANO;Nov;8;Q4;11;40081,869999999995
2025-11-12;ACIONAMENTOS;348,0;Unique;HUMANO;Nov;8;Q4;11;81051,14
2025-11-12;ACIONAMENTOS;292,0;Unique;HUMANO;Nov;8;Q4;11;53335,45999999999
2025-11-12;ACIONAMENTOS;182,0;Unique;HUMANO;Nov;8;Q4;11;41347,259999999995
2025-11-12;ACIONAMENTOS;233,0;Unique;HUMANO;Nov;8;Q4;11;64139,18000000001
2025-11-12;ACIONAMENTOS;65,0;Unique;HUMANO;Nov;8;Q4;11;11638,449999999999
2025-11-12;ACIONAMENTOS;409,0;Unique;HUMANO;Nov;8;Q4;11;142564,26
2025-11-12;ACIONAMENTOS;2,0;Unique;HUMANO;Nov;8;Q4;11;150,98000000000002
2025-11-12;ACIONAMENTOS;0,0;Unique;HUMANO;Nov;8;Q4;11;0,0
2025-11-12;ACIONAMENTOS;0,0;Unique;HUMANO;Nov;8;Q4;11;0,0
2025-11-12;ACIONAMENTOS;3,0;Unique;HUMANO;Nov;8;Q4;11;830,9599999999999
2025-11-12;ACIONAMENTOS;35,0;Unique;HUMANO;Nov;8;Q4;11;8752,170000000002
2025-11-12;ACIONAMENTOS;6,0;Unique;HUMANO;Nov;8;Q4;11;999,0900000000001
2025-11-12;ACIONAMENTOS;6,0;Unique;HUMANO;Nov;8;Q4;11;1646,3999999999999
2025-11-12;ACIONAMENTOS;16,0;Unique;HUMANO;Nov;8;Q4;11;4474,68
2025-11-12;ACIONAMENTOS;3,0;Unique;HUMANO;Nov;8;Q4;11;919,4100000000001
2025-11-12;ACIONAMENTOS;11,0;Unique;HUMANO;Nov;8;Q4;11;3260,88
2025-11-12;ACIONAMENTOS;0,0;Unique;HUMANO;Nov;8;Q4;11;0,0
2025-11-12;ACIONAMENTOS;1,0;Unique;Robô;Nov;8;Q4;11;65,12
2025-11-12;ACIONAMENTOS;2212,0;Unique;Robô;Nov;8;Q4;11;160242,34999999998
2025-11-12;ACIONAMENTOS;1211,0;Unique;Robô;Nov;8;Q4;11;110690,24
2025-11-12;ACIONAMENTOS;591,0;Unique;Robô;Nov;8;Q4;11;98565,66
2025-11-12;ACIONAMENTOS;674,0;Unique;Robô;Nov;8;Q4;11;75345,68000000001
2025-11-12;ACIONAMENTOS;374,0;Unique;Robô;Nov;8;Q4;11;57515,9
2025-11-12;ACIONAMENTOS;378,0;Unique;Robô;Nov;8;Q4;11;84360,64000000001
2025-11-12;ACIONAMENTOS;3,0;Unique;Robô;Nov;8;Q4;11;149,6
2025-11-12;ACIONAMENTOS;8,0;Unique;Robô;Nov;8;Q4;11;3770,29
2025-11-12;ACIONAMENTOS;4,0;Unique;Robô;Nov;8;Q4;11;170,47
2025-11-12;CPC;5,0;Unique;HUMANO;Nov;8;Q4;11;490,39
2025-11-12;CPC;90,0;Unique;HUMANO;Nov;8;Q4;11;8601,639999999998
2025-11-12;CPC;70,0;Unique;HUMANO;Nov;8;Q4;11;11291,179999999998
2025-11-12;CPC;114,0;Unique;HUMANO;Nov;8;Q4;11;23969,039999999997
2025-11-12;CPC;72,0;Unique;HUMANO;Nov;8;Q4;11;13272,989999999998
2025-11-12;CPC;51,0;Unique;HUMANO;Nov;8;Q4;11;10734,969999999998
2025-11-12;CPC;66,0;Unique;HUMANO;Nov;8;Q4;11;17206,469999999998
2025-11-12;CPC;37,0;Unique;HUMANO;Nov;8;Q4;11;4620,999999999998
2025-11-12;CPC;160,0;Unique;HUMANO;Nov;8;Q4;11;48728,69
2025-11-12;CPC;0,0;Unique;HUMANO;Nov;8;Q4;11;0,0
2025-11-12;CPC;0,0;Unique;HUMANO;Nov;8;Q4;11;0,0
2025-11-12;CPC;0,0;Unique;HUMANO;Nov;8;Q4;11;0,0
2025-11-12;CPC;0,0;Unique;HUMANO;Nov;8;Q4;11;0,0
2025-11-12;CPC;0,0;Unique;HUMANO;Nov;8;Q4;11;0,0
2025-11-12;CPC;0,0;Unique;HUMANO;Nov;8;Q4;11;0,0
2025-11-12;CPC;0,0;Unique;HUMANO;Nov;8;Q4;11;0,0
2025-11-12;CPC;0,0;Unique;HUMANO;Nov;8;Q4;11;0,0
2025-11-12;CPC;0,0;Unique;HUMANO;Nov;8;Q4;11;0,0
2025-11-12;CPC;0,0;Unique;HUMANO;Nov;8;Q4;11;0,0
2025-11-12;CPC;0,0;Unique;HUMANO;Nov;8;Q4;11;0,0
2025-11-12;CPC;1,0;Unique;Robô;Nov;8;Q4;11;65,12
2025-11-12;CPC;1459,0;Unique;Robô;Nov;8;Q4;11;106793,01
2025-11-12;CPC;976,0;Unique;Robô;Nov;8;Q4;11;81612,56
2025-11-12;CPC;340,0;Unique;Robô;Nov;8;Q4;11;49718,53
2025-11-12;CPC;429,0;Unique;Robô;Nov;8;Q4;11;43918,649999999994
2025-11-12;CPC;237,0;Unique;Robô;Nov;8;Q4;11;29391,64
2025-11-12;CPC;160,0;Unique;Robô;Nov;8;Q4;11;28844,49
2025-11-12;CPC;0,0;Unique;Robô;Nov;8;Q4;11;0,0
2025-11-12;CPC;1,0;Unique;Robô;Nov;8;Q4;11;461,79
2025-11-12;CPC;0,0;Unique;Robô;Nov;8;Q4;11;0,0
2025-11-12;CPCA;4,0;Unique;HUMANO;Nov;8;Q4;11;425,27
2025-11-12;CPCA;46,0;Unique;HUMANO;Nov;8;Q4;11;4306,34
2025-11-12;CPCA;48,0;Unique;HUMANO;Nov;8;Q4;11;7956,7699999999995
2025-11-12;CPCA;88,0;Unique;HUMANO;Nov;8;Q4;11;19061,480000000003
2025-11-12;CPCA;48,0;Unique;HUMANO;Nov;8;Q4;11;9154,43
2025-11-12;CPCA;38,0;Unique;HUMANO;Nov;8;Q4;11;7553,1100000000015
2025-11-12;CPCA;39,0;Unique;HUMANO;Nov;8;Q4;11;9870,069999999998
2025-11-12;CPCA;30,0;Unique;HUMANO;Nov;8;Q4;11;3916,36
2025-11-12;CPCA;116,0;Unique;HUMANO;Nov;8;Q4;11;37123,130000000005
2025-11-12;CPCA;0,0;Unique;HUMANO;Nov;8;Q4;11;0,0
2025-11-12;CPCA;0,0;Unique;HUMANO;Nov;8;Q4;11;0,0
2025-11-12;CPCA;0,0;Unique;HUMANO;Nov;8;Q4;11;0,0
2025-11-12;CPCA;0,0;Unique;HUMANO;Nov;8;Q4;11;0,0
2025-11-12;CPCA;0,0;Unique;HUMANO;Nov;8;Q4;11;0,0
2025-11-12;CPCA;0,0;Unique;HUMANO;Nov;8;Q4;11;0,0
2025-11-12;CPCA;0,0;Unique;HUMANO;Nov;8;Q4;11;0,0
2025-11-12;CPCA;0,0;Unique;HUMANO;Nov;8;Q4;11;0,0
2025-11-12;CPCA;0,0;Unique;HUMANO;Nov;8;Q4;11;0,0
2025-11-12;CPCA;0,0;Unique;HUMANO;Nov;8;Q4;11;0,0
2025-11-12;CPCA;0,0;Unique;HUMANO;Nov;8;Q4;11;0,0
2025-11-12;CPCA;1,0;Unique;Robô;Nov;8;Q4;11;65,12
2025-11-12;CPCA;1443,0;Unique;Robô;Nov;8;Q4;11;105753,76
2025-11-12;CPCA;965,0;Unique;Robô;Nov;8;Q4;11;80529,78
2025-11-12;CPCA;335,0;Unique;Robô;Nov;8;Q4;11;48908,700000000004
2025-11-12;CPCA;422,0;Unique;Robô;Nov;8;Q4;11;42945,78
2025-11-12;CPCA;234,0;Unique;Robô;Nov;8;Q4;11;29105,12
2025-11-12;CPCA;156,0;Unique;Robô;Nov;8;Q4;11;27847,829999999998
2025-11-12;CPCA;0,0;Unique;Robô;Nov;8;Q4;11;0,0
2025-11-12;CPCA;1,0;Unique;Robô;Nov;8;Q4;11;461,79
2025-11-12;CPCA;0,0;Unique;Robô;Nov;8;Q4;11;0,0
2025-11-12;PROMESSA;1,0;Unique;HUMANO;Nov;8;Q4;11;79,9
2025-11-12;PROMESSA;34,0;Unique;HUMANO;Nov;8;Q4;11;2349,74
2025-11-12;PROMESSA;28,0;Unique;HUMANO;Nov;8;Q4;11;4540,96
2025-11-12;PROMESSA;25,0;Unique;HUMANO;Nov;8;Q4;11;4107,36
2025-11-12;PROMESSA;19,0;Unique;HUMANO;Nov;8;Q4;11;3814,8800000000006
2025-11-12;PROMESSA;20,0;Unique;HUMANO;Nov;8;Q4;11;3611,0900000000006
2025-11-12;PROMESSA;14,0;Unique;HUMANO;Nov;8;Q4;11;3028,32
2025-11-12;PROMESSA;20,0;Unique;HUMANO;Nov;8;Q4;11;2198,34
2025-11-12;PROMESSA;60,0;Unique;HUMANO;Nov;8;Q4;11;12388,279999999999
2025-11-12;PROMESSA;0,0;Unique;HUMANO;Nov;8;Q4;11;0,0
2025-11-12;PROMESSA;0,0;Unique;HUMANO;Nov;8;Q4;11;0,0
2025-11-12;PROMESSA;0,0;Unique;HUMANO;Nov;8;Q4;11;0,0
2025-11-12;PROMESSA;0,0;Unique;HUMANO;Nov;8;Q4;11;0,0
2025-11-12;PROMESSA;0,0;Unique;HUMANO;Nov;8;Q4;11;0,0
2025-11-12;PROMESSA;0,0;Unique;HUMANO;Nov;8;Q4;11;0,0
2025-11-12;PROMESSA;0,0;Unique;HUMANO;Nov;8;Q4;11;0,0
2025-11-12;PROMESSA;0,0;Unique;HUMANO;Nov;8;Q4;11;0,0
2025-11-12;PROMESSA;0,0;Unique;HUMANO;Nov;8;Q4;11;0,0
2025-11-12;PROMESSA;0,0;Unique;HUMANO;Nov;8;Q4;11;0,0
2025-11-12;PROMESSA;0,0;Unique;HUMANO;Nov;8;Q4;11;0,0
2025-11-12;PROMESSA;0,0;Unique;Robô;Nov;8;Q4;11;0,0
2025-11-12;PROMESSA;415,0;Unique;Robô;Nov;8;Q4;11;25093,839999999997
2025-11-12;PROMESSA;242,0;Unique;Robô;Nov;8;Q4;11;18006,809999999998
2025-11-12;PROMESSA;69,0;Unique;Robô;Nov;8;Q4;11;8889,179999999998
2025-11-12;PROMESSA;96,0;Unique;Robô;Nov;8;Q4;11;7528,909999999999
2025-11-12;PROMESSA;50,0;Unique;Robô;Nov;8;Q4;11;4712,78
2025-11-12;PROMESSA;27,0;Unique;Robô;Nov;8;Q4;11;3069,33
2025-11-12;PROMESSA;0,0;Unique;Robô;Nov;8;Q4;11;0,0
2025-11-12;PROMESSA;0,0;Unique;Robô;Nov;8;Q4;11;0,0
2025-11-12;PROMESSA;0,0;Unique;Robô;Nov;8;Q4;11;0,0
2025-11-12;TRABALHADO;0,0;Unique;HUMANO;Nov;8;Q4;11;0,0
2025-11-12;TRABALHADO;0,0;Unique;HUMANO;Nov;8;Q4;11;0,0
2025-11-12;TRABALHADO;0,0;Unique;HUMANO;Nov;8;Q4;11;0,0
2025-11-12;TRABALHADO;0,0;Unique;HUMANO;Nov;8;Q4;11;0,0
2025-11-12;TRABALHADO;0,0;Unique;HUMANO;Nov;8;Q4;11;0,0
2025-11-12;TRABALHADO;0,0;Unique;HUMANO;Nov;8;Q4;11;0,0
2025-11-12;TRABALHADO;0,0;Unique;HUMANO;Nov;8;Q4;11;0,0
2025-11-12;TRABALHADO;0,0;Unique;HUMANO;Nov;8;Q4;11;0,0
2025-11-12;TRABALHADO;0,0;Unique;HUMANO;Nov;8;Q4;11;0,0
2025-11-12;TRABALHADO;0,0;Unique;HUMANO;Nov;8;Q4;11;0,0
2025-11-12;TRABALHADO;0,0;Unique;HUMANO;Nov;8;Q4;11;0,0
2025-11-12;TRABALHADO;1840,0;Unique;HUMANO;Nov;8;Q4;11;313215,46
2025-11-12;TRABALHADO;1904,0;Unique;HUMANO;Nov;8;Q4;11;409702,65
2025-11-12;TRABALHADO;4576,0;Unique;HUMANO;Nov;8;Q4;11;1044570,99
2025-11-12;TRABALHADO;3072,0;Unique;HUMANO;Nov;8;Q4;11;603470,4800000001
2025-11-12;TRABALHADO;2361,0;Unique;HUMANO;Nov;8;Q4;11;627806,41
2025-11-12;TRABALHADO;2538,0;Unique;HUMANO;Nov;8;Q4;11;747821,9500000001
2025-11-12;TRABALHADO;15680,0;Unique;HUMANO;Nov;8;Q4;11;3070863,3100000005
2025-11-12;TRABALHADO;22583,0;Unique;HUMANO;Nov;8;Q4;11;10152676,63
2025-11-12;TRABALHADO;856,0;Unique;HUMANO;Nov;8;Q4;11;222251,30000000002
2025-11-12;TRABALHADO;1,0;Unique;Robô;Nov;8;Q4;11;65,12
2025-11-12;TRABALHADO;23662,0;Unique;Robô;Nov;8;Q4;11;1510091,9899999998
2025-11-12;TRABALHADO;7719,0;Unique;Robô;Nov;8;Q4;11;823818,8700000001
2025-11-12;TRABALHADO;7440,0;Unique;Robô;Nov;8;Q4;11;1208363,17
2025-11-12;TRABALHADO;9390,0;Unique;Robô;Nov;8;Q4;11;1010368,9899999999
2025-11-12;TRABALHADO;4136,0;Unique;Robô;Nov;8;Q4;11;736119,1400000001
2025-11-12;TRABALHADO;4711,0;Unique;Robô;Nov;8;Q4;11;1044754,5499999999
2025-11-12;TRABALHADO;48,0;Unique;Robô;Nov;8;Q4;11;7861,1
2025-11-12;TRABALHADO;209,0;Unique;Robô;Nov;8;Q4;11;89059,78
2025-11-12;TRABALHADO;30,0;Unique;Robô;Nov;8;Q4;11;8107,63
2025-11-13;ACIONAMENTOS;177,0;0-30;HUMANO;Nov;9;Q4;11;22313,4
2025-11-13;ACIONAMENTOS;0,0;0-30;HUMANO;Nov;9;Q4;11;0,0
2025-11-13;ACIONAMENTOS;5441,0;0-30;Robô;Nov;9;Q4;11;365269,05999999994
2025-11-13;CPC;97,0;0-30;HUMANO;Nov;9;Q4;11;10178,93
2025-11-13;CPC;0,0;0-30;HUMANO;Nov;9;Q4;11;0,0
2025-11-13;CPC;1607,0;0-30;Robô;Nov;9;Q4;11;117784,66999999998
2025-11-13;CPCA;47,0;0-30;HUMANO;Nov;9;Q4;11;4336,240000000001
2025-11-13;CPCA;0,0;0-30;HUMANO;Nov;9;Q4;11;0,0
2025-11-13;CPCA;1555,0;0-30;Robô;Nov;9;Q4;11;114954,54
2025-11-13;PROMESSA;34,0;0-30;HUMANO;Nov;9;Q4;11;2349,74
2025-11-13;PROMESSA;0,0;0-30;HUMANO;Nov;9;Q4;11;0,0
2025-11-13;PROMESSA;415,0;0-30;Robô;Nov;9;Q4;11;25093,839999999997
2025-11-13;TRABALHADO;0,0;0-30;HUMANO;Nov;9;Q4;11;0,0
2025-11-13;TRABALHADO;2047,0;0-30;HUMANO;Nov;9;Q4;11;356835,29000000004
2025-11-13;TRABALHADO;25194,0;0-30;Robô;Nov;9;Q4;11;1701473,6199999999
2025-11-13;ACIONAMENTOS;234,0;121-150;HUMANO;Nov;9;Q4;11;50505,97
2025-11-13;ACIONAMENTOS;6,0;121-150;HUMANO;Nov;9;Q4;11;1646,3999999999999
2025-11-13;ACIONAMENTOS;1525,0;121-150;Robô;Nov;9;Q4;11;199143,92
2025-11-13;CPC;57,0;121-150;HUMANO;Nov;9;Q4;11;11731,64
2025-11-13;CPC;0,0;121-150;HUMANO;Nov;9;Q4;11;0,0
2025-11-13;CPC;264,0;121-150;Robô;Nov;9;Q4;11;32347,55
2025-11-13;CPCA;38,0;121-150;HUMANO;Nov;9;Q4;11;7553,1100000000015
2025-11-13;CPCA;0,0;121-150;HUMANO;Nov;9;Q4;11;0,0
2025-11-13;CPCA;254,0;121-150;Robô;Nov;9;Q4;11;30981,809999999998
2025-11-13;PROMESSA;20,0;121-150;HUMANO;Nov;9;Q4;11;3611,0900000000006
2025-11-13;PROMESSA;0,0;121-150;HUMANO;Nov;9;Q4;11;0,0
2025-11-13;PROMESSA;51,0;121-150;Robô;Nov;9;Q4;11;4742,68
2025-11-13;TRABALHADO;0,0;121-150;HUMANO;Nov;9;Q4;11;0,0
2025-11-13;TRABALHADO;4927,0;121-150;HUMANO;Nov;9;Q4;11;1113570,6
2025-11-13;TRABALHADO;12885,0;121-150;Robô;Nov;9;Q4;11;1900274,05
2025-11-13;ACIONAMENTOS;262,0;151-180;HUMANO;Nov;9;Q4;11;71869,44
2025-11-13;ACIONAMENTOS;16,0;151-180;HUMANO;Nov;9;Q4;11;4474,68
2025-11-13;ACIONAMENTOS;1050,0;151-180;Robô;Nov;9;Q4;11;208351,24000000002
2025-11-13;CPC;69,0;151-180;HUMANO;Nov;9;Q4;11;17711,77
2025-11-13;CPC;0,0;151-180;HUMANO;Nov;9;Q4;11;0,0
2025-11-13;CPC;166,0;151-180;Robô;Nov;9;Q4;11;29955,82
2025-11-13;CPCA;41,0;151-180;HUMANO;Nov;9;Q4;11;10171,669999999998
2025-11-13;CPCA;0,0;151-180;HUMANO;Nov;9;Q4;11;0,0
2025-11-13;CPCA;159,0;151-180;Robô;Nov;9;Q4;11;28542,699999999997
2025-11-13;PROMESSA;15,0;151-180;HUMANO;Nov;9;Q4;11;3170,1200000000003
2025-11-13;PROMESSA;0,0;151-180;HUMANO;Nov;9;Q4;11;0,0
2025-11-13;PROMESSA;27,0;151-180;Robô;Nov;9;Q4;11;3069,33
2025-11-13;TRABALHADO;0,0;151-180;HUMANO;Nov;9;Q4;11;0,0
2025-11-13;TRABALHADO;4311,0;151-180;HUMANO;Nov;9;Q4;11;1214864,5699999998
2025-11-13;TRABALHADO;7256,0;151-180;Robô;Nov;9;Q4;11;1467125,46
2025-11-13;ACIONAMENTOS;98,0;181-360;HUMANO;Nov;9;Q4;11;16063,030000000002
2025-11-13;ACIONAMENTOS;3,0;181-360;HUMANO;Nov;9;Q4;11;919,4100000000001
2025-11-13;ACIONAMENTOS;7,0;181-360;Robô;Nov;9;Q4;11;573,22
2025-11-13;CPC;50,0;181-360;HUMANO;Nov;9;Q4;11;6706,32
2025-11-13;CPC;0,0;181-360;HUMANO;Nov;9;Q4;11;0,0
2025-11-13;CPC;0,0;181-360;Robô;Nov;9;Q4;11;0,0
2025-11-13;CPCA;39,0;181-360;HUMANO;Nov;9;Q4;11;5331,809999999998
2025-11-13;CPCA;0,0;181-360;HUMANO;Nov;9;Q4;11;0,0
2025-11-13;CPCA;0,0;181-360;Robô;Nov;9;Q4;11;0,0
2025-11-13;PROMESSA;23,0;181-360;HUMANO;Nov;9;Q4;11;2473,7900000000004
2025-11-13;PROMESSA;0,0;181-360;HUMANO;Nov;9;Q4;11;0,0
2025-11-13;PROMESSA;0,0;181-360;Robô;Nov;9;Q4;11;0,0
2025-11-13;TRABALHADO;0,0;181-360;HUMANO;Nov;9;Q4;11;0,0
2025-11-13;TRABALHADO;16386,0;181-360;HUMANO;Nov;9;Q4;11;3234217,45
2025-11-13;TRABALHADO;64,0;181-360;Robô;Nov;9;Q4;11;11531,23
2025-11-13;ACIONAMENTOS;230,0;31-60;HUMANO;Nov;9;Q4;11;44532,37000000001
2025-11-13;ACIONAMENTOS;3,0;31-60;HUMANO;Nov;9;Q4;11;830,9599999999999
2025-11-13;ACIONAMENTOS;4611,0;31-60;Robô;Nov;9;Q4;11;361776,19999999995
2025-11-13;CPC;82,0;31-60;HUMANO;Nov;9;Q4;11;12360,279999999999
2025-11-13;CPC;0,0;31-60;HUMANO;Nov;9;Q4;11;0,0
2025-11-13;CPC;1081,0;31-60;Robô;Nov;9;Q4;11;89690,03000000001
2025-11-13;CPCA;52,0;31-60;HUMANO;Nov;9;Q4;11;8256,27
2025-11-13;CPCA;0,0;31-60;HUMANO;Nov;9;Q4;11;0,0
2025-11-13;CPCA;1045,0;31-60;Robô;Nov;9;Q4;11;86741,4
2025-11-13;PROMESSA;30,0;31-60;HUMANO;Nov;9;Q4;11;4730,660000000001
2025-11-13;PROMESSA;0,0;31-60;HUMANO;Nov;9;Q4;11;0,0
2025-11-13;PROMESSA;242,0;31-60;Robô;Nov;9;Q4;11;18006,809999999998
2025-11-13;TRABALHADO;0,0;31-60;HUMANO;Nov;9;Q4;11;0,0
2025-11-13;TRABALHADO;2737,0;31-60;HUMANO;Nov;9;Q4;11;587413,52
2025-11-13;TRABALHADO;25871,0;31-60;Robô;Nov;9;Q4;11;1991384,88
2025-11-13;ACIONAMENTOS;503,0;361-720;HUMANO;Nov;9;Q4;11;173534,44999999998
2025-11-13;ACIONAMENTOS;12,0;361-720;HUMANO;Nov;9;Q4;11;3290,78
2025-11-13;ACIONAMENTOS;19,0;361-720;Robô;Nov;9;Q4;11;8861,49
2025-11-13;CPC;190,0;361-720;HUMANO;Nov;9;Q4;11;56081,130000000005
2025-11-13;CPC;0,0;361-720;HUMANO;Nov;9;Q4;11;0,0
2025-11-13;CPC;1,0;361-720;Robô;Nov;9;Q4;11;461,79
2025-11-13;CPCA;145,0;361-720;HUMANO;Nov;9;Q4;11;44261,1
2025-11-13;CPCA;0,0;361-720;HUMANO;Nov;9;Q4;11;0,0
2025-11-13;CPCA;1,0;361-720;Robô;Nov;9;Q4;11;461,79
2025-11-13;PROMESSA;77,0;361-720;HUMANO;Nov;9;Q4;11;16849,700000000004
2025-11-13;PROMESSA;0,0;361-720;HUMANO;Nov;9;Q4;11;0,0
2025-11-13;PROMESSA;0,0;361-720;Robô;Nov;9;Q4;11;0,0
2025-11-13;TRABALHADO;0,0;361-720;HUMANO;Nov;9;Q4;11;0,0
2025-11-13;TRABALHADO;22986,0;361-720;HUMANO;Nov;9;Q4;11;10180956,37
2025-11-13;TRABALHADO;216,0;361-720;Robô;Nov;9;Q4;11;89902,6
2025-11-13;ACIONAMENTOS;386,0;61-90;HUMANO;Nov;9;Q4;11;89219,66
2025-11-13;ACIONAMENTOS;36,0;61-90;HUMANO;Nov;9;Q4;11;9065,430000000002
2025-11-13;ACIONAMENTOS;1853,0;61-90;Robô;Nov;9;Q4;11;262718,87
2025-11-13;CPC;125,0;61-90;HUMANO;Nov;9;Q4;11;25791,37
2025-11-13;CPC;0,0;61-90;HUMANO;Nov;9;Q4;11;0,0
2025-11-13;CPC;387,0;61-90;Robô;Nov;9;Q4;11;55114,899999999994
2025-11-13;CPCA;94,0;61-90;HUMANO;Nov;9;Q4;11;20330,289999999997
2025-11-13;CPCA;0,0;61-90;HUMANO;Nov;9;Q4;11;0,0
2025-11-13;CPCA;369,0;61-90;Robô;Nov;9;Q4;11;52971,72
2025-11-13;PROMESSA;26,0;61-90;HUMANO;Nov;9;Q4;11;4167,16
2025-11-13;PROMESSA;0,0;61-90;HUMANO;Nov;9;Q4;11;0,0
2025-11-13;PROMESSA;70,0;61-90;Robô;Nov;9;Q4;11;9148,979999999998
2025-11-13;TRABALHADO;0,0;61-90;HUMANO;Nov;9;Q4;11;0,0
2025-11-13;TRABALHADO;5374,0;61-90;HUMANO;Nov;9;Q4;11;1208984,4400000002
2025-11-13;TRABALHADO;12392,0;61-90;Robô;Nov;9;Q4;11;1683655,63
2025-11-13;ACIONAMENTOS;331,0;91-120;HUMANO;Nov;9;Q4;11;61636,97
2025-11-13;ACIONAMENTOS;6,0;91-120;HUMANO;Nov;9;Q4;11;999,0900000000001
2025-11-13;ACIONAMENTOS;2367,0;91-120;Robô;Nov;9;Q4;11;245635,41999999998
2025-11-13;CPC;79,0;91-120;HUMANO;Nov;9;Q4;11;14721,779999999995
2025-11-13;CPC;0,0;91-120;HUMANO;Nov;9;Q4;11;0,0
2025-11-13;CPC;469,0;91-120;Robô;Nov;9;Q4;11;48098,76
2025-11-13;CPCA;53,0;91-120;HUMANO;Nov;9;Q4;11;10283,619999999997
2025-11-13;CPCA;0,0;91-120;HUMANO;Nov;9;Q4;11;0,0
2025-11-13;CPCA;448,0;91-120;Robô;Nov;9;Q4;11;45861,19
2025-11-13;PROMESSA;21,0;91-120;HUMANO;Nov;9;Q4;11;4383,700000000001
2025-11-13;PROMESSA;0,0;91-120;HUMANO;Nov;9;Q4;11;0,0
2025-11-13;PROMESSA;97,0;91-120;Robô;Nov;9;Q4;11;7629,509999999999
2025-11-13;TRABALHADO;0,0;91-120;HUMANO;Nov;9;Q4;11;0,0
2025-11-13;TRABALHADO;5743,0;91-120;HUMANO;Nov;9;Q4;11;1140857,5299999998
2025-11-13;TRABALHADO;15112,0;91-120;Robô;Nov;9;Q4;11;1784731,17
2025-11-13;ACIONAMENTOS;7,0;Esforço;HUMANO;Nov;9;Q4;11;862,15
2025-11-13;ACIONAMENTOS;193,0;Esforço;HUMANO;Nov;9;Q4;11;24429,870000000003
2025-11-13;ACIONAMENTOS;268,0;Esforço;HUMANO;Nov;9;Q4;11;52143,04
2025-11-13;ACIONAMENTOS;456,0;Esforço;HUMANO;Nov;9;Q4;11;105692,32
2025-11-13;ACIONAMENTOS;375,0;Esforço;HUMANO;Nov;9;Q4;11;69713,23999999999
2025-11-13;ACIONAMENTOS;274,0;Esforço;HUMANO;Nov;9;Q4;11;58848,439999999995
2025-11-13;ACIONAMENTOS;292,0;Esforço;HUMANO;Nov;9;Q4;11;80187,44
2025-11-13;ACIONAMENTOS;100,0;Esforço;HUMANO;Nov;9;Q4;11;16462,53
2025-11-13;ACIONAMENTOS;643,0;Esforço;HUMANO;Nov;9;Q4;11;206033,81
2025-11-13;ACIONAMENTOS;2,0;Esforço;HUMANO;Nov;9;Q4;11;150,98000000000002
2025-11-13;ACIONAMENTOS;0,0;Esforço;HUMANO;Nov;9;Q4;11;0,0
2025-11-13;ACIONAMENTOS;0,0;Esforço;HUMANO;Nov;9;Q4;11;0,0
2025-11-13;ACIONAMENTOS;3,0;Esforço;HUMANO;Nov;9;Q4;11;830,96
2025-11-13;ACIONAMENTOS;36,0;Esforço;HUMANO;Nov;9;Q4;11;9065,43
2025-11-13;ACIONAMENTOS;6,0;Esforço;HUMANO;Nov;9;Q4;11;999,09
2025-11-13;ACIONAMENTOS;6,0;Esforço;HUMANO;Nov;9;Q4;11;1646,3999999999999
2025-11-13;ACIONAMENTOS;16,0;Esforço;HUMANO;Nov;9;Q4;11;4474,68
2025-11-13;ACIONAMENTOS;3,0;Esforço;HUMANO;Nov;9;Q4;11;919,4100000000001
2025-11-13;ACIONAMENTOS;12,0;Esforço;HUMANO;Nov;9;Q4;11;3290,78
2025-11-13;ACIONAMENTOS;0,0;Esforço;HUMANO;Nov;9;Q4;11;0,0
2025-11-13;ACIONAMENTOS;3,0;Esforço;Robô;Nov;9;Q4;11;361,31
2025-11-13;ACIONAMENTOS;10872,0;Esforço;Robô;Nov;9;Q4;11;416734,8
2025-11-13;ACIONAMENTOS;8626,0;Esforço;Robô;Nov;9;Q4;11;413984,51
2025-11-13;ACIONAMENTOS;3698,0;Esforço;Robô;Nov;9;Q4;11;276456,73
2025-11-13;ACIONAMENTOS;4488,0;Esforço;Robô;Nov;9;Q4;11;250472,44
2025-11-13;ACIONAMENTOS;2687,0;Esforço;Robô;Nov;9;Q4;11;195360,56
2025-11-13;ACIONAMENTOS;2006,0;Esforço;Robô;Nov;9;Q4;11;210257,87
2025-11-13;ACIONAMENTOS;19,0;Esforço;Robô;Nov;9;Q4;11;2061,0200000000004
2025-11-13;ACIONAMENTOS;26,0;Esforço;Robô;Nov;9;Q4;11;10624,09
2025-11-13;ACIONAMENTOS;6,0;Esforço;Robô;Nov;9;Q4;11;186,27
2025-11-13;CPC;7,0;Esforço;HUMANO;Nov;9;Q4;11;862,15
2025-11-13;CPC;102,0;Esforço;HUMANO;Nov;9;Q4;11;10410,470000000001
2025-11-13;CPC;87,0;Esforço;HUMANO;Nov;9;Q4;11;13141,439999999997
2025-11-13;CPC;133,0;Esforço;HUMANO;Nov;9;Q4;11;26900,1
2025-11-13;CPC;83,0;Esforço;HUMANO;Nov;9;Q4;11;15891,44
2025-11-13;CPC;58,0;Esforço;HUMANO;Nov;9;Q4;11;11888,769999999999
2025-11-13;CPC;69,0;Esforço;HUMANO;Nov;9;Q4;11;17711,769999999997
2025-11-13;CPC;50,0;Esforço;HUMANO;Nov;9;Q4;11;6706,32
2025-11-13;CPC;206,0;Esforço;HUMANO;Nov;9;Q4;11;58660,01
2025-11-13;CPC;0,0;Esforço;HUMANO;Nov;9;Q4;11;0,0
2025-11-13;CPC;0,0;Esforço;HUMANO;Nov;9;Q4;11;0,0
2025-11-13;CPC;0,0;Esforço;HUMANO;Nov;9;Q4;11;0,0
2025-11-13;CPC;0,0;Esforço;HUMANO;Nov;9;Q4;11;0,0
2025-11-13;CPC;0,0;Esforço;HUMANO;Nov;9;Q4;11;0,0
2025-11-13;CPC;0,0;Esforço;HUMANO;Nov;9;Q4;11;0,0
2025-11-13;CPC;0,0;Esforço;HUMANO;Nov;9;Q4;11;0,0
2025-11-13;CPC;0,0;Esforço;HUMANO;Nov;9;Q4;11;0,0
2025-11-13;CPC;0,0;Esforço;HUMANO;Nov;9;Q4;11;0,0
2025-11-13;CPC;0,0;Esforço;HUMANO;Nov;9;Q4;11;0,0
2025-11-13;CPC;0,0;Esforço;HUMANO;Nov;9;Q4;11;0,0
2025-11-13;CPC;1,0;Esforço;Robô;Nov;9;Q4;11;65,12
2025-11-13;CPC;1895,0;Esforço;Robô;Nov;9;Q4;11;119242,99999999999
2025-11-13;CPC;1364,0;Esforço;Robô;Nov;9;Q4;11;91517,18
2025-11-13;CPC;455,0;Esforço;Robô;Nov;9;Q4;11;55661,27
2025-11-13;CPC;554,0;Esforço;Robô;Nov;9;Q4;11;49000,82
2025-11-13;CPC;309,0;Esforço;Robô;Nov;9;Q4;11;32821,03999999999
2025-11-13;CPC;186,0;Esforço;Robô;Nov;9;Q4;11;28987,46
2025-11-13;CPC;0,0;Esforço;Robô;Nov;9;Q4;11;0,0
2025-11-13;CPC;3,0;Esforço;Robô;Nov;9;Q4;11;461,79
2025-11-13;CPC;0,0;Esforço;Robô;Nov;9;Q4;11;0,0
2025-11-13;CPCA;5,0;Esforço;HUMANO;Nov;9;Q4;11;505,16999999999996
2025-11-13;CPCA;50,0;Esforço;HUMANO;Nov;9;Q4;11;4457,98
2025-11-13;CPCA;55,0;Esforço;HUMANO;Nov;9;Q4;11;8817,83
2025-11-13;CPCA;98,0;Esforço;HUMANO;Nov;9;Q4;11;20851,080000000005
2025-11-13;CPCA;57,0;Esforço;HUMANO;Nov;9;Q4;11;11453,280000000002
2025-11-13;CPCA;39,0;Esforço;HUMANO;Nov;9;Q4;11;7710,24
2025-11-13;CPCA;41,0;Esforço;HUMANO;Nov;9;Q4;11;10171,67
2025-11-13;CPCA;39,0;Esforço;HUMANO;Nov;9;Q4;11;5331,8099999999995
2025-11-13;CPCA;151,0;Esforço;HUMANO;Nov;9;Q4;11;44785,46000000001
2025-11-13;CPCA;0,0;Esforço;HUMANO;Nov;9;Q4;11;0,0
2025-11-13;CPCA;0,0;Esforço;HUMANO;Nov;9;Q4;11;0,0
2025-11-13;CPCA;0,0;Esforço;HUMANO;Nov;9;Q4;11;0,0
2025-11-13;CPCA;0,0;Esforço;HUMANO;Nov;9;Q4;11;0,0
2025-11-13;CPCA;0,0;Esforço;HUMANO;Nov;9;Q4;11;0,0
2025-11-13;CPCA;0,0;Esforço;HUMANO;Nov;9;Q4;11;0,0
2025-11-13;CPCA;0,0;Esforço;HUMANO;Nov;9;Q4;11;0,0
2025-11-13;CPCA;0,0;Esforço;HUMANO;Nov;9;Q4;11;0,0
2025-11-13;CPCA;0,0;Esforço;HUMANO;Nov;9;Q4;11;0,0
2025-11-13;CPCA;0,0;Esforço;HUMANO;Nov;9;Q4;11;0,0
2025-11-13;CPCA;0,0;Esforço;HUMANO;Nov;9;Q4;11;0,0
2025-11-13;CPCA;1,0;Esforço;Robô;Nov;9;Q4;11;65,12
2025-11-13;CPCA;1818,0;Esforço;Robô;Nov;9;Q4;11;116260,81999999998
2025-11-13;CPCA;1288,0;Esforço;Robô;Nov;9;Q4;11;88177,1
2025-11-13;CPCA;428,0;Esforço;Robô;Nov;9;Q4;11;53162,229999999996
2025-11-13;CPCA;521,0;Esforço;Robô;Nov;9;Q4;11;46664,78999999999
2025-11-13;CPCA;295,0;Esforço;Robô;Nov;9;Q4;11;31461,64
2025-11-13;CPCA;174,0;Esforço;Robô;Nov;9;Q4;11;28210,6
2025-11-13;CPCA;0,0;Esforço;Robô;Nov;9;Q4;11;0,0
2025-11-13;CPCA;3,0;Esforço;Robô;Nov;9;Q4;11;461,79
2025-11-13;CPCA;0,0;Esforço;Robô;Nov;9;Q4;11;0,0
2025-11-13;PROMESSA;1,0;Esforço;HUMANO;Nov;9;Q4;11;79,9
2025-11-13;PROMESSA;37,0;Esforço;HUMANO;Nov;9;Q4;11;2471,4800000000005
2025-11-13;PROMESSA;32,0;Esforço;HUMANO;Nov;9;Q4;11;5137,38
2025-11-13;PROMESSA;27,0;Esforço;HUMANO;Nov;9;Q4;11;4197,0599999999995
2025-11-13;PROMESSA;23,0;Esforço;HUMANO;Nov;9;Q4;11;4995,04
2025-11-13;PROMESSA;20,0;Esforço;HUMANO;Nov;9;Q4;11;3611,0900000000006
2025-11-13;PROMESSA;15,0;Esforço;HUMANO;Nov;9;Q4;11;3170,120000000001
2025-11-13;PROMESSA;23,0;Esforço;HUMANO;Nov;9;Q4;11;2473,7900000000004
2025-11-13;PROMESSA;80,0;Esforço;HUMANO;Nov;9;Q4;11;17031,31
2025-11-13;PROMESSA;0,0;Esforço;HUMANO;Nov;9;Q4;11;0,0
2025-11-13;PROMESSA;0,0;Esforço;HUMANO;Nov;9;Q4;11;0,0
2025-11-13;PROMESSA;0,0;Esforço;HUMANO;Nov;9;Q4;11;0,0
2025-11-13;PROMESSA;0,0;Esforço;HUMANO;Nov;9;Q4;11;0,0
2025-11-13;PROMESSA;0,0;Esforço;HUMANO;Nov;9;Q4;11;0,0
2025-11-13;PROMESSA;0,0;Esforço;HUMANO;Nov;9;Q4;11;0,0
2025-11-13;PROMESSA;0,0;Esforço;HUMANO;Nov;9;Q4;11;0,0
2025-11-13;PROMESSA;0,0;Esforço;HUMANO;Nov;9;Q4;11;0,0
2025-11-13;PROMESSA;0,0;Esforço;HUMANO;Nov;9;Q4;11;0,0
2025-11-13;PROMESSA;0,0;Esforço;HUMANO;Nov;9;Q4;11;0,0
2025-11-13;PROMESSA;0,0;Esforço;HUMANO;Nov;9;Q4;11;0,0
2025-11-13;PROMESSA;0,0;Esforço;Robô;Nov;9;Q4;11;0,0
2025-11-13;PROMESSA;416,0;Esforço;Robô;Nov;9;Q4;11;25173,739999999998
2025-11-13;PROMESSA;248,0;Esforço;Robô;Nov;9;Q4;11;18346,510000000002
2025-11-13;PROMESSA;71,0;Esforço;Robô;Nov;9;Q4;11;9408,779999999997
2025-11-13;PROMESSA;97,0;Esforço;Robô;Nov;9;Q4;11;7629,509999999999
2025-11-13;PROMESSA;52,0;Esforço;Robô;Nov;9;Q4;11;4642,079999999999
2025-11-13;PROMESSA;27,0;Esforço;Robô;Nov;9;Q4;11;3069,3299999999995
2025-11-13;PROMESSA;0,0;Esforço;Robô;Nov;9;Q4;11;0,0
2025-11-13;PROMESSA;0,0;Esforço;Robô;Nov;9;Q4;11;0,0
2025-11-13;PROMESSA;0,0;Esforço;Robô;Nov;9;Q4;11;0,0
2025-11-13;TRABALHADO;0,0;Esforço;HUMANO;Nov;9;Q4;11;0,0
2025-11-13;TRABALHADO;0,0;Esforço;HUMANO;Nov;9;Q4;11;0,0
2025-11-13;TRABALHADO;0,0;Esforço;HUMANO;Nov;9;Q4;11;0,0
2025-11-13;TRABALHADO;0,0;Esforço;HUMANO;Nov;9;Q4;11;0,0
2025-11-13;TRABALHADO;0,0;Esforço;HUMANO;Nov;9;Q4;11;0,0
2025-11-13;TRABALHADO;0,0;Esforço;HUMANO;Nov;9;Q4;11;0,0
2025-11-13;TRABALHADO;0,0;Esforço;HUMANO;Nov;9;Q4;11;0,0
2025-11-13;TRABALHADO;0,0;Esforço;HUMANO;Nov;9;Q4;11;0,0
2025-11-13;TRABALHADO;0,0;Esforço;HUMANO;Nov;9;Q4;11;0,0
2025-11-13;TRABALHADO;0,0;Esforço;HUMANO;Nov;9;Q4;11;0,0
2025-11-13;TRABALHADO;1,0;Esforço;HUMANO;Nov;9;Q4;11;79,9
2025-11-13;TRABALHADO;5489,0;Esforço;HUMANO;Nov;9;Q4;11;1062934,88
2025-11-13;TRABALHADO;16786,0;Esforço;HUMANO;Nov;9;Q4;11;3500896,1400000006
2025-11-13;TRABALHADO;35159,0;Esforço;HUMANO;Nov;9;Q4;11;8130200,359999999
2025-11-13;TRABALHADO;30000,0;Esforço;HUMANO;Nov;9;Q4;11;5600718,220000001
2025-11-13;TRABALHADO;23703,0;Esforço;HUMANO;Nov;9;Q4;11;5227581,65
2025-11-13;TRABALHADO;27681,0;Esforço;HUMANO;Nov;9;Q4;11;8009228,700000001
2025-11-13;TRABALHADO;44290,0;Esforço;HUMANO;Nov;9;Q4;11;8918645,91
2025-11-13;TRABALHADO;122669,0;Esforço;HUMANO;Nov;9;Q4;11;56771864,34
2025-11-13;TRABALHADO;949,0;Esforço;HUMANO;Nov;9;Q4;11;243895,82
2025-11-13;TRABALHADO;33,0;Esforço;Robô;Nov;9;Q4;11;252,03
2025-11-13;TRABALHADO;937782,0;Esforço;Robô;Nov;9;Q4;11;605726,1499999999
2025-11-13;TRABALHADO;746780,0;Esforço;Robô;Nov;9;Q4;11;829325,45
2025-11-13;TRABALHADO;444045,0;Esforço;Robô;Nov;9;Q4;11;772383,56
2025-11-13;TRABALHADO;483672,0;Esforço;Robô;Nov;9;Q4;11;864978,04
2025-11-13;TRABALHADO;323547,0;Esforço;Robô;Nov;9;Q4;11;348886,42000000004
2025-11-13;TRABALHADO;219954,0;Esforço;Robô;Nov;9;Q4;11;733964,5400000002
2025-11-13;TRABALHADO;1476,0;Esforço;Robô;Nov;9;Q4;11;4971,169999999997
2025-11-13;TRABALHADO;4805,0;Esforço;Robô;Nov;9;Q4;11;98106,32
2025-11-13;TRABALHADO;676,0;Esforço;Robô;Nov;9;Q4;11;5303,87
2025-11-13;ACIONAMENTOS;2,0;Maior 720;HUMANO;Nov;9;Q4;11;150,98000000000002
2025-11-13;ACIONAMENTOS;0,0;Maior 720;HUMANO;Nov;9;Q4;11;0,0
2025-11-13;ACIONAMENTOS;4,0;Maior 720;Robô;Nov;9;Q4;11;170,47
2025-11-13;CPC;0,0;Maior 720;HUMANO;Nov;9;Q4;11;0,0
2025-11-13;CPC;0,0;Maior 720;HUMANO;Nov;9;Q4;11;0,0
2025-11-13;CPC;0,0;Maior 720;Robô;Nov;9;Q4;11;0,0
2025-11-13;CPCA;0,0;Maior 720;HUMANO;Nov;9;Q4;11;0,0
2025-11-13;CPCA;0,0;Maior 720;HUMANO;Nov;9;Q4;11;0,0
2025-11-13;CPCA;0,0;Maior 720;Robô;Nov;9;Q4;11;0,0
2025-11-13;PROMESSA;0,0;Maior 720;HUMANO;Nov;9;Q4;11;0,0
2025-11-13;PROMESSA;0,0;Maior 720;HUMANO;Nov;9;Q4;11;0,0
2025-11-13;PROMESSA;0,0;Maior 720;Robô;Nov;9;Q4;11;0,0
2025-11-13;TRABALHADO;0,0;Maior 720;HUMANO;Nov;9;Q4;11;0,0
2025-11-13;TRABALHADO;856,0;Maior 720;HUMANO;Nov;9;Q4;11;222251,30000000002
2025-11-13;TRABALHADO;33,0;Maior 720;Robô;Nov;9;Q4;11;8506,32
2025-11-13;ACIONAMENTOS;6,0;Preventivo;HUMANO;Nov;9;Q4;11;782,25
2025-11-13;ACIONAMENTOS;0,0;Preventivo;HUMANO;Nov;9;Q4;11;0,0
2025-11-13;ACIONAMENTOS;3,0;Preventivo;Robô;Nov;9;Q4;11;361,31
2025-11-13;CPC;6,0;Preventivo;HUMANO;Nov;9;Q4;11;782,25
2025-11-13;CPC;0,0;Preventivo;HUMANO;Nov;9;Q4;11;0,0
2025-11-13;CPC;1,0;Preventivo;Robô;Nov;9;Q4;11;65,12
2025-11-13;CPCA;4,0;Preventivo;HUMANO;Nov;9;Q4;11;425,27
2025-11-13;CPCA;0,0;Preventivo;HUMANO;Nov;9;Q4;11;0,0
2025-11-13;CPCA;1,0;Preventivo;Robô;Nov;9;Q4;11;65,12
2025-11-13;PROMESSA;1,0;Preventivo;HUMANO;Nov;9;Q4;11;79,9
2025-11-13;PROMESSA;0,0;Preventivo;HUMANO;Nov;9;Q4;11;0,0
2025-11-13;PROMESSA;0,0;Preventivo;Robô;Nov;9;Q4;11;0,0
2025-11-13;TRABALHADO;0,0;Preventivo;HUMANO;Nov;9;Q4;11;0,0
2025-11-13;TRABALHADO;1,0;Preventivo;HUMANO;Nov;9;Q4;11;79,9
2025-11-13;TRABALHADO;8,0;Preventivo;Robô;Nov;9;Q4;11;1363,8400000000001
2025-11-13;ACIONAMENTOS;5,0;Unique;HUMANO;Nov;9;Q4;11;490,39
2025-11-13;ACIONAMENTOS;165,0;Unique;HUMANO;Nov;9;Q4;11;19804,260000000002
2025-11-13;ACIONAMENTOS;214,0;Unique;HUMANO;Nov;9;Q4;11;42376,75
2025-11-13;ACIONAMENTOS;364,0;Unique;HUMANO;Nov;9;Q4;11;84409,55
2025-11-13;ACIONAMENTOS;302,0;Unique;HUMANO;Nov;9;Q4;11;55439,34
2025-11-13;ACIONAMENTOS;203,0;Unique;HUMANO;Nov;9;Q4;11;44723,56
2025-11-13;ACIONAMENTOS;250,0;Unique;HUMANO;Nov;9;Q4;11;68699,81
2025-11-13;ACIONAMENTOS;97,0;Unique;HUMANO;Nov;9;Q4;11;15827,630000000001
2025-11-13;ACIONAMENTOS;498,0;Unique;HUMANO;Nov;9;Q4;11;172193,91
2025-11-13;ACIONAMENTOS;2,0;Unique;HUMANO;Nov;9;Q4;11;150,98000000000002
2025-11-13;ACIONAMENTOS;0,0;Unique;HUMANO;Nov;9;Q4;11;0,0
2025-11-13;ACIONAMENTOS;0,0;Unique;HUMANO;Nov;9;Q4;11;0,0
2025-11-13;ACIONAMENTOS;3,0;Unique;HUMANO;Nov;9;Q4;11;830,9599999999999
2025-11-13;ACIONAMENTOS;36,0;Unique;HUMANO;Nov;9;Q4;11;9065,430000000002
2025-11-13;ACIONAMENTOS;6,0;Unique;HUMANO;Nov;9;Q4;11;999,0900000000001
2025-11-13;ACIONAMENTOS;6,0;Unique;HUMANO;Nov;9;Q4;11;1646,3999999999999
2025-11-13;ACIONAMENTOS;16,0;Unique;HUMANO;Nov;9;Q4;11;4474,68
2025-11-13;ACIONAMENTOS;3,0;Unique;HUMANO;Nov;9;Q4;11;919,4100000000001
2025-11-13;ACIONAMENTOS;12,0;Unique;HUMANO;Nov;9;Q4;11;3290,78
2025-11-13;ACIONAMENTOS;0,0;Unique;HUMANO;Nov;9;Q4;11;0,0
2025-11-13;ACIONAMENTOS;1,0;Unique;Robô;Nov;9;Q4;11;65,12
2025-11-13;ACIONAMENTOS;2212,0;Unique;Robô;Nov;9;Q4;11;160242,34999999998
2025-11-13;ACIONAMENTOS;1211,0;Unique;Robô;Nov;9;Q4;11;110690,24
2025-11-13;ACIONAMENTOS;592,0;Unique;Robô;Nov;9;Q4;11;98615,81
2025-11-13;ACIONAMENTOS;674,0;Unique;Robô;Nov;9;Q4;11;75345,68000000001
2025-11-13;ACIONAMENTOS;374,0;Unique;Robô;Nov;9;Q4;11;57515,9
2025-11-13;ACIONAMENTOS;378,0;Unique;Robô;Nov;9;Q4;11;84360,64000000001
2025-11-13;ACIONAMENTOS;3,0;Unique;Robô;Nov;9;Q4;11;149,6
2025-11-13;ACIONAMENTOS;8,0;Unique;Robô;Nov;9;Q4;11;3770,29
2025-11-13;ACIONAMENTOS;4,0;Unique;Robô;Nov;9;Q4;11;170,47
2025-11-13;CPC;5,0;Unique;HUMANO;Nov;9;Q4;11;490,39
2025-11-13;CPC;91,0;Unique;HUMANO;Nov;9;Q4;11;9021,239999999998
2025-11-13;CPC;78,0;Unique;HUMANO;Nov;9;Q4;11;12030,879999999997
2025-11-13;CPC;123,0;Unique;HUMANO;Nov;9;Q4;11;25587,35
2025-11-13;CPC;77,0;Unique;HUMANO;Nov;9;Q4;11;14387,859999999999
2025-11-13;CPC;56,0;Unique;HUMANO;Nov;9;Q4;11;11572,2
2025-11-13;CPC;68,0;Unique;HUMANO;Nov;9;Q4;11;17508,07
2025-11-13;CPC;49,0;Unique;HUMANO;Nov;9;Q4;11;6470,92
2025-11-13;CPC;190,0;Unique;HUMANO;Nov;9;Q4;11;56081,130000000005
2025-11-13;CPC;0,0;Unique;HUMANO;Nov;9;Q4;11;0,0
2025-11-13;CPC;0,0;Unique;HUMANO;Nov;9;Q4;11;0,0
2025-11-13;CPC;0,0;Unique;HUMANO;Nov;9;Q4;11;0,0
2025-11-13;CPC;0,0;Unique;HUMANO;Nov;9;Q4;11;0,0
2025-11-13;CPC;0,0;Unique;HUMANO;Nov;9;Q4;11;0,0
2025-11-13;CPC;0,0;Unique;HUMANO;Nov;9;Q4;11;0,0
2025-11-13;CPC;0,0;Unique;HUMANO;Nov;9;Q4;11;0,0
2025-11-13;CPC;0,0;Unique;HUMANO;Nov;9;Q4;11;0,0
2025-11-13;CPC;0,0;Unique;HUMANO;Nov;9;Q4;11;0,0
2025-11-13;CPC;0,0;Unique;HUMANO;Nov;9;Q4;11;0,0
2025-11-13;CPC;0,0;Unique;HUMANO;Nov;9;Q4;11;0,0
2025-11-13;CPC;1,0;Unique;Robô;Nov;9;Q4;11;65,12
2025-11-13;CPC;1459,0;Unique;Robô;Nov;9;Q4;11;106793,01
2025-11-13;CPC;976,0;Unique;Robô;Nov;9;Q4;11;81612,56
2025-11-13;CPC;341,0;Unique;Robô;Nov;9;Q4;11;49768,68
2025-11-13;CPC;429,0;Unique;Robô;Nov;9;Q4;11;43918,649999999994
2025-11-13;CPC;237,0;Unique;Robô;Nov;9;Q4;11;29391,64
2025-11-13;CPC;160,0;Unique;Robô;Nov;9;Q4;11;28844,49
2025-11-13;CPC;0,0;Unique;Robô;Nov;9;Q4;11;0,0
2025-11-13;CPC;1,0;Unique;Robô;Nov;9;Q4;11;461,79
2025-11-13;CPC;0,0;Unique;Robô;Nov;9;Q4;11;0,0
2025-11-13;CPCA;4,0;Unique;HUMANO;Nov;9;Q4;11;425,27
2025-11-13;CPCA;46,0;Unique;HUMANO;Nov;9;Q4;11;4306,34
2025-11-13;CPCA;49,0;Unique;HUMANO;Nov;9;Q4;11;8086,67
2025-11-13;CPCA;94,0;Unique;HUMANO;Nov;9;Q4;11;20330,289999999997
2025-11-13;CPCA;52,0;Unique;HUMANO;Nov;9;Q4;11;10109,499999999998
2025-11-13;CPCA;38,0;Unique;HUMANO;Nov;9;Q4;11;7553,1100000000015
2025-11-13;CPCA;41,0;Unique;HUMANO;Nov;9;Q4;11;10171,669999999998
2025-11-13;CPCA;39,0;Unique;HUMANO;Nov;9;Q4;11;5331,809999999998
2025-11-13;CPCA;145,0;Unique;HUMANO;Nov;9;Q4;11;44261,1
2025-11-13;CPCA;0,0;Unique;HUMANO;Nov;9;Q4;11;0,0
2025-11-13;CPCA;0,0;Unique;HUMANO;Nov;9;Q4;11;0,0
2025-11-13;CPCA;0,0;Unique;HUMANO;Nov;9;Q4;11;0,0
2025-11-13;CPCA;0,0;Unique;HUMANO;Nov;9;Q4;11;0,0
2025-11-13;CPCA;0,0;Unique;HUMANO;Nov;9;Q4;11;0,0
2025-11-13;CPCA;0,0;Unique;HUMANO;Nov;9;Q4;11;0,0
2025-11-13;CPCA;0,0;Unique;HUMANO;Nov;9;Q4;11;0,0
2025-11-13;CPCA;0,0;Unique;HUMANO;Nov;9;Q4;11;0,0
2025-11-13;CPCA;0,0;Unique;HUMANO;Nov;9;Q4;11;0,0
2025-11-13;CPCA;0,0;Unique;HUMANO;Nov;9;Q4;11;0,0
2025-11-13;CPCA;0,0;Unique;HUMANO;Nov;9;Q4;11;0,0
2025-11-13;CPCA;1,0;Unique;Robô;Nov;9;Q4;11;65,12
2025-11-13;CPCA;1443,0;Unique;Robô;Nov;9;Q4;11;105753,76
2025-11-13;CPCA;965,0;Unique;Robô;Nov;9;Q4;11;80529,78
2025-11-13;CPCA;336,0;Unique;Robô;Nov;9;Q4;11;48958,850000000006
2025-11-13;CPCA;422,0;Unique;Robô;Nov;9;Q4;11;42945,78
2025-11-13;CPCA;234,0;Unique;Robô;Nov;9;Q4;11;29105,12
2025-11-13;CPCA;156,0;Unique;Robô;Nov;9;Q4;11;27847,829999999998
2025-11-13;CPCA;0,0;Unique;Robô;Nov;9;Q4;11;0,0
2025-11-13;CPCA;1,0;Unique;Robô;Nov;9;Q4;11;461,79
2025-11-13;CPCA;0,0;Unique;Robô;Nov;9;Q4;11;0,0
2025-11-13;PROMESSA;1,0;Unique;HUMANO;Nov;9;Q4;11;79,9
2025-11-13;PROMESSA;34,0;Unique;HUMANO;Nov;9;Q4;11;2349,74
2025-11-13;PROMESSA;30,0;Unique;HUMANO;Nov;9;Q4;11;4730,660000000001
2025-11-13;PROMESSA;26,0;Unique;HUMANO;Nov;9;Q4;11;4167,16
2025-11-13;PROMESSA;21,0;Unique;HUMANO;Nov;9;Q4;11;4383,700000000001
2025-11-13;PROMESSA;20,0;Unique;HUMANO;Nov;9;Q4;11;3611,0900000000006
2025-11-13;PROMESSA;15,0;Unique;HUMANO;Nov;9;Q4;11;3170,1200000000003
2025-11-13;PROMESSA;23,0;Unique;HUMANO;Nov;9;Q4;11;2473,7900000000004
2025-11-13;PROMESSA;77,0;Unique;HUMANO;Nov;9;Q4;11;16849,700000000004
2025-11-13;PROMESSA;0,0;Unique;HUMANO;Nov;9;Q4;11;0,0
2025-11-13;PROMESSA;0,0;Unique;HUMANO;Nov;9;Q4;11;0,0
2025-11-13;PROMESSA;0,0;Unique;HUMANO;Nov;9;Q4;11;0,0
2025-11-13;PROMESSA;0,0;Unique;HUMANO;Nov;9;Q4;11;0,0
2025-11-13;PROMESSA;0,0;Unique;HUMANO;Nov;9;Q4;11;0,0
2025-11-13;PROMESSA;0,0;Unique;HUMANO;Nov;9;Q4;11;0,0
2025-11-13;PROMESSA;0,0;Unique;HUMANO;Nov;9;Q4;11;0,0
2025-11-13;PROMESSA;0,0;Unique;HUMANO;Nov;9;Q4;11;0,0
2025-11-13;PROMESSA;0,0;Unique;HUMANO;Nov;9;Q4;11;0,0
2025-11-13;PROMESSA;0,0;Unique;HUMANO;Nov;9;Q4;11;0,0
2025-11-13;PROMESSA;0,0;Unique;HUMANO;Nov;9;Q4;11;0,0
2025-11-13;PROMESSA;0,0;Unique;Robô;Nov;9;Q4;11;0,0
2025-11-13;PROMESSA;415,0;Unique;Robô;Nov;9;Q4;11;25093,839999999997
2025-11-13;PROMESSA;242,0;Unique;Robô;Nov;9;Q4;11;18006,809999999998
2025-11-13;PROMESSA;69,0;Unique;Robô;Nov;9;Q4;11;8889,179999999998
2025-11-13;PROMESSA;96,0;Unique;Robô;Nov;9;Q4;11;7528,909999999999
2025-11-13;PROMESSA;50,0;Unique;Robô;Nov;9;Q4;11;4712,78
2025-11-13;PROMESSA;27,0;Unique;Robô;Nov;9;Q4;11;3069,33
2025-11-13;PROMESSA;0,0;Unique;Robô;Nov;9;Q4;11;0,0
2025-11-13;PROMESSA;0,0;Unique;Robô;Nov;9;Q4;11;0,0
2025-11-13;PROMESSA;0,0;Unique;Robô;Nov;9;Q4;11;0,0
2025-11-13;TRABALHADO;0,0;Unique;HUMANO;Nov;9;Q4;11;0,0
2025-11-13;TRABALHADO;0,0;Unique;HUMANO;Nov;9;Q4;11;0,0
2025-11-13;TRABALHADO;0,0;Unique;HUMANO;Nov;9;Q4;11;0,0
2025-11-13;TRABALHADO;0,0;Unique;HUMANO;Nov;9;Q4;11;0,0
2025-11-13;TRABALHADO;0,0;Unique;HUMANO;Nov;9;Q4;11;0,0
2025-11-13;TRABALHADO;0,0;Unique;HUMANO;Nov;9;Q4;11;0,0
2025-11-13;TRABALHADO;0,0;Unique;HUMANO;Nov;9;Q4;11;0,0
2025-11-13;TRABALHADO;0,0;Unique;HUMANO;Nov;9;Q4;11;0,0
2025-11-13;TRABALHADO;0,0;Unique;HUMANO;Nov;9;Q4;11;0,0
2025-11-13;TRABALHADO;0,0;Unique;HUMANO;Nov;9;Q4;11;0,0
2025-11-13;TRABALHADO;0,0;Unique;HUMANO;Nov;9;Q4;11;0,0
2025-11-13;TRABALHADO;1843,0;Unique;HUMANO;Nov;9;Q4;11;313911,3400000001
2025-11-13;TRABALHADO;1916,0;Unique;HUMANO;Nov;9;Q4;11;412398,96
2025-11-13;TRABALHADO;4581,0;Unique;HUMANO;Nov;9;Q4;11;1045867,72
2025-11-13;TRABALHADO;3075,0;Unique;HUMANO;Nov;9;Q4;11;603985,5900000001
2025-11-13;TRABALHADO;2366,0;Unique;HUMANO;Nov;9;Q4;11;628762,76
2025-11-13;TRABALHADO;2539,0;Unique;HUMANO;Nov;9;Q4;11;747901,8500000001
2025-11-13;TRABALHADO;15810,0;Unique;HUMANO;Nov;9;Q4;11;3087906,62
2025-11-13;TRABALHADO;22965,0;Unique;HUMANO;Nov;9;Q4;11;10175389,219999999
2025-11-13;TRABALHADO;856,0;Unique;HUMANO;Nov;9;Q4;11;222251,30000000002
2025-11-13;TRABALHADO;1,0;Unique;Robô;Nov;9;Q4;11;65,12
2025-11-13;TRABALHADO;23662,0;Unique;Robô;Nov;9;Q4;11;1510091,9899999998
2025-11-13;TRABALHADO;7723,0;Unique;Robô;Nov;9;Q4;11;824579,3700000001
2025-11-13;TRABALHADO;7442,0;Unique;Robô;Nov;9;Q4;11;1208441,67
2025-11-13;TRABALHADO;9391,0;Unique;Robô;Nov;9;Q4;11;1010392,1300000001
2025-11-13;TRABALHADO;4137,0;Unique;Robô;Nov;9;Q4;11;736278,94
2025-11-13;TRABALHADO;4711,0;Unique;Robô;Nov;9;Q4;11;1044754,5499999999
2025-11-13;TRABALHADO;48,0;Unique;Robô;Nov;9;Q4;11;7861,1
2025-11-13;TRABALHADO;209,0;Unique;Robô;Nov;9;Q4;11;89059,78
2025-11-13;TRABALHADO;30,0;Unique;Robô;Nov;9;Q4;11;8107,63
2025-11-14;ACIONAMENTOS;179,0;0-30;HUMANO;Nov;10;Q4;11;22674,23
2025-11-14;ACIONAMENTOS;0,0;0-30;HUMANO;Nov;10;Q4;11;0,0
2025-11-14;CPC;98,0;0-30;HUMANO;Nov;10;Q4;11;10379,959999999997
2025-11-14;CPC;0,0;0-30;HUMANO;Nov;10;Q4;11;0,0
2025-11-14;CPCA;47,0;0-30;HUMANO;Nov;10;Q4;11;4336,240000000001
2025-11-14;CPCA;0,0;0-30;HUMANO;Nov;10;Q4;11;0,0
2025-11-14;PROMESSA;34,0;0-30;HUMANO;Nov;10;Q4;11;2349,74
2025-11-14;PROMESSA;0,0;0-30;HUMANO;Nov;10;Q4;11;0,0
2025-11-14;TRABALHADO;0,0;0-30;HUMANO;Nov;10;Q4;11;0,0
2025-11-14;TRABALHADO;2056,0;0-30;HUMANO;Nov;10;Q4;11;358717,96
2025-11-14;ACIONAMENTOS;255,0;121-150;HUMANO;Nov;10;Q4;11;54619,57000000001
2025-11-14;ACIONAMENTOS;7,0;121-150;HUMANO;Nov;10;Q4;11;1959,6599999999999
2025-11-14;CPC;62,0;121-150;HUMANO;Nov;10;Q4;11;12908,269999999995
2025-11-14;CPC;0,0;121-150;HUMANO;Nov;10;Q4;11;0,0
2025-11-14;CPCA;42,0;121-150;HUMANO;Nov;10;Q4;11;8704,639999999998
2025-11-14;CPCA;0,0;121-150;HUMANO;Nov;10;Q4;11;0,0
2025-11-14;PROMESSA;22,0;121-150;HUMANO;Nov;10;Q4;11;4292,6
2025-11-14;PROMESSA;0,0;121-150;HUMANO;Nov;10;Q4;11;0,0
2025-11-14;TRABALHADO;0,0;121-150;HUMANO;Nov;10;Q4;11;0,0
2025-11-14;TRABALHADO;4988,0;121-150;HUMANO;Nov;10;Q4;11;1125429,78
2025-11-14;ACIONAMENTOS;290,0;151-180;HUMANO;Nov;10;Q4;11;79990,69
2025-11-14;ACIONAMENTOS;17,0;151-180;HUMANO;Nov;10;Q4;11;4787,94
2025-11-14;CPC;75,0;151-180;HUMANO;Nov;10;Q4;11;19353,78
2025-11-14;CPC;0,0;151-180;HUMANO;Nov;10;Q4;11;0,0
2025-11-14;CPCA;47,0;151-180;HUMANO;Nov;10;Q4;11;11813,679999999998
2025-11-14;CPCA;0,0;151-180;HUMANO;Nov;10;Q4;11;0,0
2025-11-14;PROMESSA;16,0;151-180;HUMANO;Nov;10;Q4;11;3503,63
2025-11-14;PROMESSA;0,0;151-180;HUMANO;Nov;10;Q4;11;0,0
2025-11-14;TRABALHADO;0,0;151-180;HUMANO;Nov;10;Q4;11;0,0
2025-11-14;TRABALHADO;4322,0;151-180;HUMANO;Nov;10;Q4;11;1218189,01
2025-11-14;ACIONAMENTOS;131,0;181-360;HUMANO;Nov;10;Q4;11;21397,26
2025-11-14;ACIONAMENTOS;3,0;181-360;HUMANO;Nov;10;Q4;11;919,4100000000001
2025-11-14;CPC;64,0;181-360;HUMANO;Nov;10;Q4;11;9827,19
2025-11-14;CPC;0,0;181-360;HUMANO;Nov;10;Q4;11;0,0
2025-11-14;CPCA;49,0;181-360;HUMANO;Nov;10;Q4;11;7778,98
2025-11-14;CPCA;0,0;181-360;HUMANO;Nov;10;Q4;11;0,0
2025-11-14;PROMESSA;28,0;181-360;HUMANO;Nov;10;Q4;11;4476,749999999999
2025-11-14;PROMESSA;0,0;181-360;HUMANO;Nov;10;Q4;11;0,0
2025-11-14;TRABALHADO;0,0;181-360;HUMANO;Nov;10;Q4;11;0,0
2025-11-14;TRABALHADO;16689,0;181-360;HUMANO;Nov;10;Q4;11;3254756,31
2025-11-14;ACIONAMENTOS;246,0;31-60;HUMANO;Nov;10;Q4;11;49117,030000000006
2025-11-14;ACIONAMENTOS;3,0;31-60;HUMANO;Nov;10;Q4;11;830,9599999999999
2025-11-14;CPC;87,0;31-60;HUMANO;Nov;10;Q4;11;14088,179999999997
2025-11-14;CPC;0,0;31-60;HUMANO;Nov;10;Q4;11;0,0
2025-11-14;CPCA;55,0;31-60;HUMANO;Nov;10;Q4;11;9504,769999999997
2025-11-14;CPCA;0,0;31-60;HUMANO;Nov;10;Q4;11;0,0
2025-11-14;PROMESSA;32,0;31-60;HUMANO;Nov;10;Q4;11;5020,360000000001
2025-11-14;PROMESSA;0,0;31-60;HUMANO;Nov;10;Q4;11;0,0
2025-11-14;TRABALHADO;0,0;31-60;HUMANO;Nov;10;Q4;11;0,0
2025-11-14;TRABALHADO;2749,0;31-60;HUMANO;Nov;10;Q4;11;590183,8300000001
2025-11-14;ACIONAMENTOS;552,0;361-720;HUMANO;Nov;10;Q4;11;189453,77000000002
2025-11-14;ACIONAMENTOS;14,0;361-720;HUMANO;Nov;10;Q4;11;4571,5199999999995
2025-11-14;CPC;205,0;361-720;HUMANO;Nov;10;Q4;11;60518,350000000006
2025-11-14;CPC;0,0;361-720;HUMANO;Nov;10;Q4;11;0,0
2025-11-14;CPCA;158,0;361-720;HUMANO;Nov;10;Q4;11;48478,72
2025-11-14;CPCA;0,0;361-720;HUMANO;Nov;10;Q4;11;0,0
2025-11-14;PROMESSA;86,0;361-720;HUMANO;Nov;10;Q4;11;19604,600000000002
2025-11-14;PROMESSA;0,0;361-720;HUMANO;Nov;10;Q4;11;0,0
2025-11-14;TRABALHADO;0,0;361-720;HUMANO;Nov;10;Q4;11;0,0
2025-11-14;TRABALHADO;23008,0;361-720;HUMANO;Nov;10;Q4;11;10182278,31
2025-11-14;ACIONAMENTOS;408,0;61-90;HUMANO;Nov;10;Q4;11;94586,33
2025-11-14;ACIONAMENTOS;36,0;61-90;HUMANO;Nov;10;Q4;11;9065,430000000002
2025-11-14;CPC;130,0;61-90;HUMANO;Nov;10;Q4;11;26828,73
2025-11-14;CPC;0,0;61-90;HUMANO;Nov;10;Q4;11;0,0
2025-11-14;CPCA;99,0;61-90;HUMANO;Nov;10;Q4;11;21367,649999999998
2025-11-14;CPCA;0,0;61-90;HUMANO;Nov;10;Q4;11;0,0
2025-11-14;PROMESSA;29,0;61-90;HUMANO;Nov;10;Q4;11;4915,8
2025-11-14;PROMESSA;0,0;61-90;HUMANO;Nov;10;Q4;11;0,0
2025-11-14;TRABALHADO;0,0;61-90;HUMANO;Nov;10;Q4;11;0,0
2025-11-14;TRABALHADO;5392,0;61-90;HUMANO;Nov;10;Q4;11;1213638,4000000001
2025-11-14;ACIONAMENTOS;355,0;91-120;HUMANO;Nov;10;Q4;11;66251,51
2025-11-14;ACIONAMENTOS;8,0;91-120;HUMANO;Nov;10;Q4;11;1347,3300000000002
2025-11-14;CPC;88,0;91-120;HUMANO;Nov;10;Q4;11;16751,66
2025-11-14;CPC;0,0;91-120;HUMANO;Nov;10;Q4;11;0,0
2025-11-14;CPCA;59,0;91-120;HUMANO;Nov;10;Q4;11;11496,779999999999
2025-11-14;CPCA;0,0;91-120;HUMANO;Nov;10;Q4;11;0,0
2025-11-14;PROMESSA;21,0;91-120;HUMANO;Nov;10;Q4;11;4383,700000000001
2025-11-14;PROMESSA;0,0;91-120;HUMANO;Nov;10;Q4;11;0,0
2025-11-14;TRABALHADO;0,0;91-120;HUMANO;Nov;10;Q4;11;0,0
2025-11-14;TRABALHADO;5866,0;91-120;HUMANO;Nov;10;Q4;11;1169291,29
2025-11-14;ACIONAMENTOS;7,0;Esforço;HUMANO;Nov;10;Q4;11;862,15
2025-11-14;ACIONAMENTOS;195,0;Esforço;HUMANO;Nov;10;Q4;11;24790,700000000004
2025-11-14;ACIONAMENTOS;286,0;Esforço;HUMANO;Nov;10;Q4;11;57047,299999999996
2025-11-14;ACIONAMENTOS;485,0;Esforço;HUMANO;Nov;10;Q4;11;112859,08
2025-11-14;ACIONAMENTOS;402,0;Esforço;HUMANO;Nov;10;Q4;11;75130,18
2025-11-14;ACIONAMENTOS;305,0;Esforço;HUMANO;Nov;10;Q4;11;64835,149999999994
2025-11-14;ACIONAMENTOS;326,0;Esforço;HUMANO;Nov;10;Q4;11;90354,39
2025-11-14;ACIONAMENTOS;133,0;Esforço;HUMANO;Nov;10;Q4;11;21796,76
2025-11-14;ACIONAMENTOS;735,0;Esforço;HUMANO;Nov;10;Q4;11;244320,13
2025-11-14;ACIONAMENTOS;2,0;Esforço;HUMANO;Nov;10;Q4;11;150,98000000000002
2025-11-14;ACIONAMENTOS;0,0;Esforço;HUMANO;Nov;10;Q4;11;0,0
2025-11-14;ACIONAMENTOS;0,0;Esforço;HUMANO;Nov;10;Q4;11;0,0
2025-11-14;ACIONAMENTOS;3,0;Esforço;HUMANO;Nov;10;Q4;11;830,96
2025-11-14;ACIONAMENTOS;36,0;Esforço;HUMANO;Nov;10;Q4;11;9065,43
2025-11-14;ACIONAMENTOS;8,0;Esforço;HUMANO;Nov;10;Q4;11;1347,33
2025-11-14;ACIONAMENTOS;7,0;Esforço;HUMANO;Nov;10;Q4;11;1959,6599999999999
2025-11-14;ACIONAMENTOS;17,0;Esforço;HUMANO;Nov;10;Q4;11;4787,9400000000005
2025-11-14;ACIONAMENTOS;3,0;Esforço;HUMANO;Nov;10;Q4;11;919,4100000000001
2025-11-14;ACIONAMENTOS;14,0;Esforço;HUMANO;Nov;10;Q4;11;4571,52
2025-11-14;ACIONAMENTOS;0,0;Esforço;HUMANO;Nov;10;Q4;11;0,0
2025-11-14;CPC;7,0;Esforço;HUMANO;Nov;10;Q4;11;862,15
2025-11-14;CPC;103,0;Esforço;HUMANO;Nov;10;Q4;11;10611,500000000002
2025-11-14;CPC;92,0;Esforço;HUMANO;Nov;10;Q4;11;14869,339999999998
2025-11-14;CPC;138,0;Esforço;HUMANO;Nov;10;Q4;11;27937,46
2025-11-14;CPC;92,0;Esforço;HUMANO;Nov;10;Q4;11;17921,319999999996
2025-11-14;CPC;63,0;Esforço;HUMANO;Nov;10;Q4;11;13065,399999999998
2025-11-14;CPC;75,0;Esforço;HUMANO;Nov;10;Q4;11;19353,78
2025-11-14;CPC;64,0;Esforço;HUMANO;Nov;10;Q4;11;9827,189999999999
2025-11-14;CPC;222,0;Esforço;HUMANO;Nov;10;Q4;11;63249,04
2025-11-14;CPC;0,0;Esforço;HUMANO;Nov;10;Q4;11;0,0
2025-11-14;CPC;0,0;Esforço;HUMANO;Nov;10;Q4;11;0,0
2025-11-14;CPC;0,0;Esforço;HUMANO;Nov;10;Q4;11;0,0
2025-11-14;CPC;0,0;Esforço;HUMANO;Nov;10;Q4;11;0,0
2025-11-14;CPC;0,0;Esforço;HUMANO;Nov;10;Q4;11;0,0
2025-11-14;CPC;0,0;Esforço;HUMANO;Nov;10;Q4;11;0,0
2025-11-14;CPC;0,0;Esforço;HUMANO;Nov;10;Q4;11;0,0
2025-11-14;CPC;0,0;Esforço;HUMANO;Nov;10;Q4;11;0,0
2025-11-14;CPC;0,0;Esforço;HUMANO;Nov;10;Q4;11;0,0
2025-11-14;CPC;0,0;Esforço;HUMANO;Nov;10;Q4;11;0,0
2025-11-14;CPC;0,0;Esforço;HUMANO;Nov;10;Q4;11;0,0
2025-11-14;CPCA;5,0;Esforço;HUMANO;Nov;10;Q4;11;505,16999999999996
2025-11-14;CPCA;50,0;Esforço;HUMANO;Nov;10;Q4;11;4457,98
2025-11-14;CPCA;58,0;Esforço;HUMANO;Nov;10;Q4;11;10066,33
2025-11-14;CPCA;103,0;Esforço;HUMANO;Nov;10;Q4;11;21888,440000000002
2025-11-14;CPCA;63,0;Esforço;HUMANO;Nov;10;Q4;11;12666,439999999999
2025-11-14;CPCA;43,0;Esforço;HUMANO;Nov;10;Q4;11;8861,77
2025-11-14;CPCA;47,0;Esforço;HUMANO;Nov;10;Q4;11;11813,679999999998
2025-11-14;CPCA;49,0;Esforço;HUMANO;Nov;10;Q4;11;7778,979999999999
2025-11-14;CPCA;165,0;Esforço;HUMANO;Nov;10;Q4;11;49154,89
2025-11-14;CPCA;0,0;Esforço;HUMANO;Nov;10;Q4;11;0,0
2025-11-14;CPCA;0,0;Esforço;HUMANO;Nov;10;Q4;11;0,0
2025-11-14;CPCA;0,0;Esforço;HUMANO;Nov;10;Q4;11;0,0
2025-11-14;CPCA;0,0;Esforço;HUMANO;Nov;10;Q4;11;0,0
2025-11-14;CPCA;0,0;Esforço;HUMANO;Nov;10;Q4;11;0,0
2025-11-14;CPCA;0,0;Esforço;HUMANO;Nov;10;Q4;11;0,0
2025-11-14;CPCA;0,0;Esforço;HUMANO;Nov;10;Q4;11;0,0
2025-11-14;CPCA;0,0;Esforço;HUMANO;Nov;10;Q4;11;0,0
2025-11-14;CPCA;0,0;Esforço;HUMANO;Nov;10;Q4;11;0,0
2025-11-14;CPCA;0,0;Esforço;HUMANO;Nov;10;Q4;11;0,0
2025-11-14;CPCA;0,0;Esforço;HUMANO;Nov;10;Q4;11;0,0
2025-11-14;PROMESSA;1,0;Esforço;HUMANO;Nov;10;Q4;11;79,9
2025-11-14;PROMESSA;37,0;Esforço;HUMANO;Nov;10;Q4;11;2471,4800000000005
2025-11-14;PROMESSA;34,0;Esforço;HUMANO;Nov;10;Q4;11;5427,080000000001
2025-11-14;PROMESSA;30,0;Esforço;HUMANO;Nov;10;Q4;11;4945,7
2025-11-14;PROMESSA;23,0;Esforço;HUMANO;Nov;10;Q4;11;4995,04
2025-11-14;PROMESSA;22,0;Esforço;HUMANO;Nov;10;Q4;11;4292,6
2025-11-14;PROMESSA;16,0;Esforço;HUMANO;Nov;10;Q4;11;3503,63
2025-11-14;PROMESSA;28,0;Esforço;HUMANO;Nov;10;Q4;11;4476,749999999999
2025-11-14;PROMESSA;89,0;Esforço;HUMANO;Nov;10;Q4;11;19786,21
2025-11-14;PROMESSA;0,0;Esforço;HUMANO;Nov;10;Q4;11;0,0
2025-11-14;PROMESSA;0,0;Esforço;HUMANO;Nov;10;Q4;11;0,0
2025-11-14;PROMESSA;0,0;Esforço;HUMANO;Nov;10;Q4;11;0,0
2025-11-14;PROMESSA;0,0;Esforço;HUMANO;Nov;10;Q4;11;0,0
2025-11-14;PROMESSA;0,0;Esforço;HUMANO;Nov;10;Q4;11;0,0
2025-11-14;PROMESSA;0,0;Esforço;HUMANO;Nov;10;Q4;11;0,0
2025-11-14;PROMESSA;0,0;Esforço;HUMANO;Nov;10;Q4;11;0,0
2025-11-14;PROMESSA;0,0;Esforço;HUMANO;Nov;10;Q4;11;0,0
2025-11-14;PROMESSA;0,0;Esforço;HUMANO;Nov;10;Q4;11;0,0
2025-11-14;PROMESSA;0,0;Esforço;HUMANO;Nov;10;Q4;11;0,0
2025-11-14;PROMESSA;0,0;Esforço;HUMANO;Nov;10;Q4;11;0,0
2025-11-14;TRABALHADO;0,0;Esforço;HUMANO;Nov;10;Q4;11;0,0
2025-11-14;TRABALHADO;0,0;Esforço;HUMANO;Nov;10;Q4;11;0,0
2025-11-14;TRABALHADO;0,0;Esforço;HUMANO;Nov;10;Q4;11;0,0
2025-11-14;TRABALHADO;0,0;Esforço;HUMANO;Nov;10;Q4;11;0,0
2025-11-14;TRABALHADO;0,0;Esforço;HUMANO;Nov;10;Q4;11;0,0
2025-11-14;TRABALHADO;0,0;Esforço;HUMANO;Nov;10;Q4;11;0,0
2025-11-14;TRABALHADO;0,0;Esforço;HUMANO;Nov;10;Q4;11;0,0
2025-11-14;TRABALHADO;0,0;Esforço;HUMANO;Nov;10;Q4;11;0,0
2025-11-14;TRABALHADO;0,0;Esforço;HUMANO;Nov;10;Q4;11;0,0
2025-11-14;TRABALHADO;0,0;Esforço;HUMANO;Nov;10;Q4;11;0,0
2025-11-14;TRABALHADO;1,0;Esforço;HUMANO;Nov;10;Q4;11;79,9
2025-11-14;TRABALHADO;5520,0;Esforço;HUMANO;Nov;10;Q4;11;1070481,86
2025-11-14;TRABALHADO;17974,0;Esforço;HUMANO;Nov;10;Q4;11;3751831,3600000003
2025-11-14;TRABALHADO;36684,0;Esforço;HUMANO;Nov;10;Q4;11;8514970,75
2025-11-14;TRABALHADO;32491,0;Esforço;HUMANO;Nov;10;Q4;11;6121358,4399999995
2025-11-14;TRABALHADO;26188,0;Esforço;HUMANO;Nov;10;Q4;11;5704583,65
2025-11-14;TRABALHADO;30686,0;Esforço;HUMANO;Nov;10;Q4;11;8886366,07
2025-11-14;TRABALHADO;60014,0;Esforço;HUMANO;Nov;10;Q4;11;11978726,599999998
2025-11-14;TRABALHADO;127224,0;Esforço;HUMANO;Nov;10;Q4;11;58800757,53
2025-11-14;TRABALHADO;949,0;Esforço;HUMANO;Nov;10;Q4;11;243895,82
2025-11-14;ACIONAMENTOS;2,0;Maior 720;HUMANO;Nov;10;Q4;11;150,98000000000002
2025-11-14;ACIONAMENTOS;0,0;Maior 720;HUMANO;Nov;10;Q4;11;0,0
2025-11-14;CPC;0,0;Maior 720;HUMANO;Nov;10;Q4;11;0,0
2025-11-14;CPC;0,0;Maior 720;HUMANO;Nov;10;Q4;11;0,0
2025-11-14;CPCA;0,0;Maior 720;HUMANO;Nov;10;Q4;11;0,0
2025-11-14;CPCA;0,0;Maior 720;HUMANO;Nov;10;Q4;11;0,0
2025-11-14;PROMESSA;0,0;Maior 720;HUMANO;Nov;10;Q4;11;0,0
2025-11-14;PROMESSA;0,0;Maior 720;HUMANO;Nov;10;Q4;11;0,0
2025-11-14;TRABALHADO;0,0;Maior 720;HUMANO;Nov;10;Q4;11;0,0
2025-11-14;TRABALHADO;856,0;Maior 720;HUMANO;Nov;10;Q4;11;222251,30000000002
2025-11-14;ACIONAMENTOS;6,0;Preventivo;HUMANO;Nov;10;Q4;11;782,25
2025-11-14;ACIONAMENTOS;0,0;Preventivo;HUMANO;Nov;10;Q4;11;0,0
2025-11-14;CPC;6,0;Preventivo;HUMANO;Nov;10;Q4;11;782,25
2025-11-14;CPC;0,0;Preventivo;HUMANO;Nov;10;Q4;11;0,0
2025-11-14;CPCA;4,0;Preventivo;HUMANO;Nov;10;Q4;11;425,27
2025-11-14;CPCA;0,0;Preventivo;HUMANO;Nov;10;Q4;11;0,0
2025-11-14;PROMESSA;1,0;Preventivo;HUMANO;Nov;10;Q4;11;79,9
2025-11-14;PROMESSA;0,0;Preventivo;HUMANO;Nov;10;Q4;11;0,0
2025-11-14;TRABALHADO;0,0;Preventivo;HUMANO;Nov;10;Q4;11;0,0
2025-11-14;TRABALHADO;1,0;Preventivo;HUMANO;Nov;10;Q4;11;79,9
2025-11-14;ACIONAMENTOS;5,0;Unique;HUMANO;Nov;10;Q4;11;490,39
2025-11-14;ACIONAMENTOS;165,0;Unique;HUMANO;Nov;10;Q4;11;19845,489999999998
2025-11-14;ACIONAMENTOS;228,0;Unique;HUMANO;Nov;10;Q4;11;46483,8
2025-11-14;ACIONAMENTOS;383,0;Unique;HUMANO;Nov;10;Q4;11;88946,59
2025-11-14;ACIONAMENTOS;326,0;Unique;HUMANO;Nov;10;Q4;11;59861,509999999995
2025-11-14;ACIONAMENTOS;223,0;Unique;HUMANO;Nov;10;Q4;11;48808,39
2025-11-14;ACIONAMENTOS;277,0;Unique;HUMANO;Nov;10;Q4;11;76507,79999999999
2025-11-14;ACIONAMENTOS;129,0;Unique;HUMANO;Nov;10;Q4;11;20980,1
2025-11-14;ACIONAMENTOS;547,0;Unique;HUMANO;Nov;10;Q4;11;188113,22999999998
2025-11-14;ACIONAMENTOS;2,0;Unique;HUMANO;Nov;10;Q4;11;150,98000000000002
2025-11-14;ACIONAMENTOS;0,0;Unique;HUMANO;Nov;10;Q4;11;0,0
2025-11-14;ACIONAMENTOS;0,0;Unique;HUMANO;Nov;10;Q4;11;0,0
2025-11-14;ACIONAMENTOS;3,0;Unique;HUMANO;Nov;10;Q4;11;830,9599999999999
2025-11-14;ACIONAMENTOS;36,0;Unique;HUMANO;Nov;10;Q4;11;9065,430000000002
2025-11-14;ACIONAMENTOS;8,0;Unique;HUMANO;Nov;10;Q4;11;1347,3300000000002
2025-11-14;ACIONAMENTOS;7,0;Unique;HUMANO;Nov;10;Q4;11;1959,6599999999999
2025-11-14;ACIONAMENTOS;17,0;Unique;HUMANO;Nov;10;Q4;11;4787,94
2025-11-14;ACIONAMENTOS;3,0;Unique;HUMANO;Nov;10;Q4;11;919,4100000000001
2025-11-14;ACIONAMENTOS;14,0;Unique;HUMANO;Nov;10;Q4;11;4571,5199999999995
2025-11-14;ACIONAMENTOS;0,0;Unique;HUMANO;Nov;10;Q4;11;0,0
2025-11-14;CPC;5,0;Unique;HUMANO;Nov;10;Q4;11;490,39
2025-11-14;CPC;92,0;Unique;HUMANO;Nov;10;Q4;11;9222,269999999999
2025-11-14;CPC;83,0;Unique;HUMANO;Nov;10;Q4;11;13758,78
2025-11-14;CPC;128,0;Unique;HUMANO;Nov;10;Q4;11;26624,710000000003
2025-11-14;CPC;85,0;Unique;HUMANO;Nov;10;Q4;11;16257,939999999997
2025-11-14;CPC;61,0;Unique;HUMANO;Nov;10;Q4;11;12748,829999999998
2025-11-14;CPC;73,0;Unique;HUMANO;Nov;10;Q4;11;18836,819999999996
2025-11-14;CPC;63,0;Unique;HUMANO;Nov;10;Q4;11;9591,789999999999
2025-11-14;CPC;205,0;Unique;HUMANO;Nov;10;Q4;11;60518,350000000006
2025-11-14;CPC;0,0;Unique;HUMANO;Nov;10;Q4;11;0,0
2025-11-14;CPC;0,0;Unique;HUMANO;Nov;10;Q4;11;0,0
2025-11-14;CPC;0,0;Unique;HUMANO;Nov;10;Q4;11;0,0
2025-11-14;CPC;0,0;Unique;HUMANO;Nov;10;Q4;11;0,0
2025-11-14;CPC;0,0;Unique;HUMANO;Nov;10;Q4;11;0,0
2025-11-14;CPC;0,0;Unique;HUMANO;Nov;10;Q4;11;0,0
2025-11-14;CPC;0,0;Unique;HUMANO;Nov;10;Q4;11;0,0
2025-11-14;CPC;0,0;Unique;HUMANO;Nov;10;Q4;11;0,0
2025-11-14;CPC;0,0;Unique;HUMANO;Nov;10;Q4;11;0,0
2025-11-14;CPC;0,0;Unique;HUMANO;Nov;10;Q4;11;0,0
2025-11-14;CPC;0,0;Unique;HUMANO;Nov;10;Q4;11;0,0
2025-11-14;CPCA;4,0;Unique;HUMANO;Nov;10;Q4;11;425,27
2025-11-14;CPCA;46,0;Unique;HUMANO;Nov;10;Q4;11;4306,34
2025-11-14;CPCA;52,0;Unique;HUMANO;Nov;10;Q4;11;9335,169999999998
2025-11-14;CPCA;99,0;Unique;HUMANO;Nov;10;Q4;11;21367,649999999998
2025-11-14;CPCA;57,0;Unique;HUMANO;Nov;10;Q4;11;11162,859999999999
2025-11-14;CPCA;42,0;Unique;HUMANO;Nov;10;Q4;11;8704,639999999998
2025-11-14;CPCA;46,0;Unique;HUMANO;Nov;10;Q4;11;11500,42
2025-11-14;CPCA;49,0;Unique;HUMANO;Nov;10;Q4;11;7778,98
2025-11-14;CPCA;158,0;Unique;HUMANO;Nov;10;Q4;11;48478,72
2025-11-14;CPCA;0,0;Unique;HUMANO;Nov;10;Q4;11;0,0
2025-11-14;CPCA;0,0;Unique;HUMANO;Nov;10;Q4;11;0,0
2025-11-14;CPCA;0,0;Unique;HUMANO;Nov;10;Q4;11;0,0
2025-11-14;CPCA;0,0;Unique;HUMANO;Nov;10;Q4;11;0,0
2025-11-14;CPCA;0,0;Unique;HUMANO;Nov;10;Q4;11;0,0
2025-11-14;CPCA;0,0;Unique;HUMANO;Nov;10;Q4;11;0,0
2025-11-14;CPCA;0,0;Unique;HUMANO;Nov;10;Q4;11;0,0
2025-11-14;CPCA;0,0;Unique;HUMANO;Nov;10;Q4;11;0,0
2025-11-14;CPCA;0,0;Unique;HUMANO;Nov;10;Q4;11;0,0
2025-11-14;CPCA;0,0;Unique;HUMANO;Nov;10;Q4;11;0,0
2025-11-14;CPCA;0,0;Unique;HUMANO;Nov;10;Q4;11;0,0
2025-11-14;PROMESSA;1,0;Unique;HUMANO;Nov;10;Q4;11;79,9
2025-11-14;PROMESSA;34,0;Unique;HUMANO;Nov;10;Q4;11;2349,74
2025-11-14;PROMESSA;32,0;Unique;HUMANO;Nov;10;Q4;11;5020,360000000001
2025-11-14;PROMESSA;29,0;Unique;HUMANO;Nov;10;Q4;11;4915,8
2025-11-14;PROMESSA;21,0;Unique;HUMANO;Nov;10;Q4;11;4383,700000000001
2025-11-14;PROMESSA;22,0;Unique;HUMANO;Nov;10;Q4;11;4292,6
2025-11-14;PROMESSA;16,0;Unique;HUMANO;Nov;10;Q4;11;3503,63
2025-11-14;PROMESSA;28,0;Unique;HUMANO;Nov;10;Q4;11;4476,749999999999
2025-11-14;PROMESSA;86,0;Unique;HUMANO;Nov;10;Q4;11;19604,600000000002
2025-11-14;PROMESSA;0,0;Unique;HUMANO;Nov;10;Q4;11;0,0
2025-11-14;PROMESSA;0,0;Unique;HUMANO;Nov;10;Q4;11;0,0
2025-11-14;PROMESSA;0,0;Unique;HUMANO;Nov;10;Q4;11;0,0
2025-11-14;PROMESSA;0,0;Unique;HUMANO;Nov;10;Q4;11;0,0
2025-11-14;PROMESSA;0,0;Unique;HUMANO;Nov;10;Q4;11;0,0
2025-11-14;PROMESSA;0,0;Unique;HUMANO;Nov;10;Q4;11;0,0
2025-11-14;PROMESSA;0,0;Unique;HUMANO;Nov;10;Q4;11;0,0
2025-11-14;PROMESSA;0,0;Unique;HUMANO;Nov;10;Q4;11;0,0
2025-11-14;PROMESSA;0,0;Unique;HUMANO;Nov;10;Q4;11;0,0
2025-11-14;PROMESSA;0,0;Unique;HUMANO;Nov;10;Q4;11;0,0
2025-11-14;PROMESSA;0,0;Unique;HUMANO;Nov;10;Q4;11;0,0
2025-11-14;TRABALHADO;0,0;Unique;HUMANO;Nov;10;Q4;11;0,0
2025-11-14;TRABALHADO;0,0;Unique;HUMANO;Nov;10;Q4;11;0,0
2025-11-14;TRABALHADO;0,0;Unique;HUMANO;Nov;10;Q4;11;0,0
2025-11-14;TRABALHADO;0,0;Unique;HUMANO;Nov;10;Q4;11;0,0
2025-11-14;TRABALHADO;0,0;Unique;HUMANO;Nov;10;Q4;11;0,0
2025-11-14;TRABALHADO;0,0;Unique;HUMANO;Nov;10;Q4;11;0,0
2025-11-14;TRABALHADO;0,0;Unique;HUMANO;Nov;10;Q4;11;0,0
2025-11-14;TRABALHADO;0,0;Unique;HUMANO;Nov;10;Q4;11;0,0
2025-11-14;TRABALHADO;0,0;Unique;HUMANO;Nov;10;Q4;11;0,0
2025-11-14;TRABALHADO;0,0;Unique;HUMANO;Nov;10;Q4;11;0,0
2025-11-14;TRABALHADO;0,0;Unique;HUMANO;Nov;10;Q4;11;0,0
2025-11-14;TRABALHADO;1846,0;Unique;HUMANO;Nov;10;Q4;11;314616,96
2025-11-14;TRABALHADO;1920,0;Unique;HUMANO;Nov;10;Q4;11;413357,57000000007
2025-11-14;TRABALHADO;4586,0;Unique;HUMANO;Nov;10;Q4;11;1046990,1699999998
2025-11-14;TRABALHADO;3087,0;Unique;HUMANO;Nov;10;Q4;11;606168,89
2025-11-14;TRABALHADO;2370,0;Unique;HUMANO;Nov;10;Q4;11;629393,9
2025-11-14;TRABALHADO;2540,0;Unique;HUMANO;Nov;10;Q4;11;748215,1100000001
2025-11-14;TRABALHADO;16111,0;Unique;HUMANO;Nov;10;Q4;11;3108082,64
2025-11-14;TRABALHADO;22988,0;Unique;HUMANO;Nov;10;Q4;11;10177054,32
2025-11-14;TRABALHADO;856,0;Unique;HUMANO;Nov;10;Q4;11;222251,30000000002
2025-11-17;ACIONAMENTOS;198,0;0-30;HUMANO;Nov;11;Q4;11;23760,549999999996
2025-11-17;ACIONAMENTOS;0,0;0-30;HUMANO;Nov;11;Q4;11;0,0
2025-11-17;CPC;117,0;0-30;HUMANO;Nov;11;Q4;11;11466,279999999999
2025-11-17;CPC;0,0;0-30;HUMANO;Nov;11;Q4;11;0,0
2025-11-17;CPCA;63,0;0-30;HUMANO;Nov;11;Q4;11;5284,660000000001
2025-11-17;CPCA;0,0;0-30;HUMANO;Nov;11;Q4;11;0,0
2025-11-17;PROMESSA;47,0;0-30;HUMANO;Nov;11;Q4;11;3048,5000000000005
2025-11-17;PROMESSA;0,0;0-30;HUMANO;Nov;11;Q4;11;0,0
2025-11-17;TRABALHADO;0,0;0-30;HUMANO;Nov;11;Q4;11;0,0
2025-11-17;TRABALHADO;2057,0;0-30;HUMANO;Nov;11;Q4;11;358877,76
2025-11-17;ACIONAMENTOS;296,0;121-150;HUMANO;Nov;11;Q4;11;62745,56999999999
2025-11-17;ACIONAMENTOS;7,0;121-150;HUMANO;Nov;11;Q4;11;1959,6599999999999
2025-11-17;CPC;71,0;121-150;HUMANO;Nov;11;Q4;11;14186,709999999994
2025-11-17;CPC;0,0;121-150;HUMANO;Nov;11;Q4;11;0,0
2025-11-17;CPCA;48,0;121-150;HUMANO;Nov;11;Q4;11;9661,48
2025-11-17;CPCA;0,0;121-150;HUMANO;Nov;11;Q4;11;0,0
2025-11-17;PROMESSA;25,0;121-150;HUMANO;Nov;11;Q4;11;4433,090000000001
2025-11-17;PROMESSA;0,0;121-150;HUMANO;Nov;11;Q4;11;0,0
2025-11-17;TRABALHADO;0,0;121-150;HUMANO;Nov;11;Q4;11;0,0
2025-11-17;TRABALHADO;5108,0;121-150;HUMANO;Nov;11;Q4;11;1148818,92
2025-11-17;ACIONAMENTOS;328,0;151-180;HUMANO;Nov;11;Q4;11;90763,06
2025-11-17;ACIONAMENTOS;17,0;151-180;HUMANO;Nov;11;Q4;11;4787,94
2025-11-17;CPC;80,0;151-180;HUMANO;Nov;11;Q4;11;20442,68
2025-11-17;CPC;0,0;151-180;HUMANO;Nov;11;Q4;11;0,0
2025-11-17;CPCA;51,0;151-180;HUMANO;Nov;11;Q4;11;12751,029999999999
2025-11-17;CPCA;0,0;151-180;HUMANO;Nov;11;Q4;11;0,0
2025-11-17;PROMESSA;17,0;151-180;HUMANO;Nov;11;Q4;11;3734,5600000000004
2025-11-17;PROMESSA;0,0;151-180;HUMANO;Nov;11;Q4;11;0,0
2025-11-17;TRABALHADO;0,0;151-180;HUMANO;Nov;11;Q4;11;0,0
2025-11-17;TRABALHADO;4350,0;151-180;HUMANO;Nov;11;Q4;11;1224696,81
2025-11-17;ACIONAMENTOS;168,0;181-360;HUMANO;Nov;11;Q4;11;28097,410000000003
2025-11-17;ACIONAMENTOS;3,0;181-360;HUMANO;Nov;11;Q4;11;919,4100000000001
2025-11-17;CPC;75,0;181-360;HUMANO;Nov;11;Q4;11;11658,49
2025-11-17;CPC;0,0;181-360;HUMANO;Nov;11;Q4;11;0,0
2025-11-17;CPCA;58,0;181-360;HUMANO;Nov;11;Q4;11;8778,279999999999
2025-11-17;CPCA;0,0;181-360;HUMANO;Nov;11;Q4;11;0,0
2025-11-17;PROMESSA;33,0;181-360;HUMANO;Nov;11;Q4;11;5053,259999999999
2025-11-17;PROMESSA;0,0;181-360;HUMANO;Nov;11;Q4;11;0,0
2025-11-17;TRABALHADO;0,0;181-360;HUMANO;Nov;11;Q4;11;0,0
2025-11-17;TRABALHADO;18127,0;181-360;HUMANO;Nov;11;Q4;11;3401906,54
2025-11-17;ACIONAMENTOS;261,0;31-60;HUMANO;Nov;11;Q4;11;52188,80000000001
2025-11-17;ACIONAMENTOS;3,0;31-60;HUMANO;Nov;11;Q4;11;830,9599999999999
2025-11-17;CPC;97,0;31-60;HUMANO;Nov;11;Q4;11;16165,14
2025-11-17;CPC;0,0;31-60;HUMANO;Nov;11;Q4;11;0,0
2025-11-17;CPCA;59,0;31-60;HUMANO;Nov;11;Q4;11;10477,68
2025-11-17;CPCA;0,0;31-60;HUMANO;Nov;11;Q4;11;0,0
2025-11-17;PROMESSA;36,0;31-60;HUMANO;Nov;11;Q4;11;5993,27
2025-11-17;PROMESSA;0,0;31-60;HUMANO;Nov;11;Q4;11;0,0
2025-11-17;TRABALHADO;0,0;31-60;HUMANO;Nov;11;Q4;11;0,0
2025-11-17;TRABALHADO;2768,0;31-60;HUMANO;Nov;11;Q4;11;594372,4
2025-11-17;ACIONAMENTOS;552,0;361-720;HUMANO;Nov;11;Q4;11;189453,77000000002
2025-11-17;ACIONAMENTOS;14,0;361-720;HUMANO;Nov;11;Q4;11;4571,5199999999995
2025-11-17;CPC;205,0;361-720;HUMANO;Nov;11;Q4;11;60518,350000000006
2025-11-17;CPC;0,0;361-720;HUMANO;Nov;11;Q4;11;0,0
2025-11-17;CPCA;158,0;361-720;HUMANO;Nov;11;Q4;11;48478,72
2025-11-17;CPCA;0,0;361-720;HUMANO;Nov;11;Q4;11;0,0
2025-11-17;PROMESSA;86,0;361-720;HUMANO;Nov;11;Q4;11;19604,600000000002
2025-11-17;PROMESSA;0,0;361-720;HUMANO;Nov;11;Q4;11;0,0
2025-11-17;TRABALHADO;0,0;361-720;HUMANO;Nov;11;Q4;11;0,0
2025-11-17;TRABALHADO;23009,0;361-720;HUMANO;Nov;11;Q4;11;10182597,91
2025-11-17;ACIONAMENTOS;424,0;61-90;HUMANO;Nov;11;Q4;11;98227,47
2025-11-17;ACIONAMENTOS;36,0;61-90;HUMANO;Nov;11;Q4;11;9065,430000000002
2025-11-17;CPC;136,0;61-90;HUMANO;Nov;11;Q4;11;27814,089999999997
2025-11-17;CPC;0,0;61-90;HUMANO;Nov;11;Q4;11;0,0
2025-11-17;CPCA;102,0;61-90;HUMANO;Nov;11;Q4;11;21800,050000000003
2025-11-17;CPCA;0,0;61-90;HUMANO;Nov;11;Q4;11;0,0
2025-11-17;PROMESSA;30,0;61-90;HUMANO;Nov;11;Q4;11;5111,009999999999
2025-11-17;PROMESSA;0,0;61-90;HUMANO;Nov;11;Q4;11;0,0
2025-11-17;TRABALHADO;0,0;61-90;HUMANO;Nov;11;Q4;11;0,0
2025-11-17;TRABALHADO;5407,0;61-90;HUMANO;Nov;11;Q4;11;1217849,7599999998
2025-11-17;ACIONAMENTOS;397,0;91-120;HUMANO;Nov;11;Q4;11;74910,95000000001
2025-11-17;ACIONAMENTOS;13,0;91-120;HUMANO;Nov;11;Q4;11;2481,8900000000003
2025-11-17;CPC;99,0;91-120;HUMANO;Nov;11;Q4;11;19251,530000000002
2025-11-17;CPC;0,0;91-120;HUMANO;Nov;11;Q4;11;0,0
2025-11-17;CPCA;67,0;91-120;HUMANO;Nov;11;Q4;11;13423,029999999997
2025-11-17;CPCA;0,0;91-120;HUMANO;Nov;11;Q4;11;0,0
2025-11-17;PROMESSA;22,0;91-120;HUMANO;Nov;11;Q4;11;4548,87
2025-11-17;PROMESSA;0,0;91-120;HUMANO;Nov;11;Q4;11;0,0
2025-11-17;TRABALHADO;0,0;91-120;HUMANO;Nov;11;Q4;11;0,0
2025-11-17;TRABALHADO;6163,0;91-120;HUMANO;Nov;11;Q4;11;1235721,7
2025-11-17;ACIONAMENTOS;7,0;Esforço;HUMANO;Nov;11;Q4;11;862,15
2025-11-17;ACIONAMENTOS;216,0;Esforço;HUMANO;Nov;11;Q4;11;25986,820000000003
2025-11-17;ACIONAMENTOS;305,0;Esforço;HUMANO;Nov;11;Q4;11;60968,07000000001
2025-11-17;ACIONAMENTOS;507,0;Esforço;HUMANO;Nov;11;Q4;11;118391,13
2025-11-17;ACIONAMENTOS;453,0;Esforço;HUMANO;Nov;11;Q4;11;85682,92000000001
2025-11-17;ACIONAMENTOS;361,0;Esforço;HUMANO;Nov;11;Q4;11;75884,33
2025-11-17;ACIONAMENTOS;371,0;Esforço;HUMANO;Nov;11;Q4;11;103196,02000000002
2025-11-17;ACIONAMENTOS;171,0;Esforço;HUMANO;Nov;11;Q4;11;28954,589999999997
2025-11-17;ACIONAMENTOS;735,0;Esforço;HUMANO;Nov;11;Q4;11;244320,13
2025-11-17;ACIONAMENTOS;2,0;Esforço;HUMANO;Nov;11;Q4;11;150,98000000000002
2025-11-17;ACIONAMENTOS;0,0;Esforço;HUMANO;Nov;11;Q4;11;0,0
2025-11-17;ACIONAMENTOS;0,0;Esforço;HUMANO;Nov;11;Q4;11;0,0
2025-11-17;ACIONAMENTOS;3,0;Esforço;HUMANO;Nov;11;Q4;11;830,96
2025-11-17;ACIONAMENTOS;36,0;Esforço;HUMANO;Nov;11;Q4;11;9065,43
2025-11-17;ACIONAMENTOS;13,0;Esforço;HUMANO;Nov;11;Q4;11;2481,89
2025-11-17;ACIONAMENTOS;7,0;Esforço;HUMANO;Nov;11;Q4;11;1959,6599999999999
2025-11-17;ACIONAMENTOS;17,0;Esforço;HUMANO;Nov;11;Q4;11;4787,9400000000005
2025-11-17;ACIONAMENTOS;3,0;Esforço;HUMANO;Nov;11;Q4;11;919,4100000000001
2025-11-17;ACIONAMENTOS;14,0;Esforço;HUMANO;Nov;11;Q4;11;4571,52
2025-11-17;ACIONAMENTOS;0,0;Esforço;HUMANO;Nov;11;Q4;11;0,0
2025-11-17;CPC;7,0;Esforço;HUMANO;Nov;11;Q4;11;862,15
2025-11-17;CPC;123,0;Esforço;HUMANO;Nov;11;Q4;11;11777,72
2025-11-17;CPC;102,0;Esforço;HUMANO;Nov;11;Q4;11;16946,3
2025-11-17;CPC;144,0;Esforço;HUMANO;Nov;11;Q4;11;28922,82
2025-11-17;CPC;103,0;Esforço;HUMANO;Nov;11;Q4;11;20421,19
2025-11-17;CPC;73,0;Esforço;HUMANO;Nov;11;Q4;11;14372,609999999999
2025-11-17;CPC;80,0;Esforço;HUMANO;Nov;11;Q4;11;20442,68
2025-11-17;CPC;75,0;Esforço;HUMANO;Nov;11;Q4;11;11658,49
2025-11-17;CPC;222,0;Esforço;HUMANO;Nov;11;Q4;11;63249,04
2025-11-17;CPC;0,0;Esforço;HUMANO;Nov;11;Q4;11;0,0
2025-11-17;CPC;0,0;Esforço;HUMANO;Nov;11;Q4;11;0,0
2025-11-17;CPC;0,0;Esforço;HUMANO;Nov;11;Q4;11;0,0
2025-11-17;CPC;0,0;Esforço;HUMANO;Nov;11;Q4;11;0,0
2025-11-17;CPC;0,0;Esforço;HUMANO;Nov;11;Q4;11;0,0
2025-11-17;CPC;0,0;Esforço;HUMANO;Nov;11;Q4;11;0,0
2025-11-17;CPC;0,0;Esforço;HUMANO;Nov;11;Q4;11;0,0
2025-11-17;CPC;0,0;Esforço;HUMANO;Nov;11;Q4;11;0,0
2025-11-17;CPC;0,0;Esforço;HUMANO;Nov;11;Q4;11;0,0
2025-11-17;CPC;0,0;Esforço;HUMANO;Nov;11;Q4;11;0,0
2025-11-17;CPC;0,0;Esforço;HUMANO;Nov;11;Q4;11;0,0
2025-11-17;CPCA;5,0;Esforço;HUMANO;Nov;11;Q4;11;505,16999999999996
2025-11-17;CPCA;67,0;Esforço;HUMANO;Nov;11;Q4;11;5486,3
2025-11-17;CPCA;62,0;Esforço;HUMANO;Nov;11;Q4;11;11039,239999999998
2025-11-17;CPCA;106,0;Esforço;HUMANO;Nov;11;Q4;11;22320,84
2025-11-17;CPCA;71,0;Esforço;HUMANO;Nov;11;Q4;11;14592,69
2025-11-17;CPCA;49,0;Esforço;HUMANO;Nov;11;Q4;11;9818,609999999999
2025-11-17;CPCA;51,0;Esforço;HUMANO;Nov;11;Q4;11;12751,029999999997
2025-11-17;CPCA;58,0;Esforço;HUMANO;Nov;11;Q4;11;8778,28
2025-11-17;CPCA;165,0;Esforço;HUMANO;Nov;11;Q4;11;49154,89
2025-11-17;CPCA;0,0;Esforço;HUMANO;Nov;11;Q4;11;0,0
2025-11-17;CPCA;0,0;Esforço;HUMANO;Nov;11;Q4;11;0,0
2025-11-17;CPCA;0,0;Esforço;HUMANO;Nov;11;Q4;11;0,0
2025-11-17;CPCA;0,0;Esforço;HUMANO;Nov;11;Q4;11;0,0
2025-11-17;CPCA;0,0;Esforço;HUMANO;Nov;11;Q4;11;0,0
2025-11-17;CPCA;0,0;Esforço;HUMANO;Nov;11;Q4;11;0,0
2025-11-17;CPCA;0,0;Esforço;HUMANO;Nov;11;Q4;11;0,0
2025-11-17;CPCA;0,0;Esforço;HUMANO;Nov;11;Q4;11;0,0
2025-11-17;CPCA;0,0;Esforço;HUMANO;Nov;11;Q4;11;0,0
2025-11-17;CPCA;0,0;Esforço;HUMANO;Nov;11;Q4;11;0,0
2025-11-17;CPCA;0,0;Esforço;HUMANO;Nov;11;Q4;11;0,0
2025-11-17;PROMESSA;1,0;Esforço;HUMANO;Nov;11;Q4;11;79,9
2025-11-17;PROMESSA;51,0;Esforço;HUMANO;Nov;11;Q4;11;3250,14
2025-11-17;PROMESSA;38,0;Esforço;HUMANO;Nov;11;Q4;11;6399,990000000001
2025-11-17;PROMESSA;31,0;Esforço;HUMANO;Nov;11;Q4;11;5140,91
2025-11-17;PROMESSA;24,0;Esforço;HUMANO;Nov;11;Q4;11;5160,210000000001
2025-11-17;PROMESSA;25,0;Esforço;HUMANO;Nov;11;Q4;11;4433,09
2025-11-17;PROMESSA;17,0;Esforço;HUMANO;Nov;11;Q4;11;3734,5600000000004
2025-11-17;PROMESSA;33,0;Esforço;HUMANO;Nov;11;Q4;11;5053,259999999999
2025-11-17;PROMESSA;89,0;Esforço;HUMANO;Nov;11;Q4;11;19786,21
2025-11-17;PROMESSA;0,0;Esforço;HUMANO;Nov;11;Q4;11;0,0
2025-11-17;PROMESSA;0,0;Esforço;HUMANO;Nov;11;Q4;11;0,0
2025-11-17;PROMESSA;0,0;Esforço;HUMANO;Nov;11;Q4;11;0,0
2025-11-17;PROMESSA;0,0;Esforço;HUMANO;Nov;11;Q4;11;0,0
2025-11-17;PROMESSA;0,0;Esforço;HUMANO;Nov;11;Q4;11;0,0
2025-11-17;PROMESSA;0,0;Esforço;HUMANO;Nov;11;Q4;11;0,0
2025-11-17;PROMESSA;0,0;Esforço;HUMANO;Nov;11;Q4;11;0,0
2025-11-17;PROMESSA;0,0;Esforço;HUMANO;Nov;11;Q4;11;0,0
2025-11-17;PROMESSA;0,0;Esforço;HUMANO;Nov;11;Q4;11;0,0
2025-11-17;PROMESSA;0,0;Esforço;HUMANO;Nov;11;Q4;11;0,0
2025-11-17;PROMESSA;0,0;Esforço;HUMANO;Nov;11;Q4;11;0,0
2025-11-17;TRABALHADO;0,0;Esforço;HUMANO;Nov;11;Q4;11;0,0
2025-11-17;TRABALHADO;0,0;Esforço;HUMANO;Nov;11;Q4;11;0,0
2025-11-17;TRABALHADO;0,0;Esforço;HUMANO;Nov;11;Q4;11;0,0
2025-11-17;TRABALHADO;0,0;Esforço;HUMANO;Nov;11;Q4;11;0,0
2025-11-17;TRABALHADO;0,0;Esforço;HUMANO;Nov;11;Q4;11;0,0
2025-11-17;TRABALHADO;0,0;Esforço;HUMANO;Nov;11;Q4;11;0,0
2025-11-17;TRABALHADO;0,0;Esforço;HUMANO;Nov;11;Q4;11;0,0
2025-11-17;TRABALHADO;0,0;Esforço;HUMANO;Nov;11;Q4;11;0,0
2025-11-17;TRABALHADO;0,0;Esforço;HUMANO;Nov;11;Q4;11;0,0
2025-11-17;TRABALHADO;0,0;Esforço;HUMANO;Nov;11;Q4;11;0,0
2025-11-17;TRABALHADO;1,0;Esforço;HUMANO;Nov;11;Q4;11;79,9
2025-11-17;TRABALHADO;5526,0;Esforço;HUMANO;Nov;11;Q4;11;1071895,36
2025-11-17;TRABALHADO;19441,0;Esforço;HUMANO;Nov;11;Q4;11;4082834,84
2025-11-17;TRABALHADO;38316,0;Esforço;HUMANO;Nov;11;Q4;11;8963271,5
2025-11-17;TRABALHADO;36273,0;Esforço;HUMANO;Nov;11;Q4;11;6899371,869999999
2025-11-17;TRABALHADO;29993,0;Esforço;HUMANO;Nov;11;Q4;11;6443706,700000001
2025-11-17;TRABALHADO;34784,0;Esforço;HUMANO;Nov;11;Q4;11;10090511,030000001
2025-11-17;TRABALHADO;72894,0;Esforço;HUMANO;Nov;11;Q4;11;14686136,579999998
2025-11-17;TRABALHADO;127232,0;Esforço;HUMANO;Nov;11;Q4;11;58802057,849999994
2025-11-17;TRABALHADO;1794,0;Esforço;HUMANO;Nov;11;Q4;11;446727,88
2025-11-17;ACIONAMENTOS;2,0;Maior 720;HUMANO;Nov;11;Q4;11;150,98000000000002
2025-11-17;ACIONAMENTOS;0,0;Maior 720;HUMANO;Nov;11;Q4;11;0,0
2025-11-17;CPC;0,0;Maior 720;HUMANO;Nov;11;Q4;11;0,0
2025-11-17;CPC;0,0;Maior 720;HUMANO;Nov;11;Q4;11;0,0
2025-11-17;CPCA;0,0;Maior 720;HUMANO;Nov;11;Q4;11;0,0
2025-11-17;CPCA;0,0;Maior 720;HUMANO;Nov;11;Q4;11;0,0
2025-11-17;PROMESSA;0,0;Maior 720;HUMANO;Nov;11;Q4;11;0,0
2025-11-17;PROMESSA;0,0;Maior 720;HUMANO;Nov;11;Q4;11;0,0
2025-11-17;TRABALHADO;0,0;Maior 720;HUMANO;Nov;11;Q4;11;0,0
2025-11-17;TRABALHADO;1504,0;Maior 720;HUMANO;Nov;11;Q4;11;382241,52
2025-11-17;ACIONAMENTOS;6,0;Preventivo;HUMANO;Nov;11;Q4;11;782,25
2025-11-17;ACIONAMENTOS;0,0;Preventivo;HUMANO;Nov;11;Q4;11;0,0
2025-11-17;CPC;6,0;Preventivo;HUMANO;Nov;11;Q4;11;782,25
2025-11-17;CPC;0,0;Preventivo;HUMANO;Nov;11;Q4;11;0,0
2025-11-17;CPCA;4,0;Preventivo;HUMANO;Nov;11;Q4;11;425,27
2025-11-17;CPCA;0,0;Preventivo;HUMANO;Nov;11;Q4;11;0,0
2025-11-17;PROMESSA;1,0;Preventivo;HUMANO;Nov;11;Q4;11;79,9
2025-11-17;PROMESSA;0,0;Preventivo;HUMANO;Nov;11;Q4;11;0,0
2025-11-17;TRABALHADO;0,0;Preventivo;HUMANO;Nov;11;Q4;11;0,0
2025-11-17;TRABALHADO;1,0;Preventivo;HUMANO;Nov;11;Q4;11;79,9
2025-11-17;ACIONAMENTOS;5,0;Unique;HUMANO;Nov;11;Q4;11;490,39
2025-11-17;ACIONAMENTOS;183,0;Unique;HUMANO;Nov;11;Q4;11;20655,25
2025-11-17;ACIONAMENTOS;241,0;Unique;HUMANO;Nov;11;Q4;11;49315,87
2025-11-17;ACIONAMENTOS;396,0;Unique;HUMANO;Nov;11;Q4;11;91568,05
2025-11-17;ACIONAMENTOS;361,0;Unique;HUMANO;Nov;11;Q4;11;67473,89
2025-11-17;ACIONAMENTOS;259,0;Unique;HUMANO;Nov;11;Q4;11;55844,56
2025-11-17;ACIONAMENTOS;313,0;Unique;HUMANO;Nov;11;Q4;11;86653,65
2025-11-17;ACIONAMENTOS;166,0;Unique;HUMANO;Nov;11;Q4;11;27680,25
2025-11-17;ACIONAMENTOS;547,0;Unique;HUMANO;Nov;11;Q4;11;188113,22999999998
2025-11-17;ACIONAMENTOS;2,0;Unique;HUMANO;Nov;11;Q4;11;150,98000000000002
2025-11-17;ACIONAMENTOS;0,0;Unique;HUMANO;Nov;11;Q4;11;0,0
2025-11-17;ACIONAMENTOS;0,0;Unique;HUMANO;Nov;11;Q4;11;0,0
2025-11-17;ACIONAMENTOS;3,0;Unique;HUMANO;Nov;11;Q4;11;830,9599999999999
2025-11-17;ACIONAMENTOS;36,0;Unique;HUMANO;Nov;11;Q4;11;9065,430000000002
2025-11-17;ACIONAMENTOS;13,0;Unique;HUMANO;Nov;11;Q4;11;2481,8900000000003
2025-11-17;ACIONAMENTOS;7,0;Unique;HUMANO;Nov;11;Q4;11;1959,6599999999999
2025-11-17;ACIONAMENTOS;17,0;Unique;HUMANO;Nov;11;Q4;11;4787,94
2025-11-17;ACIONAMENTOS;3,0;Unique;HUMANO;Nov;11;Q4;11;919,4100000000001
2025-11-17;ACIONAMENTOS;14,0;Unique;HUMANO;Nov;11;Q4;11;4571,5199999999995
2025-11-17;ACIONAMENTOS;0,0;Unique;HUMANO;Nov;11;Q4;11;0,0
2025-11-17;CPC;5,0;Unique;HUMANO;Nov;11;Q4;11;490,39
2025-11-17;CPC;111,0;Unique;HUMANO;Nov;11;Q4;11;10308,589999999997
2025-11-17;CPC;93,0;Unique;HUMANO;Nov;11;Q4;11;15835,74
2025-11-17;CPC;134,0;Unique;HUMANO;Nov;11;Q4;11;27610,07
2025-11-17;CPC;94,0;Unique;HUMANO;Nov;11;Q4;11;18554,92
2025-11-17;CPC;70,0;Unique;HUMANO;Nov;11;Q4;11;14027,269999999997
2025-11-17;CPC;78,0;Unique;HUMANO;Nov;11;Q4;11;19925,719999999998
2025-11-17;CPC;74,0;Unique;HUMANO;Nov;11;Q4;11;11423,089999999998
2025-11-17;CPC;205,0;Unique;HUMANO;Nov;11;Q4;11;60518,350000000006
2025-11-17;CPC;0,0;Unique;HUMANO;Nov;11;Q4;11;0,0
2025-11-17;CPC;0,0;Unique;HUMANO;Nov;11;Q4;11;0,0
2025-11-17;CPC;0,0;Unique;HUMANO;Nov;11;Q4;11;0,0
2025-11-17;CPC;0,0;Unique;HUMANO;Nov;11;Q4;11;0,0
2025-11-17;CPC;0,0;Unique;HUMANO;Nov;11;Q4;11;0,0
2025-11-17;CPC;0,0;Unique;HUMANO;Nov;11;Q4;11;0,0
2025-11-17;CPC;0,0;Unique;HUMANO;Nov;11;Q4;11;0,0
2025-11-17;CPC;0,0;Unique;HUMANO;Nov;11;Q4;11;0,0
2025-11-17;CPC;0,0;Unique;HUMANO;Nov;11;Q4;11;0,0
2025-11-17;CPC;0,0;Unique;HUMANO;Nov;11;Q4;11;0,0
2025-11-17;CPC;0,0;Unique;HUMANO;Nov;11;Q4;11;0,0
2025-11-17;CPCA;4,0;Unique;HUMANO;Nov;11;Q4;11;425,27
2025-11-17;CPCA;62,0;Unique;HUMANO;Nov;11;Q4;11;5254,760000000001
2025-11-17;CPCA;56,0;Unique;HUMANO;Nov;11;Q4;11;10308,080000000002
2025-11-17;CPCA;102,0;Unique;HUMANO;Nov;11;Q4;11;21800,050000000003
2025-11-17;CPCA;64,0;Unique;HUMANO;Nov;11;Q4;11;13060,34
2025-11-17;CPCA;48,0;Unique;HUMANO;Nov;11;Q4;11;9661,48
2025-11-17;CPCA;50,0;Unique;HUMANO;Nov;11;Q4;11;12437,769999999999
2025-11-17;CPCA;58,0;Unique;HUMANO;Nov;11;Q4;11;8778,279999999999
2025-11-17;CPCA;158,0;Unique;HUMANO;Nov;11;Q4;11;48478,72
2025-11-17;CPCA;0,0;Unique;HUMANO;Nov;11;Q4;11;0,0
2025-11-17;CPCA;0,0;Unique;HUMANO;Nov;11;Q4;11;0,0
2025-11-17;CPCA;0,0;Unique;HUMANO;Nov;11;Q4;11;0,0
2025-11-17;CPCA;0,0;Unique;HUMANO;Nov;11;Q4;11;0,0
2025-11-17;CPCA;0,0;Unique;HUMANO;Nov;11;Q4;11;0,0
2025-11-17;CPCA;0,0;Unique;HUMANO;Nov;11;Q4;11;0,0
2025-11-17;CPCA;0,0;Unique;HUMANO;Nov;11;Q4;11;0,0
2025-11-17;CPCA;0,0;Unique;HUMANO;Nov;11;Q4;11;0,0
2025-11-17;CPCA;0,0;Unique;HUMANO;Nov;11;Q4;11;0,0
2025-11-17;CPCA;0,0;Unique;HUMANO;Nov;11;Q4;11;0,0
2025-11-17;CPCA;0,0;Unique;HUMANO;Nov;11;Q4;11;0,0
2025-11-17;PROMESSA;1,0;Unique;HUMANO;Nov;11;Q4;11;79,9
2025-11-17;PROMESSA;47,0;Unique;HUMANO;Nov;11;Q4;11;3048,5000000000005
2025-11-17;PROMESSA;36,0;Unique;HUMANO;Nov;11;Q4;11;5993,27
2025-11-17;PROMESSA;30,0;Unique;HUMANO;Nov;11;Q4;11;5111,009999999999
2025-11-17;PROMESSA;22,0;Unique;HUMANO;Nov;11;Q4;11;4548,87
2025-11-17;PROMESSA;25,0;Unique;HUMANO;Nov;11;Q4;11;4433,090000000001
2025-11-17;PROMESSA;17,0;Unique;HUMANO;Nov;11;Q4;11;3734,5600000000004
2025-11-17;PROMESSA;33,0;Unique;HUMANO;Nov;11;Q4;11;5053,259999999999
2025-11-17;PROMESSA;86,0;Unique;HUMANO;Nov;11;Q4;11;19604,600000000002
2025-11-17;PROMESSA;0,0;Unique;HUMANO;Nov;11;Q4;11;0,0
2025-11-17;PROMESSA;0,0;Unique;HUMANO;Nov;11;Q4;11;0,0
2025-11-17;PROMESSA;0,0;Unique;HUMANO;Nov;11;Q4;11;0,0
2025-11-17;PROMESSA;0,0;Unique;HUMANO;Nov;11;Q4;11;0,0
2025-11-17;PROMESSA;0,0;Unique;HUMANO;Nov;11;Q4;11;0,0
2025-11-17;PROMESSA;0,0;Unique;HUMANO;Nov;11;Q4;11;0,0
2025-11-17;PROMESSA;0,0;Unique;HUMANO;Nov;11;Q4;11;0,0
2025-11-17;PROMESSA;0,0;Unique;HUMANO;Nov;11;Q4;11;0,0
2025-11-17;PROMESSA;0,0;Unique;HUMANO;Nov;11;Q4;11;0,0
2025-11-17;PROMESSA;0,0;Unique;HUMANO;Nov;11;Q4;11;0,0
2025-11-17;PROMESSA;0,0;Unique;HUMANO;Nov;11;Q4;11;0,0
2025-11-17;TRABALHADO;0,0;Unique;HUMANO;Nov;11;Q4;11;0,0
2025-11-17;TRABALHADO;0,0;Unique;HUMANO;Nov;11;Q4;11;0,0
2025-11-17;TRABALHADO;0,0;Unique;HUMANO;Nov;11;Q4;11;0,0
2025-11-17;TRABALHADO;0,0;Unique;HUMANO;Nov;11;Q4;11;0,0
2025-11-17;TRABALHADO;0,0;Unique;HUMANO;Nov;11;Q4;11;0,0
2025-11-17;TRABALHADO;0,0;Unique;HUMANO;Nov;11;Q4;11;0,0
2025-11-17;TRABALHADO;0,0;Unique;HUMANO;Nov;11;Q4;11;0,0
2025-11-17;TRABALHADO;0,0;Unique;HUMANO;Nov;11;Q4;11;0,0
2025-11-17;TRABALHADO;0,0;Unique;HUMANO;Nov;11;Q4;11;0,0
2025-11-17;TRABALHADO;0,0;Unique;HUMANO;Nov;11;Q4;11;0,0
2025-11-17;TRABALHADO;0,0;Unique;HUMANO;Nov;11;Q4;11;0,0
2025-11-17;TRABALHADO;1847,0;Unique;HUMANO;Nov;11;Q4;11;314776,76
2025-11-17;TRABALHADO;1933,0;Unique;HUMANO;Nov;11;Q4;11;416369,37
2025-11-17;TRABALHADO;4591,0;Unique;HUMANO;Nov;11;Q4;11;1048628,77
2025-11-17;TRABALHADO;3125,0;Unique;HUMANO;Nov;11;Q4;11;613909,79
2025-11-17;TRABALHADO;2462,0;Unique;HUMANO;Nov;11;Q4;11;647215,68
2025-11-17;TRABALHADO;2558,0;Unique;HUMANO;Nov;11;Q4;11;751596,1100000001
2025-11-17;TRABALHADO;17542,0;Unique;HUMANO;Nov;11;Q4;11;3253530,76
2025-11-17;TRABALHADO;22989,0;Unique;HUMANO;Nov;11;Q4;11;10177373,920000002
2025-11-17;TRABALHADO;1504,0;Unique;HUMANO;Nov;11;Q4;11;382241,52
2025-11-18;ACIONAMENTOS;271,0;0-30;HUMANO;Nov;12;Q4;11;28835,460000000006
2025-11-18;ACIONAMENTOS;0,0;0-30;HUMANO;Nov;12;Q4;11;0,0
2025-11-18;CPC;150,0;0-30;HUMANO;Nov;12;Q4;11;13672,07
2025-11-18;CPC;0,0;0-30;HUMANO;Nov;12;Q4;11;0,0
2025-11-18;CPCA;91,0;0-30;HUMANO;Nov;12;Q4;11;7095,03
2025-11-18;CPCA;0,0;0-30;HUMANO;Nov;12;Q4;11;0,0
2025-11-18;PROMESSA;68,0;0-30;HUMANO;Nov;12;Q4;11;4479,47
2025-11-18;PROMESSA;0,0;0-30;HUMANO;Nov;12;Q4;11;0,0
2025-11-18;TRABALHADO;0,0;0-30;HUMANO;Nov;12;Q4;11;0,0
2025-11-18;TRABALHADO;5370,0;0-30;HUMANO;Nov;12;Q4;11;561775,63
2025-11-18;ACIONAMENTOS;331,0;121-150;HUMANO;Nov;12;Q4;11;66252,04999999999
2025-11-18;ACIONAMENTOS;7,0;121-150;HUMANO;Nov;12;Q4;11;1959,6599999999999
2025-11-18;CPC;81,0;121-150;HUMANO;Nov;12;Q4;11;15061,97
2025-11-18;CPC;0,0;121-150;HUMANO;Nov;12;Q4;11;0,0
2025-11-18;CPCA;56,0;121-150;HUMANO;Nov;12;Q4;11;10285,88
2025-11-18;CPCA;0,0;121-150;HUMANO;Nov;12;Q4;11;0,0
2025-11-18;PROMESSA;31,0;121-150;HUMANO;Nov;12;Q4;11;4737,890000000001
2025-11-18;PROMESSA;0,0;121-150;HUMANO;Nov;12;Q4;11;0,0
2025-11-18;TRABALHADO;0,0;121-150;HUMANO;Nov;12;Q4;11;0,0
2025-11-18;TRABALHADO;6699,0;121-150;HUMANO;Nov;12;Q4;11;1270111,69
2025-11-18;ACIONAMENTOS;342,0;151-180;HUMANO;Nov;12;Q4;11;92414,13
2025-11-18;ACIONAMENTOS;17,0;151-180;HUMANO;Nov;12;Q4;11;4787,94
2025-11-18;CPC;84,0;151-180;HUMANO;Nov;12;Q4;11;20977,459999999995
2025-11-18;CPC;0,0;151-180;HUMANO;Nov;12;Q4;11;0,0
2025-11-18;CPCA;55,0;151-180;HUMANO;Nov;12;Q4;11;13285,81
2025-11-18;CPCA;0,0;151-180;HUMANO;Nov;12;Q4;11;0,0
2025-11-18;PROMESSA;19,0;151-180;HUMANO;Nov;12;Q4;11;4207,62
2025-11-18;PROMESSA;0,0;151-180;HUMANO;Nov;12;Q4;11;0,0
2025-11-18;TRABALHADO;0,0;151-180;HUMANO;Nov;12;Q4;11;0,0
2025-11-18;TRABALHADO;4834,0;151-180;HUMANO;Nov;12;Q4;11;1264975,23
2025-11-18;ACIONAMENTOS;215,0;181-360;HUMANO;Nov;12;Q4;11;35470,23000000001
2025-11-18;ACIONAMENTOS;4,0;181-360;HUMANO;Nov;12;Q4;11;999,3100000000001
2025-11-18;CPC;110,0;181-360;HUMANO;Nov;12;Q4;11;17680,03000000001
2025-11-18;CPC;0,0;181-360;HUMANO;Nov;12;Q4;11;0,0
2025-11-18;CPCA;89,0;181-360;HUMANO;Nov;12;Q4;11;13233,09
2025-11-18;CPCA;0,0;181-360;HUMANO;Nov;12;Q4;11;0,0
2025-11-18;PROMESSA;51,0;181-360;HUMANO;Nov;12;Q4;11;8079,779999999999
2025-11-18;PROMESSA;0,0;181-360;HUMANO;Nov;12;Q4;11;0,0
2025-11-18;TRABALHADO;0,0;181-360;HUMANO;Nov;12;Q4;11;0,0
2025-11-18;TRABALHADO;19563,0;181-360;HUMANO;Nov;12;Q4;11;3846046,2899999996
2025-11-18;ACIONAMENTOS;335,0;31-60;HUMANO;Nov;12;Q4;11;61122,35
2025-11-18;ACIONAMENTOS;3,0;31-60;HUMANO;Nov;12;Q4;11;830,9599999999999
2025-11-18;CPC;118,0;31-60;HUMANO;Nov;12;Q4;11;18111,27
2025-11-18;CPC;0,0;31-60;HUMANO;Nov;12;Q4;11;0,0
2025-11-18;CPCA;78,0;31-60;HUMANO;Nov;12;Q4;11;12264,009999999998
2025-11-18;CPCA;0,0;31-60;HUMANO;Nov;12;Q4;11;0,0
2025-11-18;PROMESSA;48,0;31-60;HUMANO;Nov;12;Q4;11;7206,99
2025-11-18;PROMESSA;0,0;31-60;HUMANO;Nov;12;Q4;11;0,0
2025-11-18;TRABALHADO;0,0;31-60;HUMANO;Nov;12;Q4;11;0,0
2025-11-18;TRABALHADO;6519,0;31-60;HUMANO;Nov;12;Q4;11;941206,0900000001
2025-11-18;ACIONAMENTOS;552,0;361-720;HUMANO;Nov;12;Q4;11;189453,77000000002
2025-11-18;ACIONAMENTOS;14,0;361-720;HUMANO;Nov;12;Q4;11;4571,5199999999995
2025-11-18;CPC;205,0;361-720;HUMANO;Nov;12;Q4;11;60518,350000000006
2025-11-18;CPC;0,0;361-720;HUMANO;Nov;12;Q4;11;0,0
2025-11-18;CPCA;158,0;361-720;HUMANO;Nov;12;Q4;11;48478,72
2025-11-18;CPCA;0,0;361-720;HUMANO;Nov;12;Q4;11;0,0
2025-11-18;PROMESSA;86,0;361-720;HUMANO;Nov;12;Q4;11;19604,600000000002
2025-11-18;PROMESSA;0,0;361-720;HUMANO;Nov;12;Q4;11;0,0
2025-11-18;TRABALHADO;0,0;361-720;HUMANO;Nov;12;Q4;11;0,0
2025-11-18;TRABALHADO;23009,0;361-720;HUMANO;Nov;12;Q4;11;10182597,91
2025-11-18;ACIONAMENTOS;442,0;61-90;HUMANO;Nov;12;Q4;11;100279,55
2025-11-18;ACIONAMENTOS;37,0;61-90;HUMANO;Nov;12;Q4;11;9378,690000000004
2025-11-18;CPC;143,0;61-90;HUMANO;Nov;12;Q4;11;28779,699999999997
2025-11-18;CPC;0,0;61-90;HUMANO;Nov;12;Q4;11;0,0
2025-11-18;CPCA;109,0;61-90;HUMANO;Nov;12;Q4;11;22765,66
2025-11-18;CPCA;0,0;61-90;HUMANO;Nov;12;Q4;11;0,0
2025-11-18;PROMESSA;35,0;61-90;HUMANO;Nov;12;Q4;11;5708,58
2025-11-18;PROMESSA;0,0;61-90;HUMANO;Nov;12;Q4;11;0,0
2025-11-18;TRABALHADO;0,0;61-90;HUMANO;Nov;12;Q4;11;0,0
2025-11-18;TRABALHADO;5897,0;61-90;HUMANO;Nov;12;Q4;11;1260973,4
2025-11-18;ACIONAMENTOS;418,0;91-120;HUMANO;Nov;12;Q4;11;76872,4
2025-11-18;ACIONAMENTOS;13,0;91-120;HUMANO;Nov;12;Q4;11;2481,8900000000003
2025-11-18;CPC;106,0;91-120;HUMANO;Nov;12;Q4;11;20219,38
2025-11-18;CPC;0,0;91-120;HUMANO;Nov;12;Q4;11;0,0
2025-11-18;CPCA;71,0;91-120;HUMANO;Nov;12;Q4;11;13771,659999999994
2025-11-18;CPCA;0,0;91-120;HUMANO;Nov;12;Q4;11;0,0
2025-11-18;PROMESSA;25,0;91-120;HUMANO;Nov;12;Q4;11;4812,83
2025-11-18;PROMESSA;0,0;91-120;HUMANO;Nov;12;Q4;11;0,0
2025-11-18;TRABALHADO;0,0;91-120;HUMANO;Nov;12;Q4;11;0,0
2025-11-18;TRABALHADO;7259,0;91-120;HUMANO;Nov;12;Q4;11;1319596,31
2025-11-18;ACIONAMENTOS;8,0;Esforço;HUMANO;Nov;12;Q4;11;1021,95
2025-11-18;ACIONAMENTOS;291,0;Esforço;HUMANO;Nov;12;Q4;11;31221,53
2025-11-18;ACIONAMENTOS;382,0;Esforço;HUMANO;Nov;12;Q4;11;70381,02
2025-11-18;ACIONAMENTOS;526,0;Esforço;HUMANO;Nov;12;Q4;11;120603,01000000001
2025-11-18;ACIONAMENTOS;477,0;Esforço;HUMANO;Nov;12;Q4;11;88402,33
2025-11-18;ACIONAMENTOS;398,0;Esforço;HUMANO;Nov;12;Q4;11;79710,41
2025-11-18;ACIONAMENTOS;388,0;Esforço;HUMANO;Nov;12;Q4;11;105477,37000000002
2025-11-18;ACIONAMENTOS;222,0;Esforço;HUMANO;Nov;12;Q4;11;37470,219999999994
2025-11-18;ACIONAMENTOS;735,0;Esforço;HUMANO;Nov;12;Q4;11;244320,13
2025-11-18;ACIONAMENTOS;2,0;Esforço;HUMANO;Nov;12;Q4;11;150,98000000000002
2025-11-18;ACIONAMENTOS;0,0;Esforço;HUMANO;Nov;12;Q4;11;0,0
2025-11-18;ACIONAMENTOS;0,0;Esforço;HUMANO;Nov;12;Q4;11;0,0
2025-11-18;ACIONAMENTOS;3,0;Esforço;HUMANO;Nov;12;Q4;11;830,96
2025-11-18;ACIONAMENTOS;37,0;Esforço;HUMANO;Nov;12;Q4;11;9378,69
2025-11-18;ACIONAMENTOS;13,0;Esforço;HUMANO;Nov;12;Q4;11;2481,89
2025-11-18;ACIONAMENTOS;7,0;Esforço;HUMANO;Nov;12;Q4;11;1959,6599999999999
2025-11-18;ACIONAMENTOS;17,0;Esforço;HUMANO;Nov;12;Q4;11;4787,9400000000005
2025-11-18;ACIONAMENTOS;4,0;Esforço;HUMANO;Nov;12;Q4;11;999,3100000000001
2025-11-18;ACIONAMENTOS;14,0;Esforço;HUMANO;Nov;12;Q4;11;4571,52
2025-11-18;ACIONAMENTOS;0,0;Esforço;HUMANO;Nov;12;Q4;11;0,0
2025-11-18;CPC;7,0;Esforço;HUMANO;Nov;12;Q4;11;862,15
2025-11-18;CPC;157,0;Esforço;HUMANO;Nov;12;Q4;11;14063,409999999996
2025-11-18;CPC;124,0;Esforço;HUMANO;Nov;12;Q4;11;19052,230000000007
2025-11-18;CPC;151,0;Esforço;HUMANO;Nov;12;Q4;11;29888,429999999997
2025-11-18;CPC;110,0;Esforço;HUMANO;Nov;12;Q4;11;21389,04
2025-11-18;CPC;83,0;Esforço;HUMANO;Nov;12;Q4;11;15247,869999999997
2025-11-18;CPC;85,0;Esforço;HUMANO;Nov;12;Q4;11;21290,72
2025-11-18;CPC;113,0;Esforço;HUMANO;Nov;12;Q4;11;18583,140000000003
2025-11-18;CPC;222,0;Esforço;HUMANO;Nov;12;Q4;11;63249,04
2025-11-18;CPC;0,0;Esforço;HUMANO;Nov;12;Q4;11;0,0
2025-11-18;CPC;0,0;Esforço;HUMANO;Nov;12;Q4;11;0,0
2025-11-18;CPC;0,0;Esforço;HUMANO;Nov;12;Q4;11;0,0
2025-11-18;CPC;0,0;Esforço;HUMANO;Nov;12;Q4;11;0,0
2025-11-18;CPC;0,0;Esforço;HUMANO;Nov;12;Q4;11;0,0
2025-11-18;CPC;0,0;Esforço;HUMANO;Nov;12;Q4;11;0,0
2025-11-18;CPC;0,0;Esforço;HUMANO;Nov;12;Q4;11;0,0
2025-11-18;CPC;0,0;Esforço;HUMANO;Nov;12;Q4;11;0,0
2025-11-18;CPC;0,0;Esforço;HUMANO;Nov;12;Q4;11;0,0
2025-11-18;CPC;0,0;Esforço;HUMANO;Nov;12;Q4;11;0,0
2025-11-18;CPC;0,0;Esforço;HUMANO;Nov;12;Q4;11;0,0
2025-11-18;CPCA;5,0;Esforço;HUMANO;Nov;12;Q4;11;505,16999999999996
2025-11-18;CPCA;96,0;Esforço;HUMANO;Nov;12;Q4;11;7376,570000000001
2025-11-18;CPCA;82,0;Esforço;HUMANO;Nov;12;Q4;11;12985,369999999999
2025-11-18;CPCA;113,0;Esforço;HUMANO;Nov;12;Q4;11;23286,450000000004
2025-11-18;CPCA;75,0;Esforço;HUMANO;Nov;12;Q4;11;14941,320000000002
2025-11-18;CPCA;57,0;Esforço;HUMANO;Nov;12;Q4;11;10443,01
2025-11-18;CPCA;55,0;Esforço;HUMANO;Nov;12;Q4;11;13285,809999999998
2025-11-18;CPCA;90,0;Esforço;HUMANO;Nov;12;Q4;11;13257,199999999997
2025-11-18;CPCA;165,0;Esforço;HUMANO;Nov;12;Q4;11;49154,89
2025-11-18;CPCA;0,0;Esforço;HUMANO;Nov;12;Q4;11;0,0
2025-11-18;CPCA;0,0;Esforço;HUMANO;Nov;12;Q4;11;0,0
2025-11-18;CPCA;0,0;Esforço;HUMANO;Nov;12;Q4;11;0,0
2025-11-18;CPCA;0,0;Esforço;HUMANO;Nov;12;Q4;11;0,0
2025-11-18;CPCA;0,0;Esforço;HUMANO;Nov;12;Q4;11;0,0
2025-11-18;CPCA;0,0;Esforço;HUMANO;Nov;12;Q4;11;0,0
2025-11-18;CPCA;0,0;Esforço;HUMANO;Nov;12;Q4;11;0,0
2025-11-18;CPCA;0,0;Esforço;HUMANO;Nov;12;Q4;11;0,0
2025-11-18;CPCA;0,0;Esforço;HUMANO;Nov;12;Q4;11;0,0
2025-11-18;CPCA;0,0;Esforço;HUMANO;Nov;12;Q4;11;0,0
2025-11-18;CPCA;0,0;Esforço;HUMANO;Nov;12;Q4;11;0,0
2025-11-18;PROMESSA;1,0;Esforço;HUMANO;Nov;12;Q4;11;79,9
2025-11-18;PROMESSA;73,0;Esforço;HUMANO;Nov;12;Q4;11;4761,009999999999
2025-11-18;PROMESSA;51,0;Esforço;HUMANO;Nov;12;Q4;11;7773,509999999999
2025-11-18;PROMESSA;36,0;Esforço;HUMANO;Nov;12;Q4;11;5738,4800000000005
2025-11-18;PROMESSA;27,0;Esforço;HUMANO;Nov;12;Q4;11;5424,17
2025-11-18;PROMESSA;31,0;Esforço;HUMANO;Nov;12;Q4;11;4737,89
2025-11-18;PROMESSA;19,0;Esforço;HUMANO;Nov;12;Q4;11;4207,620000000001
2025-11-18;PROMESSA;52,0;Esforço;HUMANO;Nov;12;Q4;11;8103,8899999999985
2025-11-18;PROMESSA;89,0;Esforço;HUMANO;Nov;12;Q4;11;19786,21
2025-11-18;PROMESSA;0,0;Esforço;HUMANO;Nov;12;Q4;11;0,0
2025-11-18;PROMESSA;0,0;Esforço;HUMANO;Nov;12;Q4;11;0,0
2025-11-18;PROMESSA;0,0;Esforço;HUMANO;Nov;12;Q4;11;0,0
2025-11-18;PROMESSA;0,0;Esforço;HUMANO;Nov;12;Q4;11;0,0
2025-11-18;PROMESSA;0,0;Esforço;HUMANO;Nov;12;Q4;11;0,0
2025-11-18;PROMESSA;0,0;Esforço;HUMANO;Nov;12;Q4;11;0,0
2025-11-18;PROMESSA;0,0;Esforço;HUMANO;Nov;12;Q4;11;0,0
2025-11-18;PROMESSA;0,0;Esforço;HUMANO;Nov;12;Q4;11;0,0
2025-11-18;PROMESSA;0,0;Esforço;HUMANO;Nov;12;Q4;11;0,0
2025-11-18;PROMESSA;0,0;Esforço;HUMANO;Nov;12;Q4;11;0,0
2025-11-18;PROMESSA;0,0;Esforço;HUMANO;Nov;12;Q4;11;0,0
2025-11-18;TRABALHADO;0,0;Esforço;HUMANO;Nov;12;Q4;11;0,0
2025-11-18;TRABALHADO;0,0;Esforço;HUMANO;Nov;12;Q4;11;0,0
2025-11-18;TRABALHADO;0,0;Esforço;HUMANO;Nov;12;Q4;11;0,0
2025-11-18;TRABALHADO;0,0;Esforço;HUMANO;Nov;12;Q4;11;0,0
2025-11-18;TRABALHADO;0,0;Esforço;HUMANO;Nov;12;Q4;11;0,0
2025-11-18;TRABALHADO;0,0;Esforço;HUMANO;Nov;12;Q4;11;0,0
2025-11-18;TRABALHADO;0,0;Esforço;HUMANO;Nov;12;Q4;11;0,0
2025-11-18;TRABALHADO;0,0;Esforço;HUMANO;Nov;12;Q4;11;0,0
2025-11-18;TRABALHADO;0,0;Esforço;HUMANO;Nov;12;Q4;11;0,0
2025-11-18;TRABALHADO;0,0;Esforço;HUMANO;Nov;12;Q4;11;0,0
2025-11-18;TRABALHADO;1,0;Esforço;HUMANO;Nov;12;Q4;11;79,9
2025-11-18;TRABALHADO;8879,0;Esforço;HUMANO;Nov;12;Q4;11;1277556,35
2025-11-18;TRABALHADO;23659,0;Esforço;HUMANO;Nov;12;Q4;11;4511951,5
2025-11-18;TRABALHADO;39124,0;Esforço;HUMANO;Nov;12;Q4;11;9069565,379999999
2025-11-18;TRABALHADO;38132,0;Esforço;HUMANO;Nov;12;Q4;11;7117839,2299999995
2025-11-18;TRABALHADO;33283,0;Esforço;HUMANO;Nov;12;Q4;11;6851029,99
2025-11-18;TRABALHADO;36273,0;Esforço;HUMANO;Nov;12;Q4;11;10391147,120000001
2025-11-18;TRABALHADO;89641,0;Esforço;HUMANO;Nov;12;Q4;11;18158571,21
2025-11-18;TRABALHADO;127232,0;Esforço;HUMANO;Nov;12;Q4;11;58802057,849999994
2025-11-18;TRABALHADO;1794,0;Esforço;HUMANO;Nov;12;Q4;11;446727,88
2025-11-18;ACIONAMENTOS;2,0;Maior 720;HUMANO;Nov;12;Q4;11;150,98000000000002
2025-11-18;ACIONAMENTOS;0,0;Maior 720;HUMANO;Nov;12;Q4;11;0,0
2025-11-18;CPC;0,0;Maior 720;HUMANO;Nov;12;Q4;11;0,0
2025-11-18;CPC;0,0;Maior 720;HUMANO;Nov;12;Q4;11;0,0
2025-11-18;CPCA;0,0;Maior 720;HUMANO;Nov;12;Q4;11;0,0
2025-11-18;CPCA;0,0;Maior 720;HUMANO;Nov;12;Q4;11;0,0
2025-11-18;PROMESSA;0,0;Maior 720;HUMANO;Nov;12;Q4;11;0,0
2025-11-18;PROMESSA;0,0;Maior 720;HUMANO;Nov;12;Q4;11;0,0
2025-11-18;TRABALHADO;0,0;Maior 720;HUMANO;Nov;12;Q4;11;0,0
2025-11-18;TRABALHADO;1504,0;Maior 720;HUMANO;Nov;12;Q4;11;382241,52
2025-11-18;ACIONAMENTOS;7,0;Preventivo;HUMANO;Nov;12;Q4;11;942,05
2025-11-18;ACIONAMENTOS;0,0;Preventivo;HUMANO;Nov;12;Q4;11;0,0
2025-11-18;CPC;6,0;Preventivo;HUMANO;Nov;12;Q4;11;782,25
2025-11-18;CPC;0,0;Preventivo;HUMANO;Nov;12;Q4;11;0,0
2025-11-18;CPCA;4,0;Preventivo;HUMANO;Nov;12;Q4;11;425,27
2025-11-18;CPCA;0,0;Preventivo;HUMANO;Nov;12;Q4;11;0,0
2025-11-18;PROMESSA;1,0;Preventivo;HUMANO;Nov;12;Q4;11;79,9
2025-11-18;PROMESSA;0,0;Preventivo;HUMANO;Nov;12;Q4;11;0,0
2025-11-18;TRABALHADO;0,0;Preventivo;HUMANO;Nov;12;Q4;11;0,0
2025-11-18;TRABALHADO;1,0;Preventivo;HUMANO;Nov;12;Q4;11;79,9
2025-11-18;ACIONAMENTOS;6,0;Unique;HUMANO;Nov;12;Q4;11;650,1899999999999
2025-11-18;ACIONAMENTOS;256,0;Unique;HUMANO;Nov;12;Q4;11;25730,160000000003
2025-11-18;ACIONAMENTOS;315,0;Unique;HUMANO;Nov;12;Q4;11;58249,42
2025-11-18;ACIONAMENTOS;414,0;Unique;HUMANO;Nov;12;Q4;11;93620,13
2025-11-18;ACIONAMENTOS;380,0;Unique;HUMANO;Nov;12;Q4;11;69101,42
2025-11-18;ACIONAMENTOS;290,0;Unique;HUMANO;Nov;12;Q4;11;58642,84999999999
2025-11-18;ACIONAMENTOS;327,0;Unique;HUMANO;Nov;12;Q4;11;88304,71999999999
2025-11-18;ACIONAMENTOS;213,0;Unique;HUMANO;Nov;12;Q4;11;35053,07000000001
2025-11-18;ACIONAMENTOS;547,0;Unique;HUMANO;Nov;12;Q4;11;188113,22999999998
2025-11-18;ACIONAMENTOS;2,0;Unique;HUMANO;Nov;12;Q4;11;150,98000000000002
2025-11-18;ACIONAMENTOS;0,0;Unique;HUMANO;Nov;12;Q4;11;0,0
2025-11-18;ACIONAMENTOS;0,0;Unique;HUMANO;Nov;12;Q4;11;0,0
2025-11-18;ACIONAMENTOS;3,0;Unique;HUMANO;Nov;12;Q4;11;830,9599999999999
2025-11-18;ACIONAMENTOS;37,0;Unique;HUMANO;Nov;12;Q4;11;9378,690000000004
2025-11-18;ACIONAMENTOS;13,0;Unique;HUMANO;Nov;12;Q4;11;2481,8900000000003
2025-11-18;ACIONAMENTOS;7,0;Unique;HUMANO;Nov;12;Q4;11;1959,6599999999999
2025-11-18;ACIONAMENTOS;17,0;Unique;HUMANO;Nov;12;Q4;11;4787,94
2025-11-18;ACIONAMENTOS;4,0;Unique;HUMANO;Nov;12;Q4;11;999,3100000000001
2025-11-18;ACIONAMENTOS;14,0;Unique;HUMANO;Nov;12;Q4;11;4571,5199999999995
2025-11-18;ACIONAMENTOS;0,0;Unique;HUMANO;Nov;12;Q4;11;0,0
2025-11-18;CPC;5,0;Unique;HUMANO;Nov;12;Q4;11;490,39
2025-11-18;CPC;144,0;Unique;HUMANO;Nov;12;Q4;11;12514,380000000001
2025-11-18;CPC;114,0;Unique;HUMANO;Nov;12;Q4;11;17781,87
2025-11-18;CPC;141,0;Unique;HUMANO;Nov;12;Q4;11;28575,68
2025-11-18;CPC;100,0;Unique;HUMANO;Nov;12;Q4;11;19348,65
2025-11-18;CPC;80,0;Unique;HUMANO;Nov;12;Q4;11;14902,529999999999
2025-11-18;CPC;82,0;Unique;HUMANO;Nov;12;Q4;11;20460,499999999996
2025-11-18;CPC;109,0;Unique;HUMANO;Nov;12;Q4;11;17444,63000000001
2025-11-18;CPC;205,0;Unique;HUMANO;Nov;12;Q4;11;60518,350000000006
2025-11-18;CPC;0,0;Unique;HUMANO;Nov;12;Q4;11;0,0
2025-11-18;CPC;0,0;Unique;HUMANO;Nov;12;Q4;11;0,0
2025-11-18;CPC;0,0;Unique;HUMANO;Nov;12;Q4;11;0,0
2025-11-18;CPC;0,0;Unique;HUMANO;Nov;12;Q4;11;0,0
2025-11-18;CPC;0,0;Unique;HUMANO;Nov;12;Q4;11;0,0
2025-11-18;CPC;0,0;Unique;HUMANO;Nov;12;Q4;11;0,0
2025-11-18;CPC;0,0;Unique;HUMANO;Nov;12;Q4;11;0,0
2025-11-18;CPC;0,0;Unique;HUMANO;Nov;12;Q4;11;0,0
2025-11-18;CPC;0,0;Unique;HUMANO;Nov;12;Q4;11;0,0
2025-11-18;CPC;0,0;Unique;HUMANO;Nov;12;Q4;11;0,0
2025-11-18;CPC;0,0;Unique;HUMANO;Nov;12;Q4;11;0,0
2025-11-18;CPCA;4,0;Unique;HUMANO;Nov;12;Q4;11;425,27
2025-11-18;CPCA;90,0;Unique;HUMANO;Nov;12;Q4;11;7065,129999999999
2025-11-18;CPCA;75,0;Unique;HUMANO;Nov;12;Q4;11;12094,41
2025-11-18;CPCA;109,0;Unique;HUMANO;Nov;12;Q4;11;22765,66
2025-11-18;CPCA;68,0;Unique;HUMANO;Nov;12;Q4;11;13408,969999999998
2025-11-18;CPCA;56,0;Unique;HUMANO;Nov;12;Q4;11;10285,88
2025-11-18;CPCA;54,0;Unique;HUMANO;Nov;12;Q4;11;12972,549999999997
2025-11-18;CPCA;89,0;Unique;HUMANO;Nov;12;Q4;11;13233,09
2025-11-18;CPCA;158,0;Unique;HUMANO;Nov;12;Q4;11;48478,72
2025-11-18;CPCA;0,0;Unique;HUMANO;Nov;12;Q4;11;0,0
2025-11-18;CPCA;0,0;Unique;HUMANO;Nov;12;Q4;11;0,0
2025-11-18;CPCA;0,0;Unique;HUMANO;Nov;12;Q4;11;0,0
2025-11-18;CPCA;0,0;Unique;HUMANO;Nov;12;Q4;11;0,0
2025-11-18;CPCA;0,0;Unique;HUMANO;Nov;12;Q4;11;0,0
2025-11-18;CPCA;0,0;Unique;HUMANO;Nov;12;Q4;11;0,0
2025-11-18;CPCA;0,0;Unique;HUMANO;Nov;12;Q4;11;0,0
2025-11-18;CPCA;0,0;Unique;HUMANO;Nov;12;Q4;11;0,0
2025-11-18;CPCA;0,0;Unique;HUMANO;Nov;12;Q4;11;0,0
2025-11-18;CPCA;0,0;Unique;HUMANO;Nov;12;Q4;11;0,0
2025-11-18;CPCA;0,0;Unique;HUMANO;Nov;12;Q4;11;0,0
2025-11-18;PROMESSA;1,0;Unique;HUMANO;Nov;12;Q4;11;79,9
2025-11-18;PROMESSA;68,0;Unique;HUMANO;Nov;12;Q4;11;4479,47
2025-11-18;PROMESSA;48,0;Unique;HUMANO;Nov;12;Q4;11;7206,99
2025-11-18;PROMESSA;35,0;Unique;HUMANO;Nov;12;Q4;11;5708,58
2025-11-18;PROMESSA;25,0;Unique;HUMANO;Nov;12;Q4;11;4812,83
2025-11-18;PROMESSA;31,0;Unique;HUMANO;Nov;12;Q4;11;4737,890000000001
2025-11-18;PROMESSA;19,0;Unique;HUMANO;Nov;12;Q4;11;4207,62
2025-11-18;PROMESSA;51,0;Unique;HUMANO;Nov;12;Q4;11;8079,779999999999
2025-11-18;PROMESSA;86,0;Unique;HUMANO;Nov;12;Q4;11;19604,600000000002
2025-11-18;PROMESSA;0,0;Unique;HUMANO;Nov;12;Q4;11;0,0
2025-11-18;PROMESSA;0,0;Unique;HUMANO;Nov;12;Q4;11;0,0
2025-11-18;PROMESSA;0,0;Unique;HUMANO;Nov;12;Q4;11;0,0
2025-11-18;PROMESSA;0,0;Unique;HUMANO;Nov;12;Q4;11;0,0
2025-11-18;PROMESSA;0,0;Unique;HUMANO;Nov;12;Q4;11;0,0
2025-11-18;PROMESSA;0,0;Unique;HUMANO;Nov;12;Q4;11;0,0
2025-11-18;PROMESSA;0,0;Unique;HUMANO;Nov;12;Q4;11;0,0
2025-11-18;PROMESSA;0,0;Unique;HUMANO;Nov;12;Q4;11;0,0
2025-11-18;PROMESSA;0,0;Unique;HUMANO;Nov;12;Q4;11;0,0
2025-11-18;PROMESSA;0,0;Unique;HUMANO;Nov;12;Q4;11;0,0
2025-11-18;PROMESSA;0,0;Unique;HUMANO;Nov;12;Q4;11;0,0
2025-11-18;TRABALHADO;0,0;Unique;HUMANO;Nov;12;Q4;11;0,0
2025-11-18;TRABALHADO;0,0;Unique;HUMANO;Nov;12;Q4;11;0,0
2025-11-18;TRABALHADO;0,0;Unique;HUMANO;Nov;12;Q4;11;0,0
2025-11-18;TRABALHADO;0,0;Unique;HUMANO;Nov;12;Q4;11;0,0
2025-11-18;TRABALHADO;0,0;Unique;HUMANO;Nov;12;Q4;11;0,0
2025-11-18;TRABALHADO;0,0;Unique;HUMANO;Nov;12;Q4;11;0,0
2025-11-18;TRABALHADO;0,0;Unique;HUMANO;Nov;12;Q4;11;0,0
2025-11-18;TRABALHADO;0,0;Unique;HUMANO;Nov;12;Q4;11;0,0
2025-11-18;TRABALHADO;0,0;Unique;HUMANO;Nov;12;Q4;11;0,0
2025-11-18;TRABALHADO;0,0;Unique;HUMANO;Nov;12;Q4;11;0,0
2025-11-18;TRABALHADO;0,0;Unique;HUMANO;Nov;12;Q4;11;0,0
2025-11-18;TRABALHADO;5147,0;Unique;HUMANO;Nov;12;Q4;11;516010,15
2025-11-18;TRABALHADO;5502,0;Unique;HUMANO;Nov;12;Q4;11;741108,2
2025-11-18;TRABALHADO;5076,0;Unique;HUMANO;Nov;12;Q4;11;1091024,6
2025-11-18;TRABALHADO;4186,0;Unique;HUMANO;Nov;12;Q4;11;689314,2200000001
2025-11-18;TRABALHADO;4036,0;Unique;HUMANO;Nov;12;Q4;11;765410,8600000001
2025-11-18;TRABALHADO;3034,0;Unique;HUMANO;Nov;12;Q4;11;790157,91
2025-11-18;TRABALHADO;18974,0;Unique;HUMANO;Nov;12;Q4;11;3696601,83
2025-11-18;TRABALHADO;22989,0;Unique;HUMANO;Nov;12;Q4;11;10177373,920000002
2025-11-18;TRABALHADO;1504,0;Unique;HUMANO;Nov;12;Q4;11;382241,52
2025-11-19;ACIONAMENTOS;299,0;0-30;HUMANO;Nov;13;Q4;11;31413,66
2025-11-19;ACIONAMENTOS;0,0;0-30;HUMANO;Nov;13;Q4;11;0,0
2025-11-19;CPC;163,0;0-30;HUMANO;Nov;13;Q4;11;15182,52
2025-11-19;CPC;0,0;0-30;HUMANO;Nov;13;Q4;11;0,0
2025-11-19;CPCA;100,0;0-30;HUMANO;Nov;13;Q4;11;7655,7
2025-11-19;CPCA;0,0;0-30;HUMANO;Nov;13;Q4;11;0,0
2025-11-19;PROMESSA;76,0;0-30;HUMANO;Nov;13;Q4;11;4969,12
2025-11-19;PROMESSA;0,0;0-30;HUMANO;Nov;13;Q4;11;0,0
2025-11-19;TRABALHADO;0,0;0-30;HUMANO;Nov;13;Q4;11;0,0
2025-11-19;TRABALHADO;5685,0;0-30;HUMANO;Nov;13;Q4;11;575039,19
2025-11-19;ACIONAMENTOS;375,0;121-150;HUMANO;Nov;13;Q4;11;71892,23
2025-11-19;ACIONAMENTOS;7,0;121-150;HUMANO;Nov;13;Q4;11;1959,6599999999999
2025-11-19;CPC;90,0;121-150;HUMANO;Nov;13;Q4;11;16829,9
2025-11-19;CPC;0,0;121-150;HUMANO;Nov;13;Q4;11;0,0
2025-11-19;CPCA;64,0;121-150;HUMANO;Nov;13;Q4;11;11862,5
2025-11-19;CPCA;0,0;121-150;HUMANO;Nov;13;Q4;11;0,0
2025-11-19;PROMESSA;36,0;121-150;HUMANO;Nov;13;Q4;11;5280,280000000001
2025-11-19;PROMESSA;0,0;121-150;HUMANO;Nov;13;Q4;11;0,0
2025-11-19;TRABALHADO;0,0;121-150;HUMANO;Nov;13;Q4;11;0,0
2025-11-19;TRABALHADO;7503,0;121-150;HUMANO;Nov;13;Q4;11;1325396,01
2025-11-19;ACIONAMENTOS;366,0;151-180;HUMANO;Nov;13;Q4;11;97872,63
2025-11-19;ACIONAMENTOS;19,0;151-180;HUMANO;Nov;13;Q4;11;5414,46
2025-11-19;CPC;90,0;151-180;HUMANO;Nov;13;Q4;11;22311,329999999998
2025-11-19;CPC;0,0;151-180;HUMANO;Nov;13;Q4;11;0,0
2025-11-19;CPCA;59,0;151-180;HUMANO;Nov;13;Q4;11;14413,489999999998
2025-11-19;CPCA;0,0;151-180;HUMANO;Nov;13;Q4;11;0,0
2025-11-19;PROMESSA;20,0;151-180;HUMANO;Nov;13;Q4;11;4395,52
2025-11-19;PROMESSA;0,0;151-180;HUMANO;Nov;13;Q4;11;0,0
2025-11-19;TRABALHADO;0,0;151-180;HUMANO;Nov;13;Q4;11;0,0
2025-11-19;TRABALHADO;5041,0;151-180;HUMANO;Nov;13;Q4;11;1293680,2400000002
2025-11-19;ACIONAMENTOS;237,0;181-360;HUMANO;Nov;13;Q4;11;38927,53000000001
2025-11-19;ACIONAMENTOS;4,0;181-360;HUMANO;Nov;13;Q4;11;999,3100000000001
2025-11-19;CPC;121,0;181-360;HUMANO;Nov;13;Q4;11;18767,800000000003
2025-11-19;CPC;0,0;181-360;HUMANO;Nov;13;Q4;11;0,0
2025-11-19;CPCA;100,0;181-360;HUMANO;Nov;13;Q4;11;14320,86
2025-11-19;CPCA;0,0;181-360;HUMANO;Nov;13;Q4;11;0,0
2025-11-19;PROMESSA;59,0;181-360;HUMANO;Nov;13;Q4;11;8922,929999999998
2025-11-19;PROMESSA;0,0;181-360;HUMANO;Nov;13;Q4;11;0,0
2025-11-19;TRABALHADO;0,0;181-360;HUMANO;Nov;13;Q4;11;0,0
2025-11-19;TRABALHADO;19578,0;181-360;HUMANO;Nov;13;Q4;11;3847800,1200000006
2025-11-19;ACIONAMENTOS;388,0;31-60;HUMANO;Nov;13;Q4;11;68425,38
2025-11-19;ACIONAMENTOS;3,0;31-60;HUMANO;Nov;13;Q4;11;830,9599999999999
2025-11-19;CPC;137,0;31-60;HUMANO;Nov;13;Q4;11;20918,8
2025-11-19;CPC;0,0;31-60;HUMANO;Nov;13;Q4;11;0,0
2025-11-19;CPCA;91,0;31-60;HUMANO;Nov;13;Q4;11;14039,029999999999
2025-11-19;CPCA;0,0;31-60;HUMANO;Nov;13;Q4;11;0,0
2025-11-19;PROMESSA;54,0;31-60;HUMANO;Nov;13;Q4;11;8027,93
2025-11-19;PROMESSA;0,0;31-60;HUMANO;Nov;13;Q4;11;0,0
2025-11-19;TRABALHADO;0,0;31-60;HUMANO;Nov;13;Q4;11;0,0
2025-11-19;TRABALHADO;7380,0;31-60;HUMANO;Nov;13;Q4;11;1051934,9300000002
2025-11-19;ACIONAMENTOS;552,0;361-720;HUMANO;Nov;13;Q4;11;189453,77000000002
2025-11-19;ACIONAMENTOS;14,0;361-720;HUMANO;Nov;13;Q4;11;4571,5199999999995
2025-11-19;CPC;205,0;361-720;HUMANO;Nov;13;Q4;11;60518,350000000006
2025-11-19;CPC;0,0;361-720;HUMANO;Nov;13;Q4;11;0,0
2025-11-19;CPCA;158,0;361-720;HUMANO;Nov;13;Q4;11;48478,72
2025-11-19;CPCA;0,0;361-720;HUMANO;Nov;13;Q4;11;0,0
2025-11-19;PROMESSA;86,0;361-720;HUMANO;Nov;13;Q4;11;19604,600000000002
2025-11-19;PROMESSA;0,0;361-720;HUMANO;Nov;13;Q4;11;0,0
2025-11-19;TRABALHADO;0,0;361-720;HUMANO;Nov;13;Q4;11;0,0
2025-11-19;TRABALHADO;23009,0;361-720;HUMANO;Nov;13;Q4;11;10182597,91
2025-11-19;ACIONAMENTOS;455,0;61-90;HUMANO;Nov;13;Q4;11;102197,98
2025-11-19;ACIONAMENTOS;37,0;61-90;HUMANO;Nov;13;Q4;11;9378,690000000004
2025-11-19;CPC;150,0;61-90;HUMANO;Nov;13;Q4;11;29493,71
2025-11-19;CPC;0,0;61-90;HUMANO;Nov;13;Q4;11;0,0
2025-11-19;CPCA;112,0;61-90;HUMANO;Nov;13;Q4;11;22980,75
2025-11-19;CPCA;0,0;61-90;HUMANO;Nov;13;Q4;11;0,0
2025-11-19;PROMESSA;37,0;61-90;HUMANO;Nov;13;Q4;11;5879,39
2025-11-19;PROMESSA;0,0;61-90;HUMANO;Nov;13;Q4;11;0,0
2025-11-19;TRABALHADO;0,0;61-90;HUMANO;Nov;13;Q4;11;0,0
2025-11-19;TRABALHADO;6035,0;61-90;HUMANO;Nov;13;Q4;11;1275611,21
2025-11-19;ACIONAMENTOS;444,0;91-120;HUMANO;Nov;13;Q4;11;79974,59
2025-11-19;ACIONAMENTOS;14,0;91-120;HUMANO;Nov;13;Q4;11;2482,61
2025-11-19;CPC;114,0;91-120;HUMANO;Nov;13;Q4;11;21422,780000000002
2025-11-19;CPC;0,0;91-120;HUMANO;Nov;13;Q4;11;0,0
2025-11-19;CPCA;79,0;91-120;HUMANO;Nov;13;Q4;11;14975,059999999994
2025-11-19;CPCA;0,0;91-120;HUMANO;Nov;13;Q4;11;0,0
2025-11-19;PROMESSA;27,0;91-120;HUMANO;Nov;13;Q4;11;5421,750000000001
2025-11-19;PROMESSA;0,0;91-120;HUMANO;Nov;13;Q4;11;0,0
2025-11-19;TRABALHADO;0,0;91-120;HUMANO;Nov;13;Q4;11;0,0
2025-11-19;TRABALHADO;7797,0;91-120;HUMANO;Nov;13;Q4;11;1366230,5
2025-11-19;ACIONAMENTOS;8,0;Esforço;HUMANO;Nov;13;Q4;11;1021,95
2025-11-19;ACIONAMENTOS;319,0;Esforço;HUMANO;Nov;13;Q4;11;33799,729999999996
2025-11-19;ACIONAMENTOS;435,0;Esforço;HUMANO;Nov;13;Q4;11;77684,05
2025-11-19;ACIONAMENTOS;545,0;Esforço;HUMANO;Nov;13;Q4;11;123987,87
2025-11-19;ACIONAMENTOS;507,0;Esforço;HUMANO;Nov;13;Q4;11;92326,65
2025-11-19;ACIONAMENTOS;449,0;Esforço;HUMANO;Nov;13;Q4;11;86718,0
2025-11-19;ACIONAMENTOS;423,0;Esforço;HUMANO;Nov;13;Q4;11;114381,73000000003
2025-11-19;ACIONAMENTOS;246,0;Esforço;HUMANO;Nov;13;Q4;11;41142,200000000004
2025-11-19;ACIONAMENTOS;735,0;Esforço;HUMANO;Nov;13;Q4;11;244320,13
2025-11-19;ACIONAMENTOS;2,0;Esforço;HUMANO;Nov;13;Q4;11;150,98000000000002
2025-11-19;ACIONAMENTOS;0,0;Esforço;HUMANO;Nov;13;Q4;11;0,0
2025-11-19;ACIONAMENTOS;0,0;Esforço;HUMANO;Nov;13;Q4;11;0,0
2025-11-19;ACIONAMENTOS;3,0;Esforço;HUMANO;Nov;13;Q4;11;830,96
2025-11-19;ACIONAMENTOS;37,0;Esforço;HUMANO;Nov;13;Q4;11;9378,69
2025-11-19;ACIONAMENTOS;14,0;Esforço;HUMANO;Nov;13;Q4;11;2482,6099999999997
2025-11-19;ACIONAMENTOS;7,0;Esforço;HUMANO;Nov;13;Q4;11;1959,6599999999999
2025-11-19;ACIONAMENTOS;19,0;Esforço;HUMANO;Nov;13;Q4;11;5414,460000000001
2025-11-19;ACIONAMENTOS;4,0;Esforço;HUMANO;Nov;13;Q4;11;999,3100000000001
2025-11-19;ACIONAMENTOS;14,0;Esforço;HUMANO;Nov;13;Q4;11;4571,52
2025-11-19;ACIONAMENTOS;0,0;Esforço;HUMANO;Nov;13;Q4;11;0,0
2025-11-19;CPC;7,0;Esforço;HUMANO;Nov;13;Q4;11;862,15
2025-11-19;CPC;170,0;Esforço;HUMANO;Nov;13;Q4;11;15573,859999999999
2025-11-19;CPC;143,0;Esforço;HUMANO;Nov;13;Q4;11;21859,76
2025-11-19;CPC;158,0;Esforço;HUMANO;Nov;13;Q4;11;30602,44
2025-11-19;CPC;120,0;Esforço;HUMANO;Nov;13;Q4;11;23239,730000000003
2025-11-19;CPC;93,0;Esforço;HUMANO;Nov;13;Q4;11;17175,600000000002
2025-11-19;CPC;91,0;Esforço;HUMANO;Nov;13;Q4;11;22624,59
2025-11-19;CPC;125,0;Esforço;HUMANO;Nov;13;Q4;11;19725,790000000005
2025-11-19;CPC;222,0;Esforço;HUMANO;Nov;13;Q4;11;63249,04
2025-11-19;CPC;0,0;Esforço;HUMANO;Nov;13;Q4;11;0,0
2025-11-19;CPC;0,0;Esforço;HUMANO;Nov;13;Q4;11;0,0
2025-11-19;CPC;0,0;Esforço;HUMANO;Nov;13;Q4;11;0,0
2025-11-19;CPC;0,0;Esforço;HUMANO;Nov;13;Q4;11;0,0
2025-11-19;CPC;0,0;Esforço;HUMANO;Nov;13;Q4;11;0,0
2025-11-19;CPC;0,0;Esforço;HUMANO;Nov;13;Q4;11;0,0
2025-11-19;CPC;0,0;Esforço;HUMANO;Nov;13;Q4;11;0,0
2025-11-19;CPC;0,0;Esforço;HUMANO;Nov;13;Q4;11;0,0
2025-11-19;CPC;0,0;Esforço;HUMANO;Nov;13;Q4;11;0,0
2025-11-19;CPC;0,0;Esforço;HUMANO;Nov;13;Q4;11;0,0
2025-11-19;CPC;0,0;Esforço;HUMANO;Nov;13;Q4;11;0,0
2025-11-19;CPCA;5,0;Esforço;HUMANO;Nov;13;Q4;11;505,16999999999996
2025-11-19;CPCA;105,0;Esforço;HUMANO;Nov;13;Q4;11;7937,24
2025-11-19;CPCA;95,0;Esforço;HUMANO;Nov;13;Q4;11;14760,389999999998
2025-11-19;CPCA;116,0;Esforço;HUMANO;Nov;13;Q4;11;23501,540000000005
2025-11-19;CPCA;84,0;Esforço;HUMANO;Nov;13;Q4;11;16617,89
2025-11-19;CPCA;66,0;Esforço;HUMANO;Nov;13;Q4;11;12179,429999999997
2025-11-19;CPCA;59,0;Esforço;HUMANO;Nov;13;Q4;11;14413,49
2025-11-19;CPCA;102,0;Esforço;HUMANO;Nov;13;Q4;11;14399,849999999997
2025-11-19;CPCA;165,0;Esforço;HUMANO;Nov;13;Q4;11;49154,89
2025-11-19;CPCA;0,0;Esforço;HUMANO;Nov;13;Q4;11;0,0
2025-11-19;CPCA;0,0;Esforço;HUMANO;Nov;13;Q4;11;0,0
2025-11-19;CPCA;0,0;Esforço;HUMANO;Nov;13;Q4;11;0,0
2025-11-19;CPCA;0,0;Esforço;HUMANO;Nov;13;Q4;11;0,0
2025-11-19;CPCA;0,0;Esforço;HUMANO;Nov;13;Q4;11;0,0
2025-11-19;CPCA;0,0;Esforço;HUMANO;Nov;13;Q4;11;0,0
2025-11-19;CPCA;0,0;Esforço;HUMANO;Nov;13;Q4;11;0,0
2025-11-19;CPCA;0,0;Esforço;HUMANO;Nov;13;Q4;11;0,0
2025-11-19;CPCA;0,0;Esforço;HUMANO;Nov;13;Q4;11;0,0
2025-11-19;CPCA;0,0;Esforço;HUMANO;Nov;13;Q4;11;0,0
2025-11-19;CPCA;0,0;Esforço;HUMANO;Nov;13;Q4;11;0,0
2025-11-19;PROMESSA;1,0;Esforço;HUMANO;Nov;13;Q4;11;79,9
2025-11-19;PROMESSA;81,0;Esforço;HUMANO;Nov;13;Q4;11;5250,66
2025-11-19;PROMESSA;57,0;Esforço;HUMANO;Nov;13;Q4;11;8594,45
2025-11-19;PROMESSA;38,0;Esforço;HUMANO;Nov;13;Q4;11;5909,290000000001
2025-11-19;PROMESSA;29,0;Esforço;HUMANO;Nov;13;Q4;11;6033,09
2025-11-19;PROMESSA;36,0;Esforço;HUMANO;Nov;13;Q4;11;5280,28
2025-11-19;PROMESSA;20,0;Esforço;HUMANO;Nov;13;Q4;11;4395,52
2025-11-19;PROMESSA;60,0;Esforço;HUMANO;Nov;13;Q4;11;8947,039999999999
2025-11-19;PROMESSA;89,0;Esforço;HUMANO;Nov;13;Q4;11;19786,21
2025-11-19;PROMESSA;0,0;Esforço;HUMANO;Nov;13;Q4;11;0,0
2025-11-19;PROMESSA;0,0;Esforço;HUMANO;Nov;13;Q4;11;0,0
2025-11-19;PROMESSA;0,0;Esforço;HUMANO;Nov;13;Q4;11;0,0
2025-11-19;PROMESSA;0,0;Esforço;HUMANO;Nov;13;Q4;11;0,0
2025-11-19;PROMESSA;0,0;Esforço;HUMANO;Nov;13;Q4;11;0,0
2025-11-19;PROMESSA;0,0;Esforço;HUMANO;Nov;13;Q4;11;0,0
2025-11-19;PROMESSA;0,0;Esforço;HUMANO;Nov;13;Q4;11;0,0
2025-11-19;PROMESSA;0,0;Esforço;HUMANO;Nov;13;Q4;11;0,0
2025-11-19;PROMESSA;0,0;Esforço;HUMANO;Nov;13;Q4;11;0,0
2025-11-19;PROMESSA;0,0;Esforço;HUMANO;Nov;13;Q4;11;0,0
2025-11-19;PROMESSA;0,0;Esforço;HUMANO;Nov;13;Q4;11;0,0
2025-11-19;TRABALHADO;0,0;Esforço;HUMANO;Nov;13;Q4;11;0,0
2025-11-19;TRABALHADO;0,0;Esforço;HUMANO;Nov;13;Q4;11;0,0
2025-11-19;TRABALHADO;0,0;Esforço;HUMANO;Nov;13;Q4;11;0,0
2025-11-19;TRABALHADO;0,0;Esforço;HUMANO;Nov;13;Q4;11;0,0
2025-11-19;TRABALHADO;0,0;Esforço;HUMANO;Nov;13;Q4;11;0,0
2025-11-19;TRABALHADO;0,0;Esforço;HUMANO;Nov;13;Q4;11;0,0
2025-11-19;TRABALHADO;0,0;Esforço;HUMANO;Nov;13;Q4;11;0,0
2025-11-19;TRABALHADO;0,0;Esforço;HUMANO;Nov;13;Q4;11;0,0
2025-11-19;TRABALHADO;0,0;Esforço;HUMANO;Nov;13;Q4;11;0,0
2025-11-19;TRABALHADO;0,0;Esforço;HUMANO;Nov;13;Q4;11;0,0
2025-11-19;TRABALHADO;1,0;Esforço;HUMANO;Nov;13;Q4;11;79,9
2025-11-19;TRABALHADO;9493,0;Esforço;HUMANO;Nov;13;Q4;11;1314914,5499999998
2025-11-19;TRABALHADO;25995,0;Esforço;HUMANO;Nov;13;Q4;11;4877253,32
2025-11-19;TRABALHADO;39982,0;Esforço;HUMANO;Nov;13;Q4;11;9250411,55
2025-11-19;TRABALHADO;40866,0;Esforço;HUMANO;Nov;13;Q4;11;7537904,889999999
2025-11-19;TRABALHADO;37385,0;Esforço;HUMANO;Nov;13;Q4;11;7404249,459999999
2025-11-19;TRABALHADO;39308,0;Esforço;HUMANO;Nov;13;Q4;11;11191114,310000002
2025-11-19;TRABALHADO;100960,0;Esforço;HUMANO;Nov;13;Q4;11;20279263,729999997
2025-11-19;TRABALHADO;127232,0;Esforço;HUMANO;Nov;13;Q4;11;58802057,849999994
2025-11-19;TRABALHADO;1794,0;Esforço;HUMANO;Nov;13;Q4;11;446727,88
2025-11-19;ACIONAMENTOS;2,0;Maior 720;HUMANO;Nov;13;Q4;11;150,98000000000002
2025-11-19;ACIONAMENTOS;0,0;Maior 720;HUMANO;Nov;13;Q4;11;0,0
2025-11-19;CPC;0,0;Maior 720;HUMANO;Nov;13;Q4;11;0,0
2025-11-19;CPC;0,0;Maior 720;HUMANO;Nov;13;Q4;11;0,0
2025-11-19;CPCA;0,0;Maior 720;HUMANO;Nov;13;Q4;11;0,0
2025-11-19;CPCA;0,0;Maior 720;HUMANO;Nov;13;Q4;11;0,0
2025-11-19;PROMESSA;0,0;Maior 720;HUMANO;Nov;13;Q4;11;0,0
2025-11-19;PROMESSA;0,0;Maior 720;HUMANO;Nov;13;Q4;11;0,0
2025-11-19;TRABALHADO;0,0;Maior 720;HUMANO;Nov;13;Q4;11;0,0
2025-11-19;TRABALHADO;1504,0;Maior 720;HUMANO;Nov;13;Q4;11;382241,52
2025-11-19;ACIONAMENTOS;7,0;Preventivo;HUMANO;Nov;13;Q4;11;942,05
2025-11-19;ACIONAMENTOS;0,0;Preventivo;HUMANO;Nov;13;Q4;11;0,0
2025-11-19;CPC;6,0;Preventivo;HUMANO;Nov;13;Q4;11;782,25
2025-11-19;CPC;0,0;Preventivo;HUMANO;Nov;13;Q4;11;0,0
2025-11-19;CPCA;4,0;Preventivo;HUMANO;Nov;13;Q4;11;425,27
2025-11-19;CPCA;0,0;Preventivo;HUMANO;Nov;13;Q4;11;0,0
2025-11-19;PROMESSA;1,0;Preventivo;HUMANO;Nov;13;Q4;11;79,9
2025-11-19;PROMESSA;0,0;Preventivo;HUMANO;Nov;13;Q4;11;0,0
2025-11-19;TRABALHADO;0,0;Preventivo;HUMANO;Nov;13;Q4;11;0,0
2025-11-19;TRABALHADO;1,0;Preventivo;HUMANO;Nov;13;Q4;11;79,9
2025-11-19;ACIONAMENTOS;6,0;Unique;HUMANO;Nov;13;Q4;11;650,1899999999999
2025-11-19;ACIONAMENTOS;281,0;Unique;HUMANO;Nov;13;Q4;11;27072,92
2025-11-19;ACIONAMENTOS;368,0;Unique;HUMANO;Nov;13;Q4;11;65552,45
2025-11-19;ACIONAMENTOS;426,0;Unique;HUMANO;Nov;13;Q4;11;95378,76000000001
2025-11-19;ACIONAMENTOS;405,0;Unique;HUMANO;Nov;13;Q4;11;71823,68
2025-11-19;ACIONAMENTOS;329,0;Unique;HUMANO;Nov;13;Q4;11;63445,97
2025-11-19;ACIONAMENTOS;350,0;Unique;HUMANO;Nov;13;Q4;11;93449,95999999999
2025-11-19;ACIONAMENTOS;235,0;Unique;HUMANO;Nov;13;Q4;11;38510,37000000001
2025-11-19;ACIONAMENTOS;547,0;Unique;HUMANO;Nov;13;Q4;11;188113,22999999998
2025-11-19;ACIONAMENTOS;2,0;Unique;HUMANO;Nov;13;Q4;11;150,98000000000002
2025-11-19;ACIONAMENTOS;0,0;Unique;HUMANO;Nov;13;Q4;11;0,0
2025-11-19;ACIONAMENTOS;0,0;Unique;HUMANO;Nov;13;Q4;11;0,0
2025-11-19;ACIONAMENTOS;3,0;Unique;HUMANO;Nov;13;Q4;11;830,9599999999999
2025-11-19;ACIONAMENTOS;37,0;Unique;HUMANO;Nov;13;Q4;11;9378,690000000004
2025-11-19;ACIONAMENTOS;14,0;Unique;HUMANO;Nov;13;Q4;11;2482,61
2025-11-19;ACIONAMENTOS;7,0;Unique;HUMANO;Nov;13;Q4;11;1959,6599999999999
2025-11-19;ACIONAMENTOS;19,0;Unique;HUMANO;Nov;13;Q4;11;5414,46
2025-11-19;ACIONAMENTOS;4,0;Unique;HUMANO;Nov;13;Q4;11;999,3100000000001
2025-11-19;ACIONAMENTOS;14,0;Unique;HUMANO;Nov;13;Q4;11;4571,5199999999995
2025-11-19;ACIONAMENTOS;0,0;Unique;HUMANO;Nov;13;Q4;11;0,0
2025-11-19;CPC;5,0;Unique;HUMANO;Nov;13;Q4;11;490,39
2025-11-19;CPC;156,0;Unique;HUMANO;Nov;13;Q4;11;13225,73
2025-11-19;CPC;133,0;Unique;HUMANO;Nov;13;Q4;11;20589,399999999998
2025-11-19;CPC;148,0;Unique;HUMANO;Nov;13;Q4;11;29289,690000000002
2025-11-19;CPC;107,0;Unique;HUMANO;Nov;13;Q4;11;20172,12
2025-11-19;CPC;89,0;Unique;HUMANO;Nov;13;Q4;11;16670,460000000003
2025-11-19;CPC;88,0;Unique;HUMANO;Nov;13;Q4;11;21794,370000000003
2025-11-19;CPC;120,0;Unique;HUMANO;Nov;13;Q4;11;18532,4
2025-11-19;CPC;205,0;Unique;HUMANO;Nov;13;Q4;11;60518,350000000006
2025-11-19;CPC;0,0;Unique;HUMANO;Nov;13;Q4;11;0,0
2025-11-19;CPC;0,0;Unique;HUMANO;Nov;13;Q4;11;0,0
2025-11-19;CPC;0,0;Unique;HUMANO;Nov;13;Q4;11;0,0
2025-11-19;CPC;0,0;Unique;HUMANO;Nov;13;Q4;11;0,0
2025-11-19;CPC;0,0;Unique;HUMANO;Nov;13;Q4;11;0,0
2025-11-19;CPC;0,0;Unique;HUMANO;Nov;13;Q4;11;0,0
2025-11-19;CPC;0,0;Unique;HUMANO;Nov;13;Q4;11;0,0
2025-11-19;CPC;0,0;Unique;HUMANO;Nov;13;Q4;11;0,0
2025-11-19;CPC;0,0;Unique;HUMANO;Nov;13;Q4;11;0,0
2025-11-19;CPC;0,0;Unique;HUMANO;Nov;13;Q4;11;0,0
2025-11-19;CPC;0,0;Unique;HUMANO;Nov;13;Q4;11;0,0
2025-11-19;CPCA;4,0;Unique;HUMANO;Nov;13;Q4;11;425,27
2025-11-19;CPCA;99,0;Unique;HUMANO;Nov;13;Q4;11;7625,8
2025-11-19;CPCA;88,0;Unique;HUMANO;Nov;13;Q4;11;13869,43
2025-11-19;CPCA;112,0;Unique;HUMANO;Nov;13;Q4;11;22980,75
2025-11-19;CPCA;75,0;Unique;HUMANO;Nov;13;Q4;11;14232,439999999999
2025-11-19;CPCA;64,0;Unique;HUMANO;Nov;13;Q4;11;11862,5
2025-11-19;CPCA;58,0;Unique;HUMANO;Nov;13;Q4;11;14100,23
2025-11-19;CPCA;100,0;Unique;HUMANO;Nov;13;Q4;11;14320,86
2025-11-19;CPCA;158,0;Unique;HUMANO;Nov;13;Q4;11;48478,72
2025-11-19;CPCA;0,0;Unique;HUMANO;Nov;13;Q4;11;0,0
2025-11-19;CPCA;0,0;Unique;HUMANO;Nov;13;Q4;11;0,0
2025-11-19;CPCA;0,0;Unique;HUMANO;Nov;13;Q4;11;0,0
2025-11-19;CPCA;0,0;Unique;HUMANO;Nov;13;Q4;11;0,0
2025-11-19;CPCA;0,0;Unique;HUMANO;Nov;13;Q4;11;0,0
2025-11-19;CPCA;0,0;Unique;HUMANO;Nov;13;Q4;11;0,0
2025-11-19;CPCA;0,0;Unique;HUMANO;Nov;13;Q4;11;0,0
2025-11-19;CPCA;0,0;Unique;HUMANO;Nov;13;Q4;11;0,0
2025-11-19;CPCA;0,0;Unique;HUMANO;Nov;13;Q4;11;0,0
2025-11-19;CPCA;0,0;Unique;HUMANO;Nov;13;Q4;11;0,0
2025-11-19;CPCA;0,0;Unique;HUMANO;Nov;13;Q4;11;0,0
2025-11-19;PROMESSA;1,0;Unique;HUMANO;Nov;13;Q4;11;79,9
2025-11-19;PROMESSA;76,0;Unique;HUMANO;Nov;13;Q4;11;4969,12
2025-11-19;PROMESSA;54,0;Unique;HUMANO;Nov;13;Q4;11;8027,93
2025-11-19;PROMESSA;37,0;Unique;HUMANO;Nov;13;Q4;11;5879,39
2025-11-19;PROMESSA;27,0;Unique;HUMANO;Nov;13;Q4;11;5421,750000000001
2025-11-19;PROMESSA;36,0;Unique;HUMANO;Nov;13;Q4;11;5280,280000000001
2025-11-19;PROMESSA;20,0;Unique;HUMANO;Nov;13;Q4;11;4395,52
2025-11-19;PROMESSA;59,0;Unique;HUMANO;Nov;13;Q4;11;8922,929999999998
2025-11-19;PROMESSA;86,0;Unique;HUMANO;Nov;13;Q4;11;19604,600000000002
2025-11-19;PROMESSA;0,0;Unique;HUMANO;Nov;13;Q4;11;0,0
2025-11-19;PROMESSA;0,0;Unique;HUMANO;Nov;13;Q4;11;0,0
2025-11-19;PROMESSA;0,0;Unique;HUMANO;Nov;13;Q4;11;0,0
2025-11-19;PROMESSA;0,0;Unique;HUMANO;Nov;13;Q4;11;0,0
2025-11-19;PROMESSA;0,0;Unique;HUMANO;Nov;13;Q4;11;0,0
2025-11-19;PROMESSA;0,0;Unique;HUMANO;Nov;13;Q4;11;0,0
2025-11-19;PROMESSA;0,0;Unique;HUMANO;Nov;13;Q4;11;0,0
2025-11-19;PROMESSA;0,0;Unique;HUMANO;Nov;13;Q4;11;0,0
2025-11-19;PROMESSA;0,0;Unique;HUMANO;Nov;13;Q4;11;0,0
2025-11-19;PROMESSA;0,0;Unique;HUMANO;Nov;13;Q4;11;0,0
2025-11-19;PROMESSA;0,0;Unique;HUMANO;Nov;13;Q4;11;0,0
2025-11-19;TRABALHADO;0,0;Unique;HUMANO;Nov;13;Q4;11;0,0
2025-11-19;TRABALHADO;0,0;Unique;HUMANO;Nov;13;Q4;11;0,0
2025-11-19;TRABALHADO;0,0;Unique;HUMANO;Nov;13;Q4;11;0,0
2025-11-19;TRABALHADO;0,0;Unique;HUMANO;Nov;13;Q4;11;0,0
2025-11-19;TRABALHADO;0,0;Unique;HUMANO;Nov;13;Q4;11;0,0
2025-11-19;TRABALHADO;0,0;Unique;HUMANO;Nov;13;Q4;11;0,0
2025-11-19;TRABALHADO;0,0;Unique;HUMANO;Nov;13;Q4;11;0,0
2025-11-19;TRABALHADO;0,0;Unique;HUMANO;Nov;13;Q4;11;0,0
2025-11-19;TRABALHADO;0,0;Unique;HUMANO;Nov;13;Q4;11;0,0
2025-11-19;TRABALHADO;0,0;Unique;HUMANO;Nov;13;Q4;11;0,0
2025-11-19;TRABALHADO;0,0;Unique;HUMANO;Nov;13;Q4;11;0,0
2025-11-19;TRABALHADO;5461,0;Unique;HUMANO;Nov;13;Q4;11;529193,81
2025-11-19;TRABALHADO;6250,0;Unique;HUMANO;Nov;13;Q4;11;839505,7500000001
2025-11-19;TRABALHADO;5208,0;Unique;HUMANO;Nov;13;Q4;11;1103938,2799999998
2025-11-19;TRABALHADO;4622,0;Unique;HUMANO;Nov;13;Q4;11;713745,8599999999
2025-11-19;TRABALHADO;4826,0;Unique;HUMANO;Nov;13;Q4;11;816769,91
2025-11-19;TRABALHADO;3188,0;Unique;HUMANO;Nov;13;Q4;11;802488,5700000001
2025-11-19;TRABALHADO;18989,0;Unique;HUMANO;Nov;13;Q4;11;3698355,6599999997
2025-11-19;TRABALHADO;22989,0;Unique;HUMANO;Nov;13;Q4;11;10177373,920000002
2025-11-19;TRABALHADO;1504,0;Unique;HUMANO;Nov;13;Q4;11;382241,52
